User_ID,Purchased_Coverage_Bundle
USR_060868,Basic_Health
USR_060869,Basic_Health
USR_060870,Basic_Health
USR_060871,Basic_Health
USR_060872,Basic_Health
USR_060873,Basic_Health
USR_060874,Basic_Health
USR_060875,Premium_Health_Life
USR_060876,Family_Comprehensive
USR_060877,Basic_Health
USR_060878,Health_Dental_Vision
USR_060879,Auto_Liability_Basic
USR_060880,Basic_Health
USR_060881,Basic_Health
USR_060882,Basic_Health
USR_060883,Basic_Health
USR_060884,Basic_Health
USR_060885,Basic_Health
USR_060886,Basic_Health
USR_060887,Health_Dental_Vision
USR_060888,Basic_Health
USR_060889,Basic_Health
USR_060890,Basic_Health
USR_060891,Health_Dental_Vision
USR_060892,Basic_Health
USR_060893,Basic_Health
USR_060894,Basic_Health
USR_060895,Basic_Health
USR_060896,Basic_Health
USR_060897,Basic_Health
USR_060898,Basic_Health
USR_060899,Basic_Health
USR_060900,Health_Dental_Vision
USR_060901,Auto_Liability_Basic
USR_060902,Basic_Health
USR_060903,Basic_Health
USR_060904,Family_Comprehensive
USR_060905,Basic_Health
USR_060906,Family_Comprehensive
USR_060907,Health_Dental_Vision
USR_060908,Family_Comprehensive
USR_060909,Auto_Liability_Basic
USR_060910,Family_Comprehensive
USR_060911,Basic_Health
USR_060912,Basic_Health
USR_060913,Basic_Health
USR_060914,Basic_Health
USR_060915,Basic_Health
USR_060916,Auto_Liability_Basic
USR_060917,Health_Dental_Vision
USR_060918,Basic_Health
USR_060919,Basic_Health
USR_060920,Basic_Health
USR_060921,Basic_Health
USR_060922,Basic_Health
USR_060923,Basic_Health
USR_060924,Basic_Health
USR_060925,Home_Premium
USR_060926,Basic_Health
USR_060927,Basic_Health
USR_060928,Auto_Liability_Basic
USR_060929,Auto_Liability_Basic
USR_060930,Basic_Health
USR_060931,Basic_Health
USR_060932,Family_Comprehensive
USR_060933,Auto_Liability_Basic
USR_060934,Basic_Health
USR_060935,Basic_Health
USR_060936,Basic_Health
USR_060937,Basic_Health
USR_060938,Basic_Health
USR_060939,Basic_Health
USR_060940,Basic_Health
USR_060941,Basic_Health
USR_060942,Basic_Health
USR_060943,Basic_Health
USR_060944,Auto_Liability_Basic
USR_060945,Basic_Health
USR_060946,Health_Dental_Vision
USR_060947,Basic_Health
USR_060948,Basic_Health
USR_060949,Basic_Health
USR_060950,Basic_Health
USR_060951,Basic_Health
USR_060952,Basic_Health
USR_060953,Health_Dental_Vision
USR_060954,Basic_Health
USR_060955,Basic_Health
USR_060956,Basic_Health
USR_060957,Family_Comprehensive
USR_060958,Basic_Health
USR_060959,Basic_Health
USR_060960,Basic_Health
USR_060961,Basic_Health
USR_060962,Basic_Health
USR_060963,Basic_Health
USR_060964,Basic_Health
USR_060965,Basic_Health
USR_060966,Basic_Health
USR_060967,Family_Comprehensive
USR_060968,Basic_Health
USR_060969,Basic_Health
USR_060970,Health_Dental_Vision
USR_060971,Basic_Health
USR_060972,Basic_Health
USR_060973,Basic_Health
USR_060974,Basic_Health
USR_060975,Basic_Health
USR_060976,Basic_Health
USR_060977,Basic_Health
USR_060978,Health_Dental_Vision
USR_060979,Basic_Health
USR_060980,Basic_Health
USR_060981,Family_Comprehensive
USR_060982,Basic_Health
USR_060983,Basic_Health
USR_060984,Health_Dental_Vision
USR_060985,Basic_Health
USR_060986,Basic_Health
USR_060987,Basic_Health
USR_060988,Basic_Health
USR_060989,Basic_Health
USR_060990,Basic_Health
USR_060991,Auto_Liability_Basic
USR_060992,Basic_Health
USR_060993,Basic_Health
USR_060994,Health_Dental_Vision
USR_060995,Basic_Health
USR_060996,Basic_Health
USR_060997,Premium_Health_Life
USR_060998,Basic_Health
USR_060999,Basic_Health
USR_061000,Basic_Health
USR_061001,Auto_Liability_Basic
USR_061002,Basic_Health
USR_061003,Basic_Health
USR_061004,Family_Comprehensive
USR_061005,Health_Dental_Vision
USR_061006,Home_Premium
USR_061007,Basic_Health
USR_061008,Basic_Health
USR_061009,Basic_Health
USR_061010,Basic_Health
USR_061011,Basic_Health
USR_061012,Health_Dental_Vision
USR_061013,Health_Dental_Vision
USR_061014,Basic_Health
USR_061015,Basic_Health
USR_061016,Health_Dental_Vision
USR_061017,Health_Dental_Vision
USR_061018,Home_Standard
USR_061019,Basic_Health
USR_061020,Family_Comprehensive
USR_061021,Basic_Health
USR_061022,Basic_Health
USR_061023,Basic_Health
USR_061024,Basic_Health
USR_061025,Basic_Health
USR_061026,Family_Comprehensive
USR_061027,Basic_Health
USR_061028,Health_Dental_Vision
USR_061029,Basic_Health
USR_061030,Basic_Health
USR_061031,Basic_Health
USR_061032,Basic_Health
USR_061033,Basic_Health
USR_061034,Basic_Health
USR_061035,Basic_Health
USR_061036,Basic_Health
USR_061037,Basic_Health
USR_061038,Health_Dental_Vision
USR_061039,Basic_Health
USR_061040,Basic_Health
USR_061041,Basic_Health
USR_061042,Basic_Health
USR_061043,Basic_Health
USR_061044,Basic_Health
USR_061045,Basic_Health
USR_061046,Basic_Health
USR_061047,Basic_Health
USR_061048,Basic_Health
USR_061049,Family_Comprehensive
USR_061050,Basic_Health
USR_061051,Health_Dental_Vision
USR_061052,Basic_Health
USR_061053,Family_Comprehensive
USR_061054,Basic_Health
USR_061055,Basic_Health
USR_061056,Home_Standard
USR_061057,Basic_Health
USR_061058,Basic_Health
USR_061059,Basic_Health
USR_061060,Home_Standard
USR_061061,Basic_Health
USR_061062,Premium_Health_Life
USR_061063,Basic_Health
USR_061064,Basic_Health
USR_061065,Basic_Health
USR_061066,Basic_Health
USR_061067,Basic_Health
USR_061068,Health_Dental_Vision
USR_061069,Basic_Health
USR_061070,Basic_Health
USR_061071,Basic_Health
USR_061072,Basic_Health
USR_061073,Auto_Liability_Basic
USR_061074,Basic_Health
USR_061075,Basic_Health
USR_061076,Basic_Health
USR_061077,Basic_Health
USR_061078,Basic_Health
USR_061079,Health_Dental_Vision
USR_061080,Health_Dental_Vision
USR_061081,Basic_Health
USR_061082,Basic_Health
USR_061083,Basic_Health
USR_061084,Basic_Health
USR_061085,Basic_Health
USR_061086,Basic_Health
USR_061087,Basic_Health
USR_061088,Family_Comprehensive
USR_061089,Basic_Health
USR_061090,Health_Dental_Vision
USR_061091,Family_Comprehensive
USR_061092,Basic_Health
USR_061093,Auto_Liability_Basic
USR_061094,Basic_Health
USR_061095,Family_Comprehensive
USR_061096,Health_Dental_Vision
USR_061097,Health_Dental_Vision
USR_061098,Basic_Health
USR_061099,Basic_Health
USR_061100,Basic_Health
USR_061101,Basic_Health
USR_061102,Basic_Health
USR_061103,Family_Comprehensive
USR_061104,Premium_Health_Life
USR_061105,Basic_Health
USR_061106,Basic_Health
USR_061107,Health_Dental_Vision
USR_061108,Basic_Health
USR_061109,Health_Dental_Vision
USR_061110,Basic_Health
USR_061111,Basic_Health
USR_061112,Basic_Health
USR_061113,Basic_Health
USR_061114,Basic_Health
USR_061115,Family_Comprehensive
USR_061116,Basic_Health
USR_061117,Basic_Health
USR_061118,Basic_Health
USR_061119,Basic_Health
USR_061120,Basic_Health
USR_061121,Basic_Health
USR_061122,Basic_Health
USR_061123,Health_Dental_Vision
USR_061124,Basic_Health
USR_061125,Health_Dental_Vision
USR_061126,Basic_Health
USR_061127,Basic_Health
USR_061128,Basic_Health
USR_061129,Basic_Health
USR_061130,Basic_Health
USR_061131,Auto_Liability_Basic
USR_061132,Basic_Health
USR_061133,Basic_Health
USR_061134,Family_Comprehensive
USR_061135,Basic_Health
USR_061136,Health_Dental_Vision
USR_061137,Basic_Health
USR_061138,Basic_Health
USR_061139,Basic_Health
USR_061140,Basic_Health
USR_061141,Basic_Health
USR_061142,Health_Dental_Vision
USR_061143,Basic_Health
USR_061144,Basic_Health
USR_061145,Basic_Health
USR_061146,Basic_Health
USR_061147,Basic_Health
USR_061148,Basic_Health
USR_061149,Basic_Health
USR_061150,Health_Dental_Vision
USR_061151,Family_Comprehensive
USR_061152,Basic_Health
USR_061153,Basic_Health
USR_061154,Basic_Health
USR_061155,Basic_Health
USR_061156,Health_Dental_Vision
USR_061157,Basic_Health
USR_061158,Basic_Health
USR_061159,Basic_Health
USR_061160,Basic_Health
USR_061161,Basic_Health
USR_061162,Basic_Health
USR_061163,Basic_Health
USR_061164,Health_Dental_Vision
USR_061165,Health_Dental_Vision
USR_061166,Auto_Liability_Basic
USR_061167,Basic_Health
USR_061168,Auto_Liability_Basic
USR_061169,Basic_Health
USR_061170,Basic_Health
USR_061171,Basic_Health
USR_061172,Home_Standard
USR_061173,Basic_Health
USR_061174,Basic_Health
USR_061175,Basic_Health
USR_061176,Basic_Health
USR_061177,Basic_Health
USR_061178,Premium_Health_Life
USR_061179,Basic_Health
USR_061180,Basic_Health
USR_061181,Basic_Health
USR_061182,Auto_Liability_Basic
USR_061183,Basic_Health
USR_061184,Basic_Health
USR_061185,Basic_Health
USR_061186,Basic_Health
USR_061187,Health_Dental_Vision
USR_061188,Auto_Liability_Basic
USR_061189,Basic_Health
USR_061190,Basic_Health
USR_061191,Family_Comprehensive
USR_061192,Basic_Health
USR_061193,Basic_Health
USR_061194,Basic_Health
USR_061195,Basic_Health
USR_061196,Basic_Health
USR_061197,Family_Comprehensive
USR_061198,Family_Comprehensive
USR_061199,Basic_Health
USR_061200,Health_Dental_Vision
USR_061201,Basic_Health
USR_061202,Premium_Health_Life
USR_061203,Basic_Health
USR_061204,Auto_Liability_Basic
USR_061205,Health_Dental_Vision
USR_061206,Basic_Health
USR_061207,Basic_Health
USR_061208,Basic_Health
USR_061209,Basic_Health
USR_061210,Health_Dental_Vision
USR_061211,Basic_Health
USR_061212,Basic_Health
USR_061213,Auto_Liability_Basic
USR_061214,Basic_Health
USR_061215,Family_Comprehensive
USR_061216,Basic_Health
USR_061217,Basic_Health
USR_061218,Basic_Health
USR_061219,Basic_Health
USR_061220,Basic_Health
USR_061221,Basic_Health
USR_061222,Basic_Health
USR_061223,Health_Dental_Vision
USR_061224,Health_Dental_Vision
USR_061225,Family_Comprehensive
USR_061226,Basic_Health
USR_061227,Basic_Health
USR_061228,Basic_Health
USR_061229,Basic_Health
USR_061230,Basic_Health
USR_061231,Auto_Liability_Basic
USR_061232,Basic_Health
USR_061233,Health_Dental_Vision
USR_061234,Basic_Health
USR_061235,Basic_Health
USR_061236,Basic_Health
USR_061237,Basic_Health
USR_061238,Basic_Health
USR_061239,Basic_Health
USR_061240,Basic_Health
USR_061241,Basic_Health
USR_061242,Basic_Health
USR_061243,Basic_Health
USR_061244,Basic_Health
USR_061245,Basic_Health
USR_061246,Basic_Health
USR_061247,Basic_Health
USR_061248,Basic_Health
USR_061249,Basic_Health
USR_061250,Basic_Health
USR_061251,Basic_Health
USR_061252,Basic_Health
USR_061253,Basic_Health
USR_061254,Basic_Health
USR_061255,Basic_Health
USR_061256,Basic_Health
USR_061257,Basic_Health
USR_061258,Basic_Health
USR_061259,Basic_Health
USR_061260,Home_Standard
USR_061261,Auto_Liability_Basic
USR_061262,Home_Premium
USR_061263,Basic_Health
USR_061264,Health_Dental_Vision
USR_061265,Basic_Health
USR_061266,Health_Dental_Vision
USR_061267,Basic_Health
USR_061268,Health_Dental_Vision
USR_061269,Basic_Health
USR_061270,Basic_Health
USR_061271,Basic_Health
USR_061272,Basic_Health
USR_061273,Health_Dental_Vision
USR_061274,Health_Dental_Vision
USR_061275,Basic_Health
USR_061276,Basic_Health
USR_061277,Basic_Health
USR_061278,Basic_Health
USR_061279,Basic_Health
USR_061280,Basic_Health
USR_061281,Basic_Health
USR_061282,Basic_Health
USR_061283,Basic_Health
USR_061284,Basic_Health
USR_061285,Health_Dental_Vision
USR_061286,Basic_Health
USR_061287,Basic_Health
USR_061288,Basic_Health
USR_061289,Basic_Health
USR_061290,Basic_Health
USR_061291,Basic_Health
USR_061292,Basic_Health
USR_061293,Basic_Health
USR_061294,Basic_Health
USR_061295,Basic_Health
USR_061296,Home_Premium
USR_061297,Basic_Health
USR_061298,Basic_Health
USR_061299,Health_Dental_Vision
USR_061300,Basic_Health
USR_061301,Basic_Health
USR_061302,Basic_Health
USR_061303,Basic_Health
USR_061304,Basic_Health
USR_061305,Basic_Health
USR_061306,Basic_Health
USR_061307,Basic_Health
USR_061308,Basic_Health
USR_061309,Health_Dental_Vision
USR_061310,Auto_Liability_Basic
USR_061311,Basic_Health
USR_061312,Basic_Health
USR_061313,Basic_Health
USR_061314,Basic_Health
USR_061315,Basic_Health
USR_061316,Basic_Health
USR_061317,Basic_Health
USR_061318,Basic_Health
USR_061319,Basic_Health
USR_061320,Basic_Health
USR_061321,Basic_Health
USR_061322,Basic_Health
USR_061323,Basic_Health
USR_061324,Basic_Health
USR_061325,Health_Dental_Vision
USR_061326,Basic_Health
USR_061327,Basic_Health
USR_061328,Basic_Health
USR_061329,Basic_Health
USR_061330,Basic_Health
USR_061331,Health_Dental_Vision
USR_061332,Auto_Liability_Basic
USR_061333,Auto_Comprehensive
USR_061334,Family_Comprehensive
USR_061335,Basic_Health
USR_061336,Basic_Health
USR_061337,Basic_Health
USR_061338,Basic_Health
USR_061339,Basic_Health
USR_061340,Health_Dental_Vision
USR_061341,Basic_Health
USR_061342,Basic_Health
USR_061343,Health_Dental_Vision
USR_061344,Health_Dental_Vision
USR_061345,Basic_Health
USR_061346,Health_Dental_Vision
USR_061347,Basic_Health
USR_061348,Basic_Health
USR_061349,Family_Comprehensive
USR_061350,Basic_Health
USR_061351,Basic_Health
USR_061352,Basic_Health
USR_061353,Basic_Health
USR_061354,Basic_Health
USR_061355,Basic_Health
USR_061356,Basic_Health
USR_061357,Basic_Health
USR_061358,Health_Dental_Vision
USR_061359,Basic_Health
USR_061360,Basic_Health
USR_061361,Basic_Health
USR_061362,Health_Dental_Vision
USR_061363,Health_Dental_Vision
USR_061364,Auto_Liability_Basic
USR_061365,Premium_Health_Life
USR_061366,Basic_Health
USR_061367,Health_Dental_Vision
USR_061368,Basic_Health
USR_061369,Health_Dental_Vision
USR_061370,Basic_Health
USR_061371,Basic_Health
USR_061372,Basic_Health
USR_061373,Basic_Health
USR_061374,Premium_Health_Life
USR_061375,Basic_Health
USR_061376,Basic_Health
USR_061377,Auto_Comprehensive
USR_061378,Health_Dental_Vision
USR_061379,Basic_Health
USR_061380,Basic_Health
USR_061381,Home_Premium
USR_061382,Basic_Health
USR_061383,Basic_Health
USR_061384,Health_Dental_Vision
USR_061385,Basic_Health
USR_061386,Basic_Health
USR_061387,Health_Dental_Vision
USR_061388,Basic_Health
USR_061389,Health_Dental_Vision
USR_061390,Basic_Health
USR_061391,Basic_Health
USR_061392,Basic_Health
USR_061393,Basic_Health
USR_061394,Auto_Comprehensive
USR_061395,Basic_Health
USR_061396,Health_Dental_Vision
USR_061397,Basic_Health
USR_061398,Basic_Health
USR_061399,Basic_Health
USR_061400,Basic_Health
USR_061401,Basic_Health
USR_061402,Health_Dental_Vision
USR_061403,Basic_Health
USR_061404,Basic_Health
USR_061405,Basic_Health
USR_061406,Basic_Health
USR_061407,Health_Dental_Vision
USR_061408,Basic_Health
USR_061409,Basic_Health
USR_061410,Basic_Health
USR_061411,Basic_Health
USR_061412,Family_Comprehensive
USR_061413,Basic_Health
USR_061414,Health_Dental_Vision
USR_061415,Premium_Health_Life
USR_061416,Basic_Health
USR_061417,Basic_Health
USR_061418,Basic_Health
USR_061419,Basic_Health
USR_061420,Basic_Health
USR_061421,Basic_Health
USR_061422,Basic_Health
USR_061423,Health_Dental_Vision
USR_061424,Auto_Liability_Basic
USR_061425,Basic_Health
USR_061426,Basic_Health
USR_061427,Basic_Health
USR_061428,Basic_Health
USR_061429,Basic_Health
USR_061430,Basic_Health
USR_061431,Basic_Health
USR_061432,Basic_Health
USR_061433,Basic_Health
USR_061434,Health_Dental_Vision
USR_061435,Auto_Liability_Basic
USR_061436,Basic_Health
USR_061437,Auto_Liability_Basic
USR_061438,Basic_Health
USR_061439,Basic_Health
USR_061440,Basic_Health
USR_061441,Premium_Health_Life
USR_061442,Basic_Health
USR_061443,Health_Dental_Vision
USR_061444,Basic_Health
USR_061445,Basic_Health
USR_061446,Basic_Health
USR_061447,Basic_Health
USR_061448,Basic_Health
USR_061449,Home_Premium
USR_061450,Basic_Health
USR_061451,Basic_Health
USR_061452,Basic_Health
USR_061453,Health_Dental_Vision
USR_061454,Basic_Health
USR_061455,Basic_Health
USR_061456,Auto_Liability_Basic
USR_061457,Basic_Health
USR_061458,Basic_Health
USR_061459,Family_Comprehensive
USR_061460,Basic_Health
USR_061461,Basic_Health
USR_061462,Health_Dental_Vision
USR_061463,Basic_Health
USR_061464,Basic_Health
USR_061465,Basic_Health
USR_061466,Health_Dental_Vision
USR_061467,Basic_Health
USR_061468,Basic_Health
USR_061469,Basic_Health
USR_061470,Basic_Health
USR_061471,Basic_Health
USR_061472,Health_Dental_Vision
USR_061473,Basic_Health
USR_061474,Basic_Health
USR_061475,Family_Comprehensive
USR_061476,Basic_Health
USR_061477,Basic_Health
USR_061478,Basic_Health
USR_061479,Basic_Health
USR_061480,Health_Dental_Vision
USR_061481,Basic_Health
USR_061482,Health_Dental_Vision
USR_061483,Basic_Health
USR_061484,Basic_Health
USR_061485,Basic_Health
USR_061486,Auto_Comprehensive
USR_061487,Health_Dental_Vision
USR_061488,Basic_Health
USR_061489,Basic_Health
USR_061490,Basic_Health
USR_061491,Basic_Health
USR_061492,Health_Dental_Vision
USR_061493,Basic_Health
USR_061494,Basic_Health
USR_061495,Basic_Health
USR_061496,Basic_Health
USR_061497,Basic_Health
USR_061498,Basic_Health
USR_061499,Health_Dental_Vision
USR_061500,Basic_Health
USR_061501,Basic_Health
USR_061502,Basic_Health
USR_061503,Health_Dental_Vision
USR_061504,Basic_Health
USR_061505,Basic_Health
USR_061506,Basic_Health
USR_061507,Basic_Health
USR_061508,Health_Dental_Vision
USR_061509,Basic_Health
USR_061510,Basic_Health
USR_061511,Basic_Health
USR_061512,Basic_Health
USR_061513,Basic_Health
USR_061514,Home_Standard
USR_061515,Family_Comprehensive
USR_061516,Family_Comprehensive
USR_061517,Health_Dental_Vision
USR_061518,Basic_Health
USR_061519,Basic_Health
USR_061520,Basic_Health
USR_061521,Health_Dental_Vision
USR_061522,Basic_Health
USR_061523,Basic_Health
USR_061524,Basic_Health
USR_061525,Basic_Health
USR_061526,Family_Comprehensive
USR_061527,Health_Dental_Vision
USR_061528,Basic_Health
USR_061529,Health_Dental_Vision
USR_061530,Basic_Health
USR_061531,Basic_Health
USR_061532,Basic_Health
USR_061533,Basic_Health
USR_061534,Basic_Health
USR_061535,Basic_Health
USR_061536,Basic_Health
USR_061537,Health_Dental_Vision
USR_061538,Auto_Liability_Basic
USR_061539,Basic_Health
USR_061540,Auto_Liability_Basic
USR_061541,Basic_Health
USR_061542,Basic_Health
USR_061543,Basic_Health
USR_061544,Basic_Health
USR_061545,Basic_Health
USR_061546,Basic_Health
USR_061547,Basic_Health
USR_061548,Health_Dental_Vision
USR_061549,Auto_Liability_Basic
USR_061550,Basic_Health
USR_061551,Basic_Health
USR_061552,Basic_Health
USR_061553,Basic_Health
USR_061554,Basic_Health
USR_061555,Auto_Liability_Basic
USR_061556,Basic_Health
USR_061557,Basic_Health
USR_061558,Basic_Health
USR_061559,Basic_Health
USR_061560,Basic_Health
USR_061561,Health_Dental_Vision
USR_061562,Health_Dental_Vision
USR_061563,Family_Comprehensive
USR_061564,Health_Dental_Vision
USR_061565,Basic_Health
USR_061566,Basic_Health
USR_061567,Basic_Health
USR_061568,Basic_Health
USR_061569,Home_Standard
USR_061570,Auto_Liability_Basic
USR_061571,Basic_Health
USR_061572,Basic_Health
USR_061573,Basic_Health
USR_061574,Basic_Health
USR_061575,Basic_Health
USR_061576,Basic_Health
USR_061577,Basic_Health
USR_061578,Basic_Health
USR_061579,Health_Dental_Vision
USR_061580,Basic_Health
USR_061581,Basic_Health
USR_061582,Basic_Health
USR_061583,Basic_Health
USR_061584,Basic_Health
USR_061585,Basic_Health
USR_061586,Basic_Health
USR_061587,Health_Dental_Vision
USR_061588,Auto_Liability_Basic
USR_061589,Basic_Health
USR_061590,Basic_Health
USR_061591,Basic_Health
USR_061592,Auto_Liability_Basic
USR_061593,Basic_Health
USR_061594,Health_Dental_Vision
USR_061595,Auto_Liability_Basic
USR_061596,Basic_Health
USR_061597,Basic_Health
USR_061598,Basic_Health
USR_061599,Basic_Health
USR_061600,Basic_Health
USR_061601,Basic_Health
USR_061602,Basic_Health
USR_061603,Basic_Health
USR_061604,Basic_Health
USR_061605,Basic_Health
USR_061606,Basic_Health
USR_061607,Family_Comprehensive
USR_061608,Basic_Health
USR_061609,Basic_Health
USR_061610,Basic_Health
USR_061611,Basic_Health
USR_061612,Basic_Health
USR_061613,Basic_Health
USR_061614,Auto_Liability_Basic
USR_061615,Basic_Health
USR_061616,Basic_Health
USR_061617,Basic_Health
USR_061618,Basic_Health
USR_061619,Health_Dental_Vision
USR_061620,Health_Dental_Vision
USR_061621,Basic_Health
USR_061622,Basic_Health
USR_061623,Health_Dental_Vision
USR_061624,Basic_Health
USR_061625,Basic_Health
USR_061626,Basic_Health
USR_061627,Home_Standard
USR_061628,Basic_Health
USR_061629,Basic_Health
USR_061630,Basic_Health
USR_061631,Auto_Liability_Basic
USR_061632,Basic_Health
USR_061633,Premium_Health_Life
USR_061634,Basic_Health
USR_061635,Health_Dental_Vision
USR_061636,Health_Dental_Vision
USR_061637,Basic_Health
USR_061638,Health_Dental_Vision
USR_061639,Basic_Health
USR_061640,Family_Comprehensive
USR_061641,Basic_Health
USR_061642,Basic_Health
USR_061643,Basic_Health
USR_061644,Basic_Health
USR_061645,Basic_Health
USR_061646,Health_Dental_Vision
USR_061647,Basic_Health
USR_061648,Basic_Health
USR_061649,Basic_Health
USR_061650,Basic_Health
USR_061651,Basic_Health
USR_061652,Basic_Health
USR_061653,Basic_Health
USR_061654,Basic_Health
USR_061655,Basic_Health
USR_061656,Basic_Health
USR_061657,Basic_Health
USR_061658,Basic_Health
USR_061659,Basic_Health
USR_061660,Health_Dental_Vision
USR_061661,Basic_Health
USR_061662,Basic_Health
USR_061663,Basic_Health
USR_061664,Basic_Health
USR_061665,Basic_Health
USR_061666,Home_Standard
USR_061667,Auto_Liability_Basic
USR_061668,Basic_Health
USR_061669,Basic_Health
USR_061670,Basic_Health
USR_061671,Family_Comprehensive
USR_061672,Basic_Health
USR_061673,Basic_Health
USR_061674,Basic_Health
USR_061675,Family_Comprehensive
USR_061676,Basic_Health
USR_061677,Basic_Health
USR_061678,Basic_Health
USR_061679,Basic_Health
USR_061680,Family_Comprehensive
USR_061681,Basic_Health
USR_061682,Basic_Health
USR_061683,Basic_Health
USR_061684,Basic_Health
USR_061685,Family_Comprehensive
USR_061686,Basic_Health
USR_061687,Basic_Health
USR_061688,Auto_Liability_Basic
USR_061689,Basic_Health
USR_061690,Basic_Health
USR_061691,Basic_Health
USR_061692,Basic_Health
USR_061693,Basic_Health
USR_061694,Health_Dental_Vision
USR_061695,Basic_Health
USR_061696,Health_Dental_Vision
USR_061697,Basic_Health
USR_061698,Basic_Health
USR_061699,Family_Comprehensive
USR_061700,Basic_Health
USR_061701,Basic_Health
USR_061702,Basic_Health
USR_061703,Basic_Health
USR_061704,Auto_Liability_Basic
USR_061705,Home_Standard
USR_061706,Basic_Health
USR_061707,Basic_Health
USR_061708,Basic_Health
USR_061709,Basic_Health
USR_061710,Auto_Liability_Basic
USR_061711,Basic_Health
USR_061712,Basic_Health
USR_061713,Basic_Health
USR_061714,Basic_Health
USR_061715,Basic_Health
USR_061716,Basic_Health
USR_061717,Basic_Health
USR_061718,Basic_Health
USR_061719,Family_Comprehensive
USR_061720,Home_Premium
USR_061721,Basic_Health
USR_061722,Basic_Health
USR_061723,Family_Comprehensive
USR_061724,Health_Dental_Vision
USR_061725,Basic_Health
USR_061726,Basic_Health
USR_061727,Health_Dental_Vision
USR_061728,Basic_Health
USR_061729,Basic_Health
USR_061730,Health_Dental_Vision
USR_061731,Basic_Health
USR_061732,Basic_Health
USR_061733,Basic_Health
USR_061734,Basic_Health
USR_061735,Health_Dental_Vision
USR_061736,Basic_Health
USR_061737,Family_Comprehensive
USR_061738,Basic_Health
USR_061739,Basic_Health
USR_061740,Basic_Health
USR_061741,Basic_Health
USR_061742,Basic_Health
USR_061743,Basic_Health
USR_061744,Basic_Health
USR_061745,Health_Dental_Vision
USR_061746,Basic_Health
USR_061747,Basic_Health
USR_061748,Basic_Health
USR_061749,Basic_Health
USR_061750,Basic_Health
USR_061751,Basic_Health
USR_061752,Basic_Health
USR_061753,Health_Dental_Vision
USR_061754,Basic_Health
USR_061755,Basic_Health
USR_061756,Health_Dental_Vision
USR_061757,Auto_Liability_Basic
USR_061758,Basic_Health
USR_061759,Basic_Health
USR_061760,Basic_Health
USR_061761,Basic_Health
USR_061762,Basic_Health
USR_061763,Basic_Health
USR_061764,Health_Dental_Vision
USR_061765,Basic_Health
USR_061766,Health_Dental_Vision
USR_061767,Basic_Health
USR_061768,Basic_Health
USR_061769,Basic_Health
USR_061770,Basic_Health
USR_061771,Home_Premium
USR_061772,Basic_Health
USR_061773,Basic_Health
USR_061774,Basic_Health
USR_061775,Basic_Health
USR_061776,Health_Dental_Vision
USR_061777,Basic_Health
USR_061778,Health_Dental_Vision
USR_061779,Health_Dental_Vision
USR_061780,Basic_Health
USR_061781,Basic_Health
USR_061782,Basic_Health
USR_061783,Basic_Health
USR_061784,Basic_Health
USR_061785,Health_Dental_Vision
USR_061786,Auto_Liability_Basic
USR_061787,Basic_Health
USR_061788,Basic_Health
USR_061789,Family_Comprehensive
USR_061790,Basic_Health
USR_061791,Basic_Health
USR_061792,Basic_Health
USR_061793,Basic_Health
USR_061794,Basic_Health
USR_061795,Health_Dental_Vision
USR_061796,Basic_Health
USR_061797,Home_Premium
USR_061798,Health_Dental_Vision
USR_061799,Basic_Health
USR_061800,Auto_Liability_Basic
USR_061801,Basic_Health
USR_061802,Health_Dental_Vision
USR_061803,Basic_Health
USR_061804,Basic_Health
USR_061805,Family_Comprehensive
USR_061806,Basic_Health
USR_061807,Basic_Health
USR_061808,Basic_Health
USR_061809,Basic_Health
USR_061810,Health_Dental_Vision
USR_061811,Basic_Health
USR_061812,Basic_Health
USR_061813,Basic_Health
USR_061814,Basic_Health
USR_061815,Basic_Health
USR_061816,Basic_Health
USR_061817,Health_Dental_Vision
USR_061818,Basic_Health
USR_061819,Basic_Health
USR_061820,Basic_Health
USR_061821,Basic_Health
USR_061822,Basic_Health
USR_061823,Basic_Health
USR_061824,Basic_Health
USR_061825,Basic_Health
USR_061826,Basic_Health
USR_061827,Basic_Health
USR_061828,Auto_Liability_Basic
USR_061829,Health_Dental_Vision
USR_061830,Basic_Health
USR_061831,Health_Dental_Vision
USR_061832,Basic_Health
USR_061833,Basic_Health
USR_061834,Basic_Health
USR_061835,Basic_Health
USR_061836,Basic_Health
USR_061837,Premium_Health_Life
USR_061838,Family_Comprehensive
USR_061839,Basic_Health
USR_061840,Basic_Health
USR_061841,Basic_Health
USR_061842,Family_Comprehensive
USR_061843,Auto_Liability_Basic
USR_061844,Basic_Health
USR_061845,Basic_Health
USR_061846,Health_Dental_Vision
USR_061847,Premium_Health_Life
USR_061848,Premium_Health_Life
USR_061849,Basic_Health
USR_061850,Health_Dental_Vision
USR_061851,Basic_Health
USR_061852,Family_Comprehensive
USR_061853,Basic_Health
USR_061854,Premium_Health_Life
USR_061855,Basic_Health
USR_061856,Premium_Health_Life
USR_061857,Basic_Health
USR_061858,Health_Dental_Vision
USR_061859,Basic_Health
USR_061860,Basic_Health
USR_061861,Basic_Health
USR_061862,Basic_Health
USR_061863,Auto_Comprehensive
USR_061864,Health_Dental_Vision
USR_061865,Premium_Health_Life
USR_061866,Basic_Health
USR_061867,Family_Comprehensive
USR_061868,Family_Comprehensive
USR_061869,Basic_Health
USR_061870,Basic_Health
USR_061871,Basic_Health
USR_061872,Basic_Health
USR_061873,Basic_Health
USR_061874,Health_Dental_Vision
USR_061875,Basic_Health
USR_061876,Health_Dental_Vision
USR_061877,Basic_Health
USR_061878,Basic_Health
USR_061879,Health_Dental_Vision
USR_061880,Basic_Health
USR_061881,Basic_Health
USR_061882,Health_Dental_Vision
USR_061883,Basic_Health
USR_061884,Family_Comprehensive
USR_061885,Basic_Health
USR_061886,Basic_Health
USR_061887,Basic_Health
USR_061888,Family_Comprehensive
USR_061889,Basic_Health
USR_061890,Basic_Health
USR_061891,Premium_Health_Life
USR_061892,Family_Comprehensive
USR_061893,Basic_Health
USR_061894,Home_Standard
USR_061895,Family_Comprehensive
USR_061896,Family_Comprehensive
USR_061897,Health_Dental_Vision
USR_061898,Basic_Health
USR_061899,Basic_Health
USR_061900,Basic_Health
USR_061901,Health_Dental_Vision
USR_061902,Basic_Health
USR_061903,Basic_Health
USR_061904,Family_Comprehensive
USR_061905,Basic_Health
USR_061906,Basic_Health
USR_061907,Basic_Health
USR_061908,Basic_Health
USR_061909,Health_Dental_Vision
USR_061910,Basic_Health
USR_061911,Basic_Health
USR_061912,Basic_Health
USR_061913,Basic_Health
USR_061914,Auto_Liability_Basic
USR_061915,Basic_Health
USR_061916,Basic_Health
USR_061917,Health_Dental_Vision
USR_061918,Basic_Health
USR_061919,Basic_Health
USR_061920,Basic_Health
USR_061921,Basic_Health
USR_061922,Basic_Health
USR_061923,Basic_Health
USR_061924,Basic_Health
USR_061925,Basic_Health
USR_061926,Auto_Liability_Basic
USR_061927,Health_Dental_Vision
USR_061928,Basic_Health
USR_061929,Basic_Health
USR_061930,Basic_Health
USR_061931,Family_Comprehensive
USR_061932,Basic_Health
USR_061933,Health_Dental_Vision
USR_061934,Basic_Health
USR_061935,Basic_Health
USR_061936,Health_Dental_Vision
USR_061937,Basic_Health
USR_061938,Premium_Health_Life
USR_061939,Home_Standard
USR_061940,Basic_Health
USR_061941,Health_Dental_Vision
USR_061942,Basic_Health
USR_061943,Basic_Health
USR_061944,Basic_Health
USR_061945,Basic_Health
USR_061946,Basic_Health
USR_061947,Basic_Health
USR_061948,Basic_Health
USR_061949,Basic_Health
USR_061950,Health_Dental_Vision
USR_061951,Basic_Health
USR_061952,Basic_Health
USR_061953,Basic_Health
USR_061954,Basic_Health
USR_061955,Premium_Health_Life
USR_061956,Auto_Liability_Basic
USR_061957,Basic_Health
USR_061958,Health_Dental_Vision
USR_061959,Basic_Health
USR_061960,Basic_Health
USR_061961,Basic_Health
USR_061962,Basic_Health
USR_061963,Basic_Health
USR_061964,Basic_Health
USR_061965,Basic_Health
USR_061966,Basic_Health
USR_061967,Basic_Health
USR_061968,Basic_Health
USR_061969,Basic_Health
USR_061970,Basic_Health
USR_061971,Health_Dental_Vision
USR_061972,Health_Dental_Vision
USR_061973,Health_Dental_Vision
USR_061974,Basic_Health
USR_061975,Basic_Health
USR_061976,Home_Standard
USR_061977,Basic_Health
USR_061978,Premium_Health_Life
USR_061979,Basic_Health
USR_061980,Auto_Liability_Basic
USR_061981,Basic_Health
USR_061982,Basic_Health
USR_061983,Basic_Health
USR_061984,Basic_Health
USR_061985,Basic_Health
USR_061986,Health_Dental_Vision
USR_061987,Basic_Health
USR_061988,Basic_Health
USR_061989,Basic_Health
USR_061990,Basic_Health
USR_061991,Health_Dental_Vision
USR_061992,Basic_Health
USR_061993,Basic_Health
USR_061994,Basic_Health
USR_061995,Basic_Health
USR_061996,Basic_Health
USR_061997,Basic_Health
USR_061998,Basic_Health
USR_061999,Basic_Health
USR_062000,Basic_Health
USR_062001,Basic_Health
USR_062002,Basic_Health
USR_062003,Basic_Health
USR_062004,Basic_Health
USR_062005,Basic_Health
USR_062006,Basic_Health
USR_062007,Basic_Health
USR_062008,Basic_Health
USR_062009,Health_Dental_Vision
USR_062010,Basic_Health
USR_062011,Family_Comprehensive
USR_062012,Basic_Health
USR_062013,Health_Dental_Vision
USR_062014,Basic_Health
USR_062015,Basic_Health
USR_062016,Basic_Health
USR_062017,Basic_Health
USR_062018,Basic_Health
USR_062019,Basic_Health
USR_062020,Basic_Health
USR_062021,Basic_Health
USR_062022,Health_Dental_Vision
USR_062023,Health_Dental_Vision
USR_062024,Health_Dental_Vision
USR_062025,Health_Dental_Vision
USR_062026,Basic_Health
USR_062027,Premium_Health_Life
USR_062028,Auto_Liability_Basic
USR_062029,Basic_Health
USR_062030,Auto_Liability_Basic
USR_062031,Basic_Health
USR_062032,Basic_Health
USR_062033,Basic_Health
USR_062034,Basic_Health
USR_062035,Auto_Liability_Basic
USR_062036,Basic_Health
USR_062037,Premium_Health_Life
USR_062038,Basic_Health
USR_062039,Basic_Health
USR_062040,Basic_Health
USR_062041,Family_Comprehensive
USR_062042,Basic_Health
USR_062043,Basic_Health
USR_062044,Health_Dental_Vision
USR_062045,Health_Dental_Vision
USR_062046,Basic_Health
USR_062047,Auto_Liability_Basic
USR_062048,Basic_Health
USR_062049,Basic_Health
USR_062050,Basic_Health
USR_062051,Basic_Health
USR_062052,Health_Dental_Vision
USR_062053,Basic_Health
USR_062054,Basic_Health
USR_062055,Basic_Health
USR_062056,Basic_Health
USR_062057,Basic_Health
USR_062058,Basic_Health
USR_062059,Premium_Health_Life
USR_062060,Family_Comprehensive
USR_062061,Basic_Health
USR_062062,Basic_Health
USR_062063,Health_Dental_Vision
USR_062064,Basic_Health
USR_062065,Health_Dental_Vision
USR_062066,Basic_Health
USR_062067,Basic_Health
USR_062068,Basic_Health
USR_062069,Health_Dental_Vision
USR_062070,Health_Dental_Vision
USR_062071,Basic_Health
USR_062072,Basic_Health
USR_062073,Health_Dental_Vision
USR_062074,Health_Dental_Vision
USR_062075,Health_Dental_Vision
USR_062076,Basic_Health
USR_062077,Health_Dental_Vision
USR_062078,Basic_Health
USR_062079,Family_Comprehensive
USR_062080,Family_Comprehensive
USR_062081,Basic_Health
USR_062082,Basic_Health
USR_062083,Basic_Health
USR_062084,Basic_Health
USR_062085,Health_Dental_Vision
USR_062086,Basic_Health
USR_062087,Basic_Health
USR_062088,Family_Comprehensive
USR_062089,Basic_Health
USR_062090,Health_Dental_Vision
USR_062091,Basic_Health
USR_062092,Home_Premium
USR_062093,Basic_Health
USR_062094,Basic_Health
USR_062095,Basic_Health
USR_062096,Basic_Health
USR_062097,Basic_Health
USR_062098,Basic_Health
USR_062099,Basic_Health
USR_062100,Auto_Liability_Basic
USR_062101,Health_Dental_Vision
USR_062102,Basic_Health
USR_062103,Health_Dental_Vision
USR_062104,Basic_Health
USR_062105,Health_Dental_Vision
USR_062106,Health_Dental_Vision
USR_062107,Basic_Health
USR_062108,Family_Comprehensive
USR_062109,Health_Dental_Vision
USR_062110,Basic_Health
USR_062111,Basic_Health
USR_062112,Basic_Health
USR_062113,Basic_Health
USR_062114,Basic_Health
USR_062115,Basic_Health
USR_062116,Basic_Health
USR_062117,Basic_Health
USR_062118,Basic_Health
USR_062119,Family_Comprehensive
USR_062120,Health_Dental_Vision
USR_062121,Health_Dental_Vision
USR_062122,Basic_Health
USR_062123,Basic_Health
USR_062124,Basic_Health
USR_062125,Basic_Health
USR_062126,Health_Dental_Vision
USR_062127,Basic_Health
USR_062128,Basic_Health
USR_062129,Health_Dental_Vision
USR_062130,Health_Dental_Vision
USR_062131,Health_Dental_Vision
USR_062132,Health_Dental_Vision
USR_062133,Family_Comprehensive
USR_062134,Family_Comprehensive
USR_062135,Basic_Health
USR_062136,Home_Standard
USR_062137,Basic_Health
USR_062138,Basic_Health
USR_062139,Health_Dental_Vision
USR_062140,Basic_Health
USR_062141,Basic_Health
USR_062142,Health_Dental_Vision
USR_062143,Family_Comprehensive
USR_062144,Basic_Health
USR_062145,Basic_Health
USR_062146,Basic_Health
USR_062147,Basic_Health
USR_062148,Health_Dental_Vision
USR_062149,Basic_Health
USR_062150,Premium_Health_Life
USR_062151,Family_Comprehensive
USR_062152,Family_Comprehensive
USR_062153,Basic_Health
USR_062154,Basic_Health
USR_062155,Basic_Health
USR_062156,Premium_Health_Life
USR_062157,Basic_Health
USR_062158,Basic_Health
USR_062159,Basic_Health
USR_062160,Basic_Health
USR_062161,Health_Dental_Vision
USR_062162,Basic_Health
USR_062163,Basic_Health
USR_062164,Health_Dental_Vision
USR_062165,Basic_Health
USR_062166,Basic_Health
USR_062167,Basic_Health
USR_062168,Basic_Health
USR_062169,Basic_Health
USR_062170,Basic_Health
USR_062171,Basic_Health
USR_062172,Health_Dental_Vision
USR_062173,Health_Dental_Vision
USR_062174,Health_Dental_Vision
USR_062175,Basic_Health
USR_062176,Basic_Health
USR_062177,Basic_Health
USR_062178,Basic_Health
USR_062179,Basic_Health
USR_062180,Basic_Health
USR_062181,Basic_Health
USR_062182,Basic_Health
USR_062183,Basic_Health
USR_062184,Basic_Health
USR_062185,Basic_Health
USR_062186,Basic_Health
USR_062187,Auto_Comprehensive
USR_062188,Basic_Health
USR_062189,Basic_Health
USR_062190,Basic_Health
USR_062191,Basic_Health
USR_062192,Basic_Health
USR_062193,Basic_Health
USR_062194,Basic_Health
USR_062195,Basic_Health
USR_062196,Auto_Liability_Basic
USR_062197,Basic_Health
USR_062198,Basic_Health
USR_062199,Auto_Liability_Basic
USR_062200,Basic_Health
USR_062201,Health_Dental_Vision
USR_062202,Basic_Health
USR_062203,Basic_Health
USR_062204,Basic_Health
USR_062205,Health_Dental_Vision
USR_062206,Basic_Health
USR_062207,Basic_Health
USR_062208,Basic_Health
USR_062209,Basic_Health
USR_062210,Basic_Health
USR_062211,Basic_Health
USR_062212,Basic_Health
USR_062213,Basic_Health
USR_062214,Basic_Health
USR_062215,Basic_Health
USR_062216,Basic_Health
USR_062217,Basic_Health
USR_062218,Basic_Health
USR_062219,Basic_Health
USR_062220,Basic_Health
USR_062221,Basic_Health
USR_062222,Basic_Health
USR_062223,Health_Dental_Vision
USR_062224,Basic_Health
USR_062225,Basic_Health
USR_062226,Basic_Health
USR_062227,Basic_Health
USR_062228,Health_Dental_Vision
USR_062229,Basic_Health
USR_062230,Family_Comprehensive
USR_062231,Basic_Health
USR_062232,Basic_Health
USR_062233,Basic_Health
USR_062234,Basic_Health
USR_062235,Basic_Health
USR_062236,Basic_Health
USR_062237,Basic_Health
USR_062238,Basic_Health
USR_062239,Basic_Health
USR_062240,Basic_Health
USR_062241,Basic_Health
USR_062242,Basic_Health
USR_062243,Family_Comprehensive
USR_062244,Health_Dental_Vision
USR_062245,Basic_Health
USR_062246,Home_Standard
USR_062247,Basic_Health
USR_062248,Health_Dental_Vision
USR_062249,Basic_Health
USR_062250,Basic_Health
USR_062251,Health_Dental_Vision
USR_062252,Basic_Health
USR_062253,Basic_Health
USR_062254,Home_Standard
USR_062255,Basic_Health
USR_062256,Basic_Health
USR_062257,Family_Comprehensive
USR_062258,Basic_Health
USR_062259,Basic_Health
USR_062260,Basic_Health
USR_062261,Basic_Health
USR_062262,Health_Dental_Vision
USR_062263,Health_Dental_Vision
USR_062264,Basic_Health
USR_062265,Basic_Health
USR_062266,Basic_Health
USR_062267,Basic_Health
USR_062268,Basic_Health
USR_062269,Basic_Health
USR_062270,Basic_Health
USR_062271,Basic_Health
USR_062272,Basic_Health
USR_062273,Family_Comprehensive
USR_062274,Basic_Health
USR_062275,Basic_Health
USR_062276,Basic_Health
USR_062277,Auto_Liability_Basic
USR_062278,Basic_Health
USR_062279,Basic_Health
USR_062280,Basic_Health
USR_062281,Basic_Health
USR_062282,Auto_Liability_Basic
USR_062283,Basic_Health
USR_062284,Home_Standard
USR_062285,Basic_Health
USR_062286,Health_Dental_Vision
USR_062287,Basic_Health
USR_062288,Basic_Health
USR_062289,Health_Dental_Vision
USR_062290,Health_Dental_Vision
USR_062291,Basic_Health
USR_062292,Health_Dental_Vision
USR_062293,Health_Dental_Vision
USR_062294,Basic_Health
USR_062295,Family_Comprehensive
USR_062296,Basic_Health
USR_062297,Basic_Health
USR_062298,Basic_Health
USR_062299,Auto_Liability_Basic
USR_062300,Basic_Health
USR_062301,Basic_Health
USR_062302,Basic_Health
USR_062303,Basic_Health
USR_062304,Health_Dental_Vision
USR_062305,Health_Dental_Vision
USR_062306,Family_Comprehensive
USR_062307,Basic_Health
USR_062308,Basic_Health
USR_062309,Basic_Health
USR_062310,Basic_Health
USR_062311,Health_Dental_Vision
USR_062312,Basic_Health
USR_062313,Basic_Health
USR_062314,Basic_Health
USR_062315,Basic_Health
USR_062316,Basic_Health
USR_062317,Basic_Health
USR_062318,Basic_Health
USR_062319,Basic_Health
USR_062320,Basic_Health
USR_062321,Basic_Health
USR_062322,Basic_Health
USR_062323,Basic_Health
USR_062324,Basic_Health
USR_062325,Health_Dental_Vision
USR_062326,Basic_Health
USR_062327,Health_Dental_Vision
USR_062328,Basic_Health
USR_062329,Auto_Liability_Basic
USR_062330,Basic_Health
USR_062331,Basic_Health
USR_062332,Basic_Health
USR_062333,Basic_Health
USR_062334,Basic_Health
USR_062335,Basic_Health
USR_062336,Basic_Health
USR_062337,Basic_Health
USR_062338,Basic_Health
USR_062339,Basic_Health
USR_062340,Basic_Health
USR_062341,Family_Comprehensive
USR_062342,Health_Dental_Vision
USR_062343,Basic_Health
USR_062344,Basic_Health
USR_062345,Home_Standard
USR_062346,Basic_Health
USR_062347,Basic_Health
USR_062348,Basic_Health
USR_062349,Basic_Health
USR_062350,Basic_Health
USR_062351,Basic_Health
USR_062352,Premium_Health_Life
USR_062353,Basic_Health
USR_062354,Basic_Health
USR_062355,Health_Dental_Vision
USR_062356,Basic_Health
USR_062357,Basic_Health
USR_062358,Basic_Health
USR_062359,Basic_Health
USR_062360,Basic_Health
USR_062361,Basic_Health
USR_062362,Basic_Health
USR_062363,Basic_Health
USR_062364,Basic_Health
USR_062365,Family_Comprehensive
USR_062366,Basic_Health
USR_062367,Basic_Health
USR_062368,Basic_Health
USR_062369,Basic_Health
USR_062370,Basic_Health
USR_062371,Basic_Health
USR_062372,Basic_Health
USR_062373,Basic_Health
USR_062374,Basic_Health
USR_062375,Health_Dental_Vision
USR_062376,Health_Dental_Vision
USR_062377,Family_Comprehensive
USR_062378,Health_Dental_Vision
USR_062379,Basic_Health
USR_062380,Basic_Health
USR_062381,Basic_Health
USR_062382,Basic_Health
USR_062383,Basic_Health
USR_062384,Basic_Health
USR_062385,Basic_Health
USR_062386,Health_Dental_Vision
USR_062387,Health_Dental_Vision
USR_062388,Basic_Health
USR_062389,Basic_Health
USR_062390,Home_Standard
USR_062391,Basic_Health
USR_062392,Basic_Health
USR_062393,Basic_Health
USR_062394,Health_Dental_Vision
USR_062395,Basic_Health
USR_062396,Basic_Health
USR_062397,Basic_Health
USR_062398,Family_Comprehensive
USR_062399,Basic_Health
USR_062400,Basic_Health
USR_062401,Family_Comprehensive
USR_062402,Health_Dental_Vision
USR_062403,Basic_Health
USR_062404,Premium_Health_Life
USR_062405,Basic_Health
USR_062406,Basic_Health
USR_062407,Basic_Health
USR_062408,Basic_Health
USR_062409,Basic_Health
USR_062410,Family_Comprehensive
USR_062411,Basic_Health
USR_062412,Basic_Health
USR_062413,Basic_Health
USR_062414,Basic_Health
USR_062415,Basic_Health
USR_062416,Family_Comprehensive
USR_062417,Basic_Health
USR_062418,Family_Comprehensive
USR_062419,Basic_Health
USR_062420,Basic_Health
USR_062421,Basic_Health
USR_062422,Basic_Health
USR_062423,Health_Dental_Vision
USR_062424,Basic_Health
USR_062425,Basic_Health
USR_062426,Basic_Health
USR_062427,Basic_Health
USR_062428,Basic_Health
USR_062429,Basic_Health
USR_062430,Health_Dental_Vision
USR_062431,Basic_Health
USR_062432,Basic_Health
USR_062433,Basic_Health
USR_062434,Basic_Health
USR_062435,Auto_Liability_Basic
USR_062436,Basic_Health
USR_062437,Health_Dental_Vision
USR_062438,Basic_Health
USR_062439,Basic_Health
USR_062440,Health_Dental_Vision
USR_062441,Basic_Health
USR_062442,Health_Dental_Vision
USR_062443,Auto_Liability_Basic
USR_062444,Basic_Health
USR_062445,Basic_Health
USR_062446,Family_Comprehensive
USR_062447,Basic_Health
USR_062448,Home_Standard
USR_062449,Basic_Health
USR_062450,Basic_Health
USR_062451,Basic_Health
USR_062452,Basic_Health
USR_062453,Basic_Health
USR_062454,Health_Dental_Vision
USR_062455,Basic_Health
USR_062456,Basic_Health
USR_062457,Health_Dental_Vision
USR_062458,Basic_Health
USR_062459,Basic_Health
USR_062460,Basic_Health
USR_062461,Basic_Health
USR_062462,Basic_Health
USR_062463,Health_Dental_Vision
USR_062464,Basic_Health
USR_062465,Family_Comprehensive
USR_062466,Basic_Health
USR_062467,Basic_Health
USR_062468,Basic_Health
USR_062469,Home_Standard
USR_062470,Auto_Liability_Basic
USR_062471,Basic_Health
USR_062472,Basic_Health
USR_062473,Basic_Health
USR_062474,Basic_Health
USR_062475,Health_Dental_Vision
USR_062476,Basic_Health
USR_062477,Basic_Health
USR_062478,Auto_Liability_Basic
USR_062479,Basic_Health
USR_062480,Basic_Health
USR_062481,Basic_Health
USR_062482,Basic_Health
USR_062483,Basic_Health
USR_062484,Family_Comprehensive
USR_062485,Basic_Health
USR_062486,Basic_Health
USR_062487,Basic_Health
USR_062488,Basic_Health
USR_062489,Basic_Health
USR_062490,Basic_Health
USR_062491,Health_Dental_Vision
USR_062492,Premium_Health_Life
USR_062493,Basic_Health
USR_062494,Basic_Health
USR_062495,Basic_Health
USR_062496,Basic_Health
USR_062497,Basic_Health
USR_062498,Basic_Health
USR_062499,Basic_Health
USR_062500,Basic_Health
USR_062501,Basic_Health
USR_062502,Basic_Health
USR_062503,Premium_Health_Life
USR_062504,Auto_Liability_Basic
USR_062505,Premium_Health_Life
USR_062506,Health_Dental_Vision
USR_062507,Basic_Health
USR_062508,Basic_Health
USR_062509,Basic_Health
USR_062510,Health_Dental_Vision
USR_062511,Basic_Health
USR_062512,Health_Dental_Vision
USR_062513,Auto_Liability_Basic
USR_062514,Basic_Health
USR_062515,Basic_Health
USR_062516,Basic_Health
USR_062517,Basic_Health
USR_062518,Basic_Health
USR_062519,Health_Dental_Vision
USR_062520,Basic_Health
USR_062521,Health_Dental_Vision
USR_062522,Basic_Health
USR_062523,Basic_Health
USR_062524,Basic_Health
USR_062525,Health_Dental_Vision
USR_062526,Health_Dental_Vision
USR_062527,Basic_Health
USR_062528,Basic_Health
USR_062529,Health_Dental_Vision
USR_062530,Basic_Health
USR_062531,Basic_Health
USR_062532,Basic_Health
USR_062533,Basic_Health
USR_062534,Health_Dental_Vision
USR_062535,Basic_Health
USR_062536,Basic_Health
USR_062537,Family_Comprehensive
USR_062538,Basic_Health
USR_062539,Basic_Health
USR_062540,Basic_Health
USR_062541,Basic_Health
USR_062542,Basic_Health
USR_062543,Basic_Health
USR_062544,Family_Comprehensive
USR_062545,Basic_Health
USR_062546,Basic_Health
USR_062547,Basic_Health
USR_062548,Basic_Health
USR_062549,Basic_Health
USR_062550,Basic_Health
USR_062551,Basic_Health
USR_062552,Basic_Health
USR_062553,Health_Dental_Vision
USR_062554,Basic_Health
USR_062555,Family_Comprehensive
USR_062556,Home_Standard
USR_062557,Basic_Health
USR_062558,Basic_Health
USR_062559,Basic_Health
USR_062560,Health_Dental_Vision
USR_062561,Family_Comprehensive
USR_062562,Auto_Liability_Basic
USR_062563,Basic_Health
USR_062564,Basic_Health
USR_062565,Basic_Health
USR_062566,Basic_Health
USR_062567,Basic_Health
USR_062568,Basic_Health
USR_062569,Basic_Health
USR_062570,Basic_Health
USR_062571,Basic_Health
USR_062572,Auto_Liability_Basic
USR_062573,Basic_Health
USR_062574,Basic_Health
USR_062575,Basic_Health
USR_062576,Basic_Health
USR_062577,Basic_Health
USR_062578,Basic_Health
USR_062579,Basic_Health
USR_062580,Basic_Health
USR_062581,Basic_Health
USR_062582,Basic_Health
USR_062583,Basic_Health
USR_062584,Basic_Health
USR_062585,Health_Dental_Vision
USR_062586,Basic_Health
USR_062587,Health_Dental_Vision
USR_062588,Health_Dental_Vision
USR_062589,Basic_Health
USR_062590,Basic_Health
USR_062591,Basic_Health
USR_062592,Basic_Health
USR_062593,Health_Dental_Vision
USR_062594,Family_Comprehensive
USR_062595,Basic_Health
USR_062596,Health_Dental_Vision
USR_062597,Basic_Health
USR_062598,Basic_Health
USR_062599,Auto_Liability_Basic
USR_062600,Auto_Liability_Basic
USR_062601,Basic_Health
USR_062602,Basic_Health
USR_062603,Basic_Health
USR_062604,Health_Dental_Vision
USR_062605,Basic_Health
USR_062606,Health_Dental_Vision
USR_062607,Health_Dental_Vision
USR_062608,Basic_Health
USR_062609,Basic_Health
USR_062610,Health_Dental_Vision
USR_062611,Basic_Health
USR_062612,Basic_Health
USR_062613,Family_Comprehensive
USR_062614,Basic_Health
USR_062615,Basic_Health
USR_062616,Basic_Health
USR_062617,Basic_Health
USR_062618,Health_Dental_Vision
USR_062619,Basic_Health
USR_062620,Health_Dental_Vision
USR_062621,Basic_Health
USR_062622,Family_Comprehensive
USR_062623,Health_Dental_Vision
USR_062624,Basic_Health
USR_062625,Premium_Health_Life
USR_062626,Basic_Health
USR_062627,Basic_Health
USR_062628,Basic_Health
USR_062629,Health_Dental_Vision
USR_062630,Basic_Health
USR_062631,Basic_Health
USR_062632,Basic_Health
USR_062633,Basic_Health
USR_062634,Auto_Liability_Basic
USR_062635,Basic_Health
USR_062636,Health_Dental_Vision
USR_062637,Basic_Health
USR_062638,Home_Standard
USR_062639,Family_Comprehensive
USR_062640,Basic_Health
USR_062641,Health_Dental_Vision
USR_062642,Basic_Health
USR_062643,Health_Dental_Vision
USR_062644,Basic_Health
USR_062645,Family_Comprehensive
USR_062646,Basic_Health
USR_062647,Health_Dental_Vision
USR_062648,Auto_Liability_Basic
USR_062649,Basic_Health
USR_062650,Health_Dental_Vision
USR_062651,Basic_Health
USR_062652,Basic_Health
USR_062653,Health_Dental_Vision
USR_062654,Basic_Health
USR_062655,Family_Comprehensive
USR_062656,Basic_Health
USR_062657,Health_Dental_Vision
USR_062658,Basic_Health
USR_062659,Basic_Health
USR_062660,Health_Dental_Vision
USR_062661,Basic_Health
USR_062662,Health_Dental_Vision
USR_062663,Basic_Health
USR_062664,Basic_Health
USR_062665,Basic_Health
USR_062666,Basic_Health
USR_062667,Basic_Health
USR_062668,Basic_Health
USR_062669,Basic_Health
USR_062670,Basic_Health
USR_062671,Basic_Health
USR_062672,Basic_Health
USR_062673,Basic_Health
USR_062674,Basic_Health
USR_062675,Basic_Health
USR_062676,Basic_Health
USR_062677,Basic_Health
USR_062678,Basic_Health
USR_062679,Auto_Comprehensive
USR_062680,Health_Dental_Vision
USR_062681,Auto_Liability_Basic
USR_062682,Basic_Health
USR_062683,Basic_Health
USR_062684,Health_Dental_Vision
USR_062685,Basic_Health
USR_062686,Basic_Health
USR_062687,Basic_Health
USR_062688,Auto_Liability_Basic
USR_062689,Health_Dental_Vision
USR_062690,Basic_Health
USR_062691,Health_Dental_Vision
USR_062692,Home_Standard
USR_062693,Basic_Health
USR_062694,Basic_Health
USR_062695,Health_Dental_Vision
USR_062696,Auto_Liability_Basic
USR_062697,Basic_Health
USR_062698,Basic_Health
USR_062699,Basic_Health
USR_062700,Basic_Health
USR_062701,Basic_Health
USR_062702,Basic_Health
USR_062703,Basic_Health
USR_062704,Auto_Liability_Basic
USR_062705,Basic_Health
USR_062706,Basic_Health
USR_062707,Basic_Health
USR_062708,Basic_Health
USR_062709,Health_Dental_Vision
USR_062710,Basic_Health
USR_062711,Auto_Liability_Basic
USR_062712,Basic_Health
USR_062713,Health_Dental_Vision
USR_062714,Basic_Health
USR_062715,Health_Dental_Vision
USR_062716,Health_Dental_Vision
USR_062717,Basic_Health
USR_062718,Basic_Health
USR_062719,Basic_Health
USR_062720,Basic_Health
USR_062721,Basic_Health
USR_062722,Family_Comprehensive
USR_062723,Health_Dental_Vision
USR_062724,Basic_Health
USR_062725,Basic_Health
USR_062726,Auto_Liability_Basic
USR_062727,Health_Dental_Vision
USR_062728,Basic_Health
USR_062729,Auto_Liability_Basic
USR_062730,Health_Dental_Vision
USR_062731,Basic_Health
USR_062732,Auto_Liability_Basic
USR_062733,Basic_Health
USR_062734,Family_Comprehensive
USR_062735,Basic_Health
USR_062736,Basic_Health
USR_062737,Basic_Health
USR_062738,Basic_Health
USR_062739,Health_Dental_Vision
USR_062740,Basic_Health
USR_062741,Basic_Health
USR_062742,Basic_Health
USR_062743,Basic_Health
USR_062744,Auto_Liability_Basic
USR_062745,Basic_Health
USR_062746,Basic_Health
USR_062747,Health_Dental_Vision
USR_062748,Health_Dental_Vision
USR_062749,Basic_Health
USR_062750,Basic_Health
USR_062751,Basic_Health
USR_062752,Health_Dental_Vision
USR_062753,Basic_Health
USR_062754,Basic_Health
USR_062755,Auto_Liability_Basic
USR_062756,Basic_Health
USR_062757,Basic_Health
USR_062758,Basic_Health
USR_062759,Auto_Liability_Basic
USR_062760,Basic_Health
USR_062761,Basic_Health
USR_062762,Health_Dental_Vision
USR_062763,Basic_Health
USR_062764,Health_Dental_Vision
USR_062765,Basic_Health
USR_062766,Health_Dental_Vision
USR_062767,Auto_Liability_Basic
USR_062768,Basic_Health
USR_062769,Basic_Health
USR_062770,Basic_Health
USR_062771,Health_Dental_Vision
USR_062772,Basic_Health
USR_062773,Basic_Health
USR_062774,Basic_Health
USR_062775,Basic_Health
USR_062776,Premium_Health_Life
USR_062777,Basic_Health
USR_062778,Family_Comprehensive
USR_062779,Health_Dental_Vision
USR_062780,Health_Dental_Vision
USR_062781,Basic_Health
USR_062782,Basic_Health
USR_062783,Health_Dental_Vision
USR_062784,Basic_Health
USR_062785,Basic_Health
USR_062786,Basic_Health
USR_062787,Basic_Health
USR_062788,Basic_Health
USR_062789,Basic_Health
USR_062790,Basic_Health
USR_062791,Health_Dental_Vision
USR_062792,Basic_Health
USR_062793,Family_Comprehensive
USR_062794,Basic_Health
USR_062795,Basic_Health
USR_062796,Basic_Health
USR_062797,Basic_Health
USR_062798,Basic_Health
USR_062799,Basic_Health
USR_062800,Basic_Health
USR_062801,Health_Dental_Vision
USR_062802,Basic_Health
USR_062803,Basic_Health
USR_062804,Health_Dental_Vision
USR_062805,Basic_Health
USR_062806,Basic_Health
USR_062807,Basic_Health
USR_062808,Premium_Health_Life
USR_062809,Health_Dental_Vision
USR_062810,Health_Dental_Vision
USR_062811,Basic_Health
USR_062812,Health_Dental_Vision
USR_062813,Health_Dental_Vision
USR_062814,Basic_Health
USR_062815,Basic_Health
USR_062816,Basic_Health
USR_062817,Basic_Health
USR_062818,Basic_Health
USR_062819,Basic_Health
USR_062820,Basic_Health
USR_062821,Basic_Health
USR_062822,Basic_Health
USR_062823,Basic_Health
USR_062824,Family_Comprehensive
USR_062825,Basic_Health
USR_062826,Family_Comprehensive
USR_062827,Basic_Health
USR_062828,Basic_Health
USR_062829,Health_Dental_Vision
USR_062830,Basic_Health
USR_062831,Basic_Health
USR_062832,Health_Dental_Vision
USR_062833,Basic_Health
USR_062834,Family_Comprehensive
USR_062835,Basic_Health
USR_062836,Basic_Health
USR_062837,Health_Dental_Vision
USR_062838,Basic_Health
USR_062839,Basic_Health
USR_062840,Basic_Health
USR_062841,Basic_Health
USR_062842,Basic_Health
USR_062843,Basic_Health
USR_062844,Home_Standard
USR_062845,Premium_Health_Life
USR_062846,Basic_Health
USR_062847,Health_Dental_Vision
USR_062848,Health_Dental_Vision
USR_062849,Basic_Health
USR_062850,Basic_Health
USR_062851,Basic_Health
USR_062852,Basic_Health
USR_062853,Basic_Health
USR_062854,Basic_Health
USR_062855,Basic_Health
USR_062856,Basic_Health
USR_062857,Basic_Health
USR_062858,Health_Dental_Vision
USR_062859,Auto_Liability_Basic
USR_062860,Basic_Health
USR_062861,Basic_Health
USR_062862,Basic_Health
USR_062863,Basic_Health
USR_062864,Basic_Health
USR_062865,Basic_Health
USR_062866,Family_Comprehensive
USR_062867,Health_Dental_Vision
USR_062868,Health_Dental_Vision
USR_062869,Health_Dental_Vision
USR_062870,Auto_Liability_Basic
USR_062871,Basic_Health
USR_062872,Basic_Health
USR_062873,Health_Dental_Vision
USR_062874,Basic_Health
USR_062875,Family_Comprehensive
USR_062876,Basic_Health
USR_062877,Basic_Health
USR_062878,Basic_Health
USR_062879,Basic_Health
USR_062880,Health_Dental_Vision
USR_062881,Basic_Health
USR_062882,Health_Dental_Vision
USR_062883,Health_Dental_Vision
USR_062884,Basic_Health
USR_062885,Basic_Health
USR_062886,Family_Comprehensive
USR_062887,Basic_Health
USR_062888,Health_Dental_Vision
USR_062889,Basic_Health
USR_062890,Health_Dental_Vision
USR_062891,Basic_Health
USR_062892,Health_Dental_Vision
USR_062893,Basic_Health
USR_062894,Basic_Health
USR_062895,Basic_Health
USR_062896,Basic_Health
USR_062897,Premium_Health_Life
USR_062898,Basic_Health
USR_062899,Basic_Health
USR_062900,Basic_Health
USR_062901,Auto_Liability_Basic
USR_062902,Basic_Health
USR_062903,Health_Dental_Vision
USR_062904,Auto_Liability_Basic
USR_062905,Basic_Health
USR_062906,Basic_Health
USR_062907,Basic_Health
USR_062908,Health_Dental_Vision
USR_062909,Basic_Health
USR_062910,Basic_Health
USR_062911,Basic_Health
USR_062912,Health_Dental_Vision
USR_062913,Basic_Health
USR_062914,Family_Comprehensive
USR_062915,Basic_Health
USR_062916,Basic_Health
USR_062917,Basic_Health
USR_062918,Basic_Health
USR_062919,Basic_Health
USR_062920,Basic_Health
USR_062921,Basic_Health
USR_062922,Basic_Health
USR_062923,Auto_Liability_Basic
USR_062924,Basic_Health
USR_062925,Basic_Health
USR_062926,Health_Dental_Vision
USR_062927,Basic_Health
USR_062928,Health_Dental_Vision
USR_062929,Basic_Health
USR_062930,Basic_Health
USR_062931,Family_Comprehensive
USR_062932,Basic_Health
USR_062933,Basic_Health
USR_062934,Basic_Health
USR_062935,Basic_Health
USR_062936,Basic_Health
USR_062937,Basic_Health
USR_062938,Basic_Health
USR_062939,Auto_Liability_Basic
USR_062940,Family_Comprehensive
USR_062941,Basic_Health
USR_062942,Basic_Health
USR_062943,Auto_Liability_Basic
USR_062944,Basic_Health
USR_062945,Basic_Health
USR_062946,Basic_Health
USR_062947,Basic_Health
USR_062948,Health_Dental_Vision
USR_062949,Health_Dental_Vision
USR_062950,Basic_Health
USR_062951,Basic_Health
USR_062952,Basic_Health
USR_062953,Basic_Health
USR_062954,Basic_Health
USR_062955,Basic_Health
USR_062956,Health_Dental_Vision
USR_062957,Health_Dental_Vision
USR_062958,Basic_Health
USR_062959,Basic_Health
USR_062960,Basic_Health
USR_062961,Basic_Health
USR_062962,Family_Comprehensive
USR_062963,Health_Dental_Vision
USR_062964,Basic_Health
USR_062965,Basic_Health
USR_062966,Basic_Health
USR_062967,Basic_Health
USR_062968,Basic_Health
USR_062969,Basic_Health
USR_062970,Basic_Health
USR_062971,Basic_Health
USR_062972,Basic_Health
USR_062973,Basic_Health
USR_062974,Basic_Health
USR_062975,Basic_Health
USR_062976,Basic_Health
USR_062977,Basic_Health
USR_062978,Basic_Health
USR_062979,Premium_Health_Life
USR_062980,Basic_Health
USR_062981,Basic_Health
USR_062982,Basic_Health
USR_062983,Basic_Health
USR_062984,Basic_Health
USR_062985,Basic_Health
USR_062986,Basic_Health
USR_062987,Premium_Health_Life
USR_062988,Health_Dental_Vision
USR_062989,Basic_Health
USR_062990,Basic_Health
USR_062991,Auto_Liability_Basic
USR_062992,Basic_Health
USR_062993,Basic_Health
USR_062994,Basic_Health
USR_062995,Basic_Health
USR_062996,Basic_Health
USR_062997,Home_Premium
USR_062998,Basic_Health
USR_062999,Basic_Health
USR_063000,Auto_Liability_Basic
USR_063001,Basic_Health
USR_063002,Basic_Health
USR_063003,Basic_Health
USR_063004,Basic_Health
USR_063005,Auto_Liability_Basic
USR_063006,Basic_Health
USR_063007,Basic_Health
USR_063008,Basic_Health
USR_063009,Basic_Health
USR_063010,Basic_Health
USR_063011,Basic_Health
USR_063012,Health_Dental_Vision
USR_063013,Basic_Health
USR_063014,Basic_Health
USR_063015,Basic_Health
USR_063016,Basic_Health
USR_063017,Basic_Health
USR_063018,Auto_Liability_Basic
USR_063019,Basic_Health
USR_063020,Basic_Health
USR_063021,Health_Dental_Vision
USR_063022,Basic_Health
USR_063023,Health_Dental_Vision
USR_063024,Health_Dental_Vision
USR_063025,Basic_Health
USR_063026,Home_Premium
USR_063027,Health_Dental_Vision
USR_063028,Basic_Health
USR_063029,Basic_Health
USR_063030,Basic_Health
USR_063031,Basic_Health
USR_063032,Basic_Health
USR_063033,Health_Dental_Vision
USR_063034,Basic_Health
USR_063035,Family_Comprehensive
USR_063036,Basic_Health
USR_063037,Basic_Health
USR_063038,Family_Comprehensive
USR_063039,Basic_Health
USR_063040,Basic_Health
USR_063041,Basic_Health
USR_063042,Basic_Health
USR_063043,Basic_Health
USR_063044,Basic_Health
USR_063045,Basic_Health
USR_063046,Basic_Health
USR_063047,Basic_Health
USR_063048,Family_Comprehensive
USR_063049,Basic_Health
USR_063050,Basic_Health
USR_063051,Basic_Health
USR_063052,Basic_Health
USR_063053,Health_Dental_Vision
USR_063054,Basic_Health
USR_063055,Basic_Health
USR_063056,Basic_Health
USR_063057,Basic_Health
USR_063058,Health_Dental_Vision
USR_063059,Basic_Health
USR_063060,Family_Comprehensive
USR_063061,Family_Comprehensive
USR_063062,Basic_Health
USR_063063,Basic_Health
USR_063064,Basic_Health
USR_063065,Basic_Health
USR_063066,Basic_Health
USR_063067,Basic_Health
USR_063068,Health_Dental_Vision
USR_063069,Basic_Health
USR_063070,Basic_Health
USR_063071,Basic_Health
USR_063072,Basic_Health
USR_063073,Health_Dental_Vision
USR_063074,Basic_Health
USR_063075,Family_Comprehensive
USR_063076,Premium_Health_Life
USR_063077,Basic_Health
USR_063078,Health_Dental_Vision
USR_063079,Basic_Health
USR_063080,Basic_Health
USR_063081,Health_Dental_Vision
USR_063082,Basic_Health
USR_063083,Basic_Health
USR_063084,Basic_Health
USR_063085,Basic_Health
USR_063086,Basic_Health
USR_063087,Family_Comprehensive
USR_063088,Basic_Health
USR_063089,Basic_Health
USR_063090,Health_Dental_Vision
USR_063091,Health_Dental_Vision
USR_063092,Basic_Health
USR_063093,Basic_Health
USR_063094,Auto_Liability_Basic
USR_063095,Basic_Health
USR_063096,Health_Dental_Vision
USR_063097,Home_Standard
USR_063098,Basic_Health
USR_063099,Basic_Health
USR_063100,Basic_Health
USR_063101,Basic_Health
USR_063102,Basic_Health
USR_063103,Basic_Health
USR_063104,Auto_Liability_Basic
USR_063105,Basic_Health
USR_063106,Health_Dental_Vision
USR_063107,Health_Dental_Vision
USR_063108,Basic_Health
USR_063109,Health_Dental_Vision
USR_063110,Health_Dental_Vision
USR_063111,Health_Dental_Vision
USR_063112,Health_Dental_Vision
USR_063113,Health_Dental_Vision
USR_063114,Basic_Health
USR_063115,Health_Dental_Vision
USR_063116,Basic_Health
USR_063117,Basic_Health
USR_063118,Health_Dental_Vision
USR_063119,Health_Dental_Vision
USR_063120,Basic_Health
USR_063121,Premium_Health_Life
USR_063122,Family_Comprehensive
USR_063123,Health_Dental_Vision
USR_063124,Health_Dental_Vision
USR_063125,Basic_Health
USR_063126,Basic_Health
USR_063127,Basic_Health
USR_063128,Basic_Health
USR_063129,Basic_Health
USR_063130,Health_Dental_Vision
USR_063131,Basic_Health
USR_063132,Basic_Health
USR_063133,Basic_Health
USR_063134,Basic_Health
USR_063135,Basic_Health
USR_063136,Auto_Liability_Basic
USR_063137,Basic_Health
USR_063138,Basic_Health
USR_063139,Family_Comprehensive
USR_063140,Basic_Health
USR_063141,Basic_Health
USR_063142,Auto_Liability_Basic
USR_063143,Health_Dental_Vision
USR_063144,Basic_Health
USR_063145,Auto_Liability_Basic
USR_063146,Premium_Health_Life
USR_063147,Basic_Health
USR_063148,Basic_Health
USR_063149,Basic_Health
USR_063150,Health_Dental_Vision
USR_063151,Basic_Health
USR_063152,Auto_Liability_Basic
USR_063153,Basic_Health
USR_063154,Basic_Health
USR_063155,Family_Comprehensive
USR_063156,Health_Dental_Vision
USR_063157,Health_Dental_Vision
USR_063158,Basic_Health
USR_063159,Health_Dental_Vision
USR_063160,Basic_Health
USR_063161,Basic_Health
USR_063162,Health_Dental_Vision
USR_063163,Basic_Health
USR_063164,Family_Comprehensive
USR_063165,Basic_Health
USR_063166,Basic_Health
USR_063167,Basic_Health
USR_063168,Basic_Health
USR_063169,Health_Dental_Vision
USR_063170,Basic_Health
USR_063171,Auto_Liability_Basic
USR_063172,Basic_Health
USR_063173,Basic_Health
USR_063174,Basic_Health
USR_063175,Basic_Health
USR_063176,Basic_Health
USR_063177,Basic_Health
USR_063178,Basic_Health
USR_063179,Family_Comprehensive
USR_063180,Basic_Health
USR_063181,Basic_Health
USR_063182,Health_Dental_Vision
USR_063183,Basic_Health
USR_063184,Family_Comprehensive
USR_063185,Basic_Health
USR_063186,Health_Dental_Vision
USR_063187,Health_Dental_Vision
USR_063188,Family_Comprehensive
USR_063189,Auto_Liability_Basic
USR_063190,Basic_Health
USR_063191,Basic_Health
USR_063192,Health_Dental_Vision
USR_063193,Basic_Health
USR_063194,Basic_Health
USR_063195,Health_Dental_Vision
USR_063196,Basic_Health
USR_063197,Basic_Health
USR_063198,Basic_Health
USR_063199,Basic_Health
USR_063200,Basic_Health
USR_063201,Basic_Health
USR_063202,Health_Dental_Vision
USR_063203,Basic_Health
USR_063204,Health_Dental_Vision
USR_063205,Basic_Health
USR_063206,Health_Dental_Vision
USR_063207,Basic_Health
USR_063208,Basic_Health
USR_063209,Basic_Health
USR_063210,Basic_Health
USR_063211,Auto_Comprehensive
USR_063212,Basic_Health
USR_063213,Basic_Health
USR_063214,Basic_Health
USR_063215,Basic_Health
USR_063216,Basic_Health
USR_063217,Basic_Health
USR_063218,Basic_Health
USR_063219,Family_Comprehensive
USR_063220,Health_Dental_Vision
USR_063221,Basic_Health
USR_063222,Basic_Health
USR_063223,Family_Comprehensive
USR_063224,Family_Comprehensive
USR_063225,Basic_Health
USR_063226,Auto_Liability_Basic
USR_063227,Basic_Health
USR_063228,Basic_Health
USR_063229,Basic_Health
USR_063230,Basic_Health
USR_063231,Basic_Health
USR_063232,Health_Dental_Vision
USR_063233,Basic_Health
USR_063234,Basic_Health
USR_063235,Basic_Health
USR_063236,Basic_Health
USR_063237,Basic_Health
USR_063238,Health_Dental_Vision
USR_063239,Basic_Health
USR_063240,Basic_Health
USR_063241,Basic_Health
USR_063242,Basic_Health
USR_063243,Basic_Health
USR_063244,Basic_Health
USR_063245,Basic_Health
USR_063246,Home_Premium
USR_063247,Basic_Health
USR_063248,Basic_Health
USR_063249,Basic_Health
USR_063250,Premium_Health_Life
USR_063251,Basic_Health
USR_063252,Family_Comprehensive
USR_063253,Basic_Health
USR_063254,Auto_Comprehensive
USR_063255,Basic_Health
USR_063256,Basic_Health
USR_063257,Basic_Health
USR_063258,Health_Dental_Vision
USR_063259,Basic_Health
USR_063260,Family_Comprehensive
USR_063261,Health_Dental_Vision
USR_063262,Basic_Health
USR_063263,Basic_Health
USR_063264,Basic_Health
USR_063265,Basic_Health
USR_063266,Basic_Health
USR_063267,Basic_Health
USR_063268,Basic_Health
USR_063269,Basic_Health
USR_063270,Basic_Health
USR_063271,Basic_Health
USR_063272,Basic_Health
USR_063273,Auto_Liability_Basic
USR_063274,Basic_Health
USR_063275,Basic_Health
USR_063276,Family_Comprehensive
USR_063277,Basic_Health
USR_063278,Health_Dental_Vision
USR_063279,Basic_Health
USR_063280,Basic_Health
USR_063281,Basic_Health
USR_063282,Basic_Health
USR_063283,Basic_Health
USR_063284,Basic_Health
USR_063285,Basic_Health
USR_063286,Health_Dental_Vision
USR_063287,Basic_Health
USR_063288,Basic_Health
USR_063289,Basic_Health
USR_063290,Basic_Health
USR_063291,Basic_Health
USR_063292,Health_Dental_Vision
USR_063293,Family_Comprehensive
USR_063294,Premium_Health_Life
USR_063295,Basic_Health
USR_063296,Basic_Health
USR_063297,Basic_Health
USR_063298,Basic_Health
USR_063299,Basic_Health
USR_063300,Basic_Health
USR_063301,Basic_Health
USR_063302,Basic_Health
USR_063303,Basic_Health
USR_063304,Basic_Health
USR_063305,Basic_Health
USR_063306,Basic_Health
USR_063307,Basic_Health
USR_063308,Basic_Health
USR_063309,Basic_Health
USR_063310,Basic_Health
USR_063311,Basic_Health
USR_063312,Basic_Health
USR_063313,Basic_Health
USR_063314,Basic_Health
USR_063315,Family_Comprehensive
USR_063316,Basic_Health
USR_063317,Basic_Health
USR_063318,Health_Dental_Vision
USR_063319,Basic_Health
USR_063320,Basic_Health
USR_063321,Basic_Health
USR_063322,Basic_Health
USR_063323,Basic_Health
USR_063324,Basic_Health
USR_063325,Basic_Health
USR_063326,Basic_Health
USR_063327,Basic_Health
USR_063328,Health_Dental_Vision
USR_063329,Home_Standard
USR_063330,Basic_Health
USR_063331,Basic_Health
USR_063332,Basic_Health
USR_063333,Basic_Health
USR_063334,Basic_Health
USR_063335,Basic_Health
USR_063336,Health_Dental_Vision
USR_063337,Premium_Health_Life
USR_063338,Health_Dental_Vision
USR_063339,Basic_Health
USR_063340,Basic_Health
USR_063341,Basic_Health
USR_063342,Basic_Health
USR_063343,Health_Dental_Vision
USR_063344,Family_Comprehensive
USR_063345,Basic_Health
USR_063346,Basic_Health
USR_063347,Health_Dental_Vision
USR_063348,Auto_Liability_Basic
USR_063349,Basic_Health
USR_063350,Basic_Health
USR_063351,Basic_Health
USR_063352,Basic_Health
USR_063353,Basic_Health
USR_063354,Basic_Health
USR_063355,Basic_Health
USR_063356,Health_Dental_Vision
USR_063357,Basic_Health
USR_063358,Health_Dental_Vision
USR_063359,Basic_Health
USR_063360,Health_Dental_Vision
USR_063361,Basic_Health
USR_063362,Basic_Health
USR_063363,Basic_Health
USR_063364,Health_Dental_Vision
USR_063365,Basic_Health
USR_063366,Basic_Health
USR_063367,Basic_Health
USR_063368,Basic_Health
USR_063369,Basic_Health
USR_063370,Health_Dental_Vision
USR_063371,Basic_Health
USR_063372,Basic_Health
USR_063373,Health_Dental_Vision
USR_063374,Auto_Liability_Basic
USR_063375,Basic_Health
USR_063376,Basic_Health
USR_063377,Basic_Health
USR_063378,Basic_Health
USR_063379,Family_Comprehensive
USR_063380,Basic_Health
USR_063381,Basic_Health
USR_063382,Health_Dental_Vision
USR_063383,Premium_Health_Life
USR_063384,Basic_Health
USR_063385,Basic_Health
USR_063386,Basic_Health
USR_063387,Basic_Health
USR_063388,Basic_Health
USR_063389,Basic_Health
USR_063390,Auto_Liability_Basic
USR_063391,Basic_Health
USR_063392,Basic_Health
USR_063393,Basic_Health
USR_063394,Health_Dental_Vision
USR_063395,Basic_Health
USR_063396,Basic_Health
USR_063397,Auto_Liability_Basic
USR_063398,Basic_Health
USR_063399,Basic_Health
USR_063400,Basic_Health
USR_063401,Health_Dental_Vision
USR_063402,Basic_Health
USR_063403,Basic_Health
USR_063404,Basic_Health
USR_063405,Basic_Health
USR_063406,Basic_Health
USR_063407,Basic_Health
USR_063408,Family_Comprehensive
USR_063409,Basic_Health
USR_063410,Family_Comprehensive
USR_063411,Basic_Health
USR_063412,Basic_Health
USR_063413,Basic_Health
USR_063414,Basic_Health
USR_063415,Basic_Health
USR_063416,Basic_Health
USR_063417,Basic_Health
USR_063418,Basic_Health
USR_063419,Health_Dental_Vision
USR_063420,Basic_Health
USR_063421,Basic_Health
USR_063422,Health_Dental_Vision
USR_063423,Basic_Health
USR_063424,Basic_Health
USR_063425,Basic_Health
USR_063426,Basic_Health
USR_063427,Basic_Health
USR_063428,Basic_Health
USR_063429,Basic_Health
USR_063430,Basic_Health
USR_063431,Basic_Health
USR_063432,Basic_Health
USR_063433,Health_Dental_Vision
USR_063434,Basic_Health
USR_063435,Health_Dental_Vision
USR_063436,Health_Dental_Vision
USR_063437,Health_Dental_Vision
USR_063438,Basic_Health
USR_063439,Health_Dental_Vision
USR_063440,Basic_Health
USR_063441,Basic_Health
USR_063442,Basic_Health
USR_063443,Basic_Health
USR_063444,Basic_Health
USR_063445,Basic_Health
USR_063446,Basic_Health
USR_063447,Basic_Health
USR_063448,Basic_Health
USR_063449,Family_Comprehensive
USR_063450,Basic_Health
USR_063451,Health_Dental_Vision
USR_063452,Basic_Health
USR_063453,Health_Dental_Vision
USR_063454,Basic_Health
USR_063455,Basic_Health
USR_063456,Basic_Health
USR_063457,Basic_Health
USR_063458,Basic_Health
USR_063459,Basic_Health
USR_063460,Basic_Health
USR_063461,Basic_Health
USR_063462,Basic_Health
USR_063463,Basic_Health
USR_063464,Health_Dental_Vision
USR_063465,Basic_Health
USR_063466,Health_Dental_Vision
USR_063467,Basic_Health
USR_063468,Premium_Health_Life
USR_063469,Health_Dental_Vision
USR_063470,Basic_Health
USR_063471,Basic_Health
USR_063472,Health_Dental_Vision
USR_063473,Basic_Health
USR_063474,Family_Comprehensive
USR_063475,Basic_Health
USR_063476,Basic_Health
USR_063477,Basic_Health
USR_063478,Basic_Health
USR_063479,Basic_Health
USR_063480,Health_Dental_Vision
USR_063481,Basic_Health
USR_063482,Basic_Health
USR_063483,Auto_Liability_Basic
USR_063484,Basic_Health
USR_063485,Basic_Health
USR_063486,Basic_Health
USR_063487,Health_Dental_Vision
USR_063488,Basic_Health
USR_063489,Basic_Health
USR_063490,Basic_Health
USR_063491,Premium_Health_Life
USR_063492,Basic_Health
USR_063493,Basic_Health
USR_063494,Basic_Health
USR_063495,Basic_Health
USR_063496,Basic_Health
USR_063497,Basic_Health
USR_063498,Basic_Health
USR_063499,Basic_Health
USR_063500,Basic_Health
USR_063501,Basic_Health
USR_063502,Health_Dental_Vision
USR_063503,Auto_Liability_Basic
USR_063504,Basic_Health
USR_063505,Basic_Health
USR_063506,Basic_Health
USR_063507,Basic_Health
USR_063508,Family_Comprehensive
USR_063509,Home_Standard
USR_063510,Basic_Health
USR_063511,Basic_Health
USR_063512,Basic_Health
USR_063513,Health_Dental_Vision
USR_063514,Basic_Health
USR_063515,Basic_Health
USR_063516,Family_Comprehensive
USR_063517,Basic_Health
USR_063518,Basic_Health
USR_063519,Basic_Health
USR_063520,Health_Dental_Vision
USR_063521,Health_Dental_Vision
USR_063522,Basic_Health
USR_063523,Basic_Health
USR_063524,Basic_Health
USR_063525,Basic_Health
USR_063526,Basic_Health
USR_063527,Health_Dental_Vision
USR_063528,Basic_Health
USR_063529,Basic_Health
USR_063530,Basic_Health
USR_063531,Basic_Health
USR_063532,Basic_Health
USR_063533,Family_Comprehensive
USR_063534,Auto_Liability_Basic
USR_063535,Basic_Health
USR_063536,Basic_Health
USR_063537,Basic_Health
USR_063538,Basic_Health
USR_063539,Health_Dental_Vision
USR_063540,Family_Comprehensive
USR_063541,Family_Comprehensive
USR_063542,Auto_Liability_Basic
USR_063543,Health_Dental_Vision
USR_063544,Basic_Health
USR_063545,Basic_Health
USR_063546,Basic_Health
USR_063547,Basic_Health
USR_063548,Basic_Health
USR_063549,Basic_Health
USR_063550,Basic_Health
USR_063551,Health_Dental_Vision
USR_063552,Basic_Health
USR_063553,Health_Dental_Vision
USR_063554,Basic_Health
USR_063555,Family_Comprehensive
USR_063556,Basic_Health
USR_063557,Basic_Health
USR_063558,Basic_Health
USR_063559,Basic_Health
USR_063560,Basic_Health
USR_063561,Basic_Health
USR_063562,Family_Comprehensive
USR_063563,Auto_Liability_Basic
USR_063564,Health_Dental_Vision
USR_063565,Auto_Liability_Basic
USR_063566,Basic_Health
USR_063567,Health_Dental_Vision
USR_063568,Health_Dental_Vision
USR_063569,Health_Dental_Vision
USR_063570,Basic_Health
USR_063571,Health_Dental_Vision
USR_063572,Home_Premium
USR_063573,Basic_Health
USR_063574,Health_Dental_Vision
USR_063575,Auto_Liability_Basic
USR_063576,Auto_Liability_Basic
USR_063577,Auto_Liability_Basic
USR_063578,Health_Dental_Vision
USR_063579,Basic_Health
USR_063580,Health_Dental_Vision
USR_063581,Basic_Health
USR_063582,Basic_Health
USR_063583,Basic_Health
USR_063584,Basic_Health
USR_063585,Basic_Health
USR_063586,Basic_Health
USR_063587,Home_Premium
USR_063588,Basic_Health
USR_063589,Family_Comprehensive
USR_063590,Basic_Health
USR_063591,Basic_Health
USR_063592,Health_Dental_Vision
USR_063593,Premium_Health_Life
USR_063594,Family_Comprehensive
USR_063595,Health_Dental_Vision
USR_063596,Basic_Health
USR_063597,Basic_Health
USR_063598,Basic_Health
USR_063599,Basic_Health
USR_063600,Family_Comprehensive
USR_063601,Basic_Health
USR_063602,Basic_Health
USR_063603,Basic_Health
USR_063604,Basic_Health
USR_063605,Basic_Health
USR_063606,Basic_Health
USR_063607,Health_Dental_Vision
USR_063608,Basic_Health
USR_063609,Basic_Health
USR_063610,Basic_Health
USR_063611,Family_Comprehensive
USR_063612,Basic_Health
USR_063613,Basic_Health
USR_063614,Auto_Liability_Basic
USR_063615,Basic_Health
USR_063616,Health_Dental_Vision
USR_063617,Health_Dental_Vision
USR_063618,Basic_Health
USR_063619,Basic_Health
USR_063620,Basic_Health
USR_063621,Basic_Health
USR_063622,Basic_Health
USR_063623,Basic_Health
USR_063624,Basic_Health
USR_063625,Basic_Health
USR_063626,Health_Dental_Vision
USR_063627,Family_Comprehensive
USR_063628,Basic_Health
USR_063629,Basic_Health
USR_063630,Basic_Health
USR_063631,Basic_Health
USR_063632,Health_Dental_Vision
USR_063633,Basic_Health
USR_063634,Basic_Health
USR_063635,Basic_Health
USR_063636,Basic_Health
USR_063637,Health_Dental_Vision
USR_063638,Basic_Health
USR_063639,Basic_Health
USR_063640,Family_Comprehensive
USR_063641,Auto_Comprehensive
USR_063642,Basic_Health
USR_063643,Health_Dental_Vision
USR_063644,Family_Comprehensive
USR_063645,Basic_Health
USR_063646,Family_Comprehensive
USR_063647,Basic_Health
USR_063648,Health_Dental_Vision
USR_063649,Health_Dental_Vision
USR_063650,Basic_Health
USR_063651,Basic_Health
USR_063652,Basic_Health
USR_063653,Auto_Liability_Basic
USR_063654,Health_Dental_Vision
USR_063655,Basic_Health
USR_063656,Basic_Health
USR_063657,Home_Premium
USR_063658,Basic_Health
USR_063659,Basic_Health
USR_063660,Basic_Health
USR_063661,Basic_Health
USR_063662,Basic_Health
USR_063663,Family_Comprehensive
USR_063664,Basic_Health
USR_063665,Auto_Liability_Basic
USR_063666,Basic_Health
USR_063667,Basic_Health
USR_063668,Basic_Health
USR_063669,Basic_Health
USR_063670,Basic_Health
USR_063671,Basic_Health
USR_063672,Basic_Health
USR_063673,Basic_Health
USR_063674,Health_Dental_Vision
USR_063675,Health_Dental_Vision
USR_063676,Health_Dental_Vision
USR_063677,Basic_Health
USR_063678,Basic_Health
USR_063679,Basic_Health
USR_063680,Basic_Health
USR_063681,Health_Dental_Vision
USR_063682,Basic_Health
USR_063683,Basic_Health
USR_063684,Basic_Health
USR_063685,Basic_Health
USR_063686,Health_Dental_Vision
USR_063687,Basic_Health
USR_063688,Family_Comprehensive
USR_063689,Basic_Health
USR_063690,Basic_Health
USR_063691,Family_Comprehensive
USR_063692,Health_Dental_Vision
USR_063693,Basic_Health
USR_063694,Basic_Health
USR_063695,Basic_Health
USR_063696,Basic_Health
USR_063697,Basic_Health
USR_063698,Basic_Health
USR_063699,Premium_Health_Life
USR_063700,Health_Dental_Vision
USR_063701,Family_Comprehensive
USR_063702,Basic_Health
USR_063703,Basic_Health
USR_063704,Basic_Health
USR_063705,Basic_Health
USR_063706,Basic_Health
USR_063707,Health_Dental_Vision
USR_063708,Basic_Health
USR_063709,Health_Dental_Vision
USR_063710,Basic_Health
USR_063711,Basic_Health
USR_063712,Basic_Health
USR_063713,Basic_Health
USR_063714,Basic_Health
USR_063715,Basic_Health
USR_063716,Basic_Health
USR_063717,Basic_Health
USR_063718,Basic_Health
USR_063719,Basic_Health
USR_063720,Basic_Health
USR_063721,Basic_Health
USR_063722,Health_Dental_Vision
USR_063723,Basic_Health
USR_063724,Basic_Health
USR_063725,Auto_Liability_Basic
USR_063726,Health_Dental_Vision
USR_063727,Basic_Health
USR_063728,Basic_Health
USR_063729,Basic_Health
USR_063730,Basic_Health
USR_063731,Basic_Health
USR_063732,Basic_Health
USR_063733,Family_Comprehensive
USR_063734,Health_Dental_Vision
USR_063735,Basic_Health
USR_063736,Basic_Health
USR_063737,Basic_Health
USR_063738,Auto_Comprehensive
USR_063739,Basic_Health
USR_063740,Basic_Health
USR_063741,Basic_Health
USR_063742,Basic_Health
USR_063743,Basic_Health
USR_063744,Basic_Health
USR_063745,Health_Dental_Vision
USR_063746,Basic_Health
USR_063747,Health_Dental_Vision
USR_063748,Home_Premium
USR_063749,Basic_Health
USR_063750,Home_Standard
USR_063751,Basic_Health
USR_063752,Basic_Health
USR_063753,Basic_Health
USR_063754,Health_Dental_Vision
USR_063755,Basic_Health
USR_063756,Basic_Health
USR_063757,Basic_Health
USR_063758,Basic_Health
USR_063759,Basic_Health
USR_063760,Health_Dental_Vision
USR_063761,Basic_Health
USR_063762,Health_Dental_Vision
USR_063763,Basic_Health
USR_063764,Basic_Health
USR_063765,Home_Premium
USR_063766,Basic_Health
USR_063767,Health_Dental_Vision
USR_063768,Health_Dental_Vision
USR_063769,Premium_Health_Life
USR_063770,Basic_Health
USR_063771,Basic_Health
USR_063772,Family_Comprehensive
USR_063773,Basic_Health
USR_063774,Basic_Health
USR_063775,Basic_Health
USR_063776,Basic_Health
USR_063777,Basic_Health
USR_063778,Basic_Health
USR_063779,Basic_Health
USR_063780,Basic_Health
USR_063781,Basic_Health
USR_063782,Basic_Health
USR_063783,Basic_Health
USR_063784,Basic_Health
USR_063785,Auto_Liability_Basic
USR_063786,Basic_Health
USR_063787,Basic_Health
USR_063788,Basic_Health
USR_063789,Basic_Health
USR_063790,Basic_Health
USR_063791,Basic_Health
USR_063792,Basic_Health
USR_063793,Health_Dental_Vision
USR_063794,Basic_Health
USR_063795,Basic_Health
USR_063796,Basic_Health
USR_063797,Basic_Health
USR_063798,Basic_Health
USR_063799,Basic_Health
USR_063800,Basic_Health
USR_063801,Home_Premium
USR_063802,Family_Comprehensive
USR_063803,Basic_Health
USR_063804,Basic_Health
USR_063805,Basic_Health
USR_063806,Family_Comprehensive
USR_063807,Basic_Health
USR_063808,Health_Dental_Vision
USR_063809,Home_Premium
USR_063810,Basic_Health
USR_063811,Family_Comprehensive
USR_063812,Basic_Health
USR_063813,Basic_Health
USR_063814,Health_Dental_Vision
USR_063815,Family_Comprehensive
USR_063816,Auto_Liability_Basic
USR_063817,Basic_Health
USR_063818,Basic_Health
USR_063819,Family_Comprehensive
USR_063820,Basic_Health
USR_063821,Basic_Health
USR_063822,Basic_Health
USR_063823,Basic_Health
USR_063824,Basic_Health
USR_063825,Health_Dental_Vision
USR_063826,Basic_Health
USR_063827,Basic_Health
USR_063828,Basic_Health
USR_063829,Basic_Health
USR_063830,Basic_Health
USR_063831,Basic_Health
USR_063832,Basic_Health
USR_063833,Basic_Health
USR_063834,Basic_Health
USR_063835,Basic_Health
USR_063836,Basic_Health
USR_063837,Basic_Health
USR_063838,Basic_Health
USR_063839,Health_Dental_Vision
USR_063840,Health_Dental_Vision
USR_063841,Basic_Health
USR_063842,Basic_Health
USR_063843,Basic_Health
USR_063844,Basic_Health
USR_063845,Basic_Health
USR_063846,Health_Dental_Vision
USR_063847,Basic_Health
USR_063848,Basic_Health
USR_063849,Health_Dental_Vision
USR_063850,Health_Dental_Vision
USR_063851,Basic_Health
USR_063852,Basic_Health
USR_063853,Basic_Health
USR_063854,Basic_Health
USR_063855,Basic_Health
USR_063856,Basic_Health
USR_063857,Basic_Health
USR_063858,Health_Dental_Vision
USR_063859,Health_Dental_Vision
USR_063860,Basic_Health
USR_063861,Basic_Health
USR_063862,Basic_Health
USR_063863,Basic_Health
USR_063864,Health_Dental_Vision
USR_063865,Basic_Health
USR_063866,Health_Dental_Vision
USR_063867,Basic_Health
USR_063868,Auto_Liability_Basic
USR_063869,Basic_Health
USR_063870,Health_Dental_Vision
USR_063871,Basic_Health
USR_063872,Basic_Health
USR_063873,Basic_Health
USR_063874,Family_Comprehensive
USR_063875,Family_Comprehensive
USR_063876,Basic_Health
USR_063877,Health_Dental_Vision
USR_063878,Health_Dental_Vision
USR_063879,Health_Dental_Vision
USR_063880,Basic_Health
USR_063881,Basic_Health
USR_063882,Basic_Health
USR_063883,Health_Dental_Vision
USR_063884,Basic_Health
USR_063885,Home_Premium
USR_063886,Basic_Health
USR_063887,Basic_Health
USR_063888,Basic_Health
USR_063889,Basic_Health
USR_063890,Family_Comprehensive
USR_063891,Auto_Liability_Basic
USR_063892,Health_Dental_Vision
USR_063893,Auto_Liability_Basic
USR_063894,Health_Dental_Vision
USR_063895,Basic_Health
USR_063896,Family_Comprehensive
USR_063897,Basic_Health
USR_063898,Basic_Health
USR_063899,Basic_Health
USR_063900,Basic_Health
USR_063901,Basic_Health
USR_063902,Basic_Health
USR_063903,Health_Dental_Vision
USR_063904,Basic_Health
USR_063905,Basic_Health
USR_063906,Basic_Health
USR_063907,Basic_Health
USR_063908,Health_Dental_Vision
USR_063909,Basic_Health
USR_063910,Basic_Health
USR_063911,Family_Comprehensive
USR_063912,Health_Dental_Vision
USR_063913,Basic_Health
USR_063914,Basic_Health
USR_063915,Basic_Health
USR_063916,Basic_Health
USR_063917,Basic_Health
USR_063918,Basic_Health
USR_063919,Basic_Health
USR_063920,Basic_Health
USR_063921,Basic_Health
USR_063922,Basic_Health
USR_063923,Basic_Health
USR_063924,Basic_Health
USR_063925,Premium_Health_Life
USR_063926,Health_Dental_Vision
USR_063927,Basic_Health
USR_063928,Basic_Health
USR_063929,Family_Comprehensive
USR_063930,Basic_Health
USR_063931,Basic_Health
USR_063932,Basic_Health
USR_063933,Basic_Health
USR_063934,Health_Dental_Vision
USR_063935,Basic_Health
USR_063936,Basic_Health
USR_063937,Health_Dental_Vision
USR_063938,Basic_Health
USR_063939,Basic_Health
USR_063940,Basic_Health
USR_063941,Basic_Health
USR_063942,Premium_Health_Life
USR_063943,Basic_Health
USR_063944,Basic_Health
USR_063945,Basic_Health
USR_063946,Basic_Health
USR_063947,Family_Comprehensive
USR_063948,Basic_Health
USR_063949,Basic_Health
USR_063950,Health_Dental_Vision
USR_063951,Basic_Health
USR_063952,Health_Dental_Vision
USR_063953,Basic_Health
USR_063954,Basic_Health
USR_063955,Auto_Liability_Basic
USR_063956,Basic_Health
USR_063957,Basic_Health
USR_063958,Family_Comprehensive
USR_063959,Basic_Health
USR_063960,Basic_Health
USR_063961,Health_Dental_Vision
USR_063962,Basic_Health
USR_063963,Basic_Health
USR_063964,Basic_Health
USR_063965,Basic_Health
USR_063966,Basic_Health
USR_063967,Health_Dental_Vision
USR_063968,Basic_Health
USR_063969,Basic_Health
USR_063970,Auto_Comprehensive
USR_063971,Health_Dental_Vision
USR_063972,Family_Comprehensive
USR_063973,Basic_Health
USR_063974,Basic_Health
USR_063975,Basic_Health
USR_063976,Auto_Liability_Basic
USR_063977,Basic_Health
USR_063978,Basic_Health
USR_063979,Basic_Health
USR_063980,Basic_Health
USR_063981,Basic_Health
USR_063982,Basic_Health
USR_063983,Basic_Health
USR_063984,Family_Comprehensive
USR_063985,Basic_Health
USR_063986,Basic_Health
USR_063987,Basic_Health
USR_063988,Auto_Liability_Basic
USR_063989,Auto_Liability_Basic
USR_063990,Basic_Health
USR_063991,Auto_Liability_Basic
USR_063992,Basic_Health
USR_063993,Basic_Health
USR_063994,Basic_Health
USR_063995,Basic_Health
USR_063996,Basic_Health
USR_063997,Basic_Health
USR_063998,Basic_Health
USR_063999,Basic_Health
USR_064000,Health_Dental_Vision
USR_064001,Basic_Health
USR_064002,Basic_Health
USR_064003,Basic_Health
USR_064004,Basic_Health
USR_064005,Basic_Health
USR_064006,Basic_Health
USR_064007,Basic_Health
USR_064008,Auto_Liability_Basic
USR_064009,Basic_Health
USR_064010,Basic_Health
USR_064011,Family_Comprehensive
USR_064012,Family_Comprehensive
USR_064013,Basic_Health
USR_064014,Basic_Health
USR_064015,Premium_Health_Life
USR_064016,Basic_Health
USR_064017,Basic_Health
USR_064018,Basic_Health
USR_064019,Basic_Health
USR_064020,Basic_Health
USR_064021,Health_Dental_Vision
USR_064022,Basic_Health
USR_064023,Basic_Health
USR_064024,Basic_Health
USR_064025,Basic_Health
USR_064026,Family_Comprehensive
USR_064027,Basic_Health
USR_064028,Health_Dental_Vision
USR_064029,Basic_Health
USR_064030,Health_Dental_Vision
USR_064031,Basic_Health
USR_064032,Basic_Health
USR_064033,Basic_Health
USR_064034,Health_Dental_Vision
USR_064035,Basic_Health
USR_064036,Basic_Health
USR_064037,Basic_Health
USR_064038,Basic_Health
USR_064039,Health_Dental_Vision
USR_064040,Basic_Health
USR_064041,Basic_Health
USR_064042,Home_Premium
USR_064043,Basic_Health
USR_064044,Health_Dental_Vision
USR_064045,Basic_Health
USR_064046,Basic_Health
USR_064047,Health_Dental_Vision
USR_064048,Health_Dental_Vision
USR_064049,Premium_Health_Life
USR_064050,Health_Dental_Vision
USR_064051,Basic_Health
USR_064052,Family_Comprehensive
USR_064053,Health_Dental_Vision
USR_064054,Basic_Health
USR_064055,Family_Comprehensive
USR_064056,Health_Dental_Vision
USR_064057,Basic_Health
USR_064058,Basic_Health
USR_064059,Basic_Health
USR_064060,Auto_Liability_Basic
USR_064061,Health_Dental_Vision
USR_064062,Health_Dental_Vision
USR_064063,Basic_Health
USR_064064,Basic_Health
USR_064065,Basic_Health
USR_064066,Basic_Health
USR_064067,Basic_Health
USR_064068,Health_Dental_Vision
USR_064069,Health_Dental_Vision
USR_064070,Basic_Health
USR_064071,Basic_Health
USR_064072,Basic_Health
USR_064073,Basic_Health
USR_064074,Basic_Health
USR_064075,Basic_Health
USR_064076,Basic_Health
USR_064077,Family_Comprehensive
USR_064078,Health_Dental_Vision
USR_064079,Basic_Health
USR_064080,Health_Dental_Vision
USR_064081,Premium_Health_Life
USR_064082,Basic_Health
USR_064083,Basic_Health
USR_064084,Premium_Health_Life
USR_064085,Basic_Health
USR_064086,Basic_Health
USR_064087,Health_Dental_Vision
USR_064088,Basic_Health
USR_064089,Auto_Comprehensive
USR_064090,Basic_Health
USR_064091,Basic_Health
USR_064092,Basic_Health
USR_064093,Basic_Health
USR_064094,Health_Dental_Vision
USR_064095,Basic_Health
USR_064096,Home_Premium
USR_064097,Family_Comprehensive
USR_064098,Health_Dental_Vision
USR_064099,Home_Standard
USR_064100,Basic_Health
USR_064101,Basic_Health
USR_064102,Basic_Health
USR_064103,Basic_Health
USR_064104,Basic_Health
USR_064105,Basic_Health
USR_064106,Basic_Health
USR_064107,Basic_Health
USR_064108,Auto_Liability_Basic
USR_064109,Basic_Health
USR_064110,Basic_Health
USR_064111,Basic_Health
USR_064112,Basic_Health
USR_064113,Health_Dental_Vision
USR_064114,Basic_Health
USR_064115,Basic_Health
USR_064116,Basic_Health
USR_064117,Health_Dental_Vision
USR_064118,Basic_Health
USR_064119,Premium_Health_Life
USR_064120,Basic_Health
USR_064121,Basic_Health
USR_064122,Health_Dental_Vision
USR_064123,Basic_Health
USR_064124,Basic_Health
USR_064125,Basic_Health
USR_064126,Health_Dental_Vision
USR_064127,Basic_Health
USR_064128,Basic_Health
USR_064129,Premium_Health_Life
USR_064130,Basic_Health
USR_064131,Health_Dental_Vision
USR_064132,Basic_Health
USR_064133,Basic_Health
USR_064134,Health_Dental_Vision
USR_064135,Basic_Health
USR_064136,Basic_Health
USR_064137,Health_Dental_Vision
USR_064138,Health_Dental_Vision
USR_064139,Health_Dental_Vision
USR_064140,Auto_Liability_Basic
USR_064141,Auto_Liability_Basic
USR_064142,Health_Dental_Vision
USR_064143,Basic_Health
USR_064144,Basic_Health
USR_064145,Family_Comprehensive
USR_064146,Basic_Health
USR_064147,Family_Comprehensive
USR_064148,Basic_Health
USR_064149,Basic_Health
USR_064150,Basic_Health
USR_064151,Basic_Health
USR_064152,Basic_Health
USR_064153,Basic_Health
USR_064154,Basic_Health
USR_064155,Auto_Liability_Basic
USR_064156,Basic_Health
USR_064157,Basic_Health
USR_064158,Health_Dental_Vision
USR_064159,Basic_Health
USR_064160,Health_Dental_Vision
USR_064161,Family_Comprehensive
USR_064162,Basic_Health
USR_064163,Family_Comprehensive
USR_064164,Basic_Health
USR_064165,Basic_Health
USR_064166,Basic_Health
USR_064167,Basic_Health
USR_064168,Basic_Health
USR_064169,Basic_Health
USR_064170,Basic_Health
USR_064171,Basic_Health
USR_064172,Basic_Health
USR_064173,Health_Dental_Vision
USR_064174,Basic_Health
USR_064175,Basic_Health
USR_064176,Basic_Health
USR_064177,Basic_Health
USR_064178,Health_Dental_Vision
USR_064179,Basic_Health
USR_064180,Health_Dental_Vision
USR_064181,Basic_Health
USR_064182,Basic_Health
USR_064183,Auto_Liability_Basic
USR_064184,Basic_Health
USR_064185,Basic_Health
USR_064186,Health_Dental_Vision
USR_064187,Basic_Health
USR_064188,Basic_Health
USR_064189,Basic_Health
USR_064190,Health_Dental_Vision
USR_064191,Basic_Health
USR_064192,Health_Dental_Vision
USR_064193,Basic_Health
USR_064194,Basic_Health
USR_064195,Basic_Health
USR_064196,Basic_Health
USR_064197,Health_Dental_Vision
USR_064198,Basic_Health
USR_064199,Basic_Health
USR_064200,Health_Dental_Vision
USR_064201,Basic_Health
USR_064202,Basic_Health
USR_064203,Basic_Health
USR_064204,Health_Dental_Vision
USR_064205,Basic_Health
USR_064206,Basic_Health
USR_064207,Basic_Health
USR_064208,Family_Comprehensive
USR_064209,Basic_Health
USR_064210,Auto_Liability_Basic
USR_064211,Basic_Health
USR_064212,Basic_Health
USR_064213,Basic_Health
USR_064214,Basic_Health
USR_064215,Basic_Health
USR_064216,Basic_Health
USR_064217,Health_Dental_Vision
USR_064218,Basic_Health
USR_064219,Basic_Health
USR_064220,Basic_Health
USR_064221,Basic_Health
USR_064222,Basic_Health
USR_064223,Basic_Health
USR_064224,Basic_Health
USR_064225,Basic_Health
USR_064226,Basic_Health
USR_064227,Basic_Health
USR_064228,Basic_Health
USR_064229,Health_Dental_Vision
USR_064230,Basic_Health
USR_064231,Basic_Health
USR_064232,Basic_Health
USR_064233,Auto_Liability_Basic
USR_064234,Basic_Health
USR_064235,Basic_Health
USR_064236,Basic_Health
USR_064237,Basic_Health
USR_064238,Basic_Health
USR_064239,Family_Comprehensive
USR_064240,Family_Comprehensive
USR_064241,Basic_Health
USR_064242,Basic_Health
USR_064243,Basic_Health
USR_064244,Basic_Health
USR_064245,Basic_Health
USR_064246,Basic_Health
USR_064247,Basic_Health
USR_064248,Auto_Liability_Basic
USR_064249,Basic_Health
USR_064250,Basic_Health
USR_064251,Basic_Health
USR_064252,Auto_Liability_Basic
USR_064253,Basic_Health
USR_064254,Basic_Health
USR_064255,Basic_Health
USR_064256,Basic_Health
USR_064257,Basic_Health
USR_064258,Basic_Health
USR_064259,Basic_Health
USR_064260,Basic_Health
USR_064261,Health_Dental_Vision
USR_064262,Basic_Health
USR_064263,Family_Comprehensive
USR_064264,Basic_Health
USR_064265,Health_Dental_Vision
USR_064266,Auto_Liability_Basic
USR_064267,Health_Dental_Vision
USR_064268,Basic_Health
USR_064269,Basic_Health
USR_064270,Basic_Health
USR_064271,Health_Dental_Vision
USR_064272,Basic_Health
USR_064273,Family_Comprehensive
USR_064274,Basic_Health
USR_064275,Basic_Health
USR_064276,Basic_Health
USR_064277,Basic_Health
USR_064278,Basic_Health
USR_064279,Basic_Health
USR_064280,Basic_Health
USR_064281,Basic_Health
USR_064282,Basic_Health
USR_064283,Basic_Health
USR_064284,Premium_Health_Life
USR_064285,Basic_Health
USR_064286,Basic_Health
USR_064287,Basic_Health
USR_064288,Home_Standard
USR_064289,Family_Comprehensive
USR_064290,Basic_Health
USR_064291,Basic_Health
USR_064292,Basic_Health
USR_064293,Basic_Health
USR_064294,Basic_Health
USR_064295,Health_Dental_Vision
USR_064296,Basic_Health
USR_064297,Basic_Health
USR_064298,Family_Comprehensive
USR_064299,Health_Dental_Vision
USR_064300,Auto_Liability_Basic
USR_064301,Basic_Health
USR_064302,Health_Dental_Vision
USR_064303,Basic_Health
USR_064304,Basic_Health
USR_064305,Basic_Health
USR_064306,Health_Dental_Vision
USR_064307,Auto_Liability_Basic
USR_064308,Family_Comprehensive
USR_064309,Health_Dental_Vision
USR_064310,Basic_Health
USR_064311,Basic_Health
USR_064312,Basic_Health
USR_064313,Health_Dental_Vision
USR_064314,Health_Dental_Vision
USR_064315,Health_Dental_Vision
USR_064316,Basic_Health
USR_064317,Basic_Health
USR_064318,Basic_Health
USR_064319,Basic_Health
USR_064320,Basic_Health
USR_064321,Basic_Health
USR_064322,Basic_Health
USR_064323,Health_Dental_Vision
USR_064324,Basic_Health
USR_064325,Basic_Health
USR_064326,Basic_Health
USR_064327,Family_Comprehensive
USR_064328,Basic_Health
USR_064329,Basic_Health
USR_064330,Basic_Health
USR_064331,Basic_Health
USR_064332,Basic_Health
USR_064333,Health_Dental_Vision
USR_064334,Basic_Health
USR_064335,Basic_Health
USR_064336,Basic_Health
USR_064337,Basic_Health
USR_064338,Basic_Health
USR_064339,Family_Comprehensive
USR_064340,Family_Comprehensive
USR_064341,Basic_Health
USR_064342,Basic_Health
USR_064343,Health_Dental_Vision
USR_064344,Basic_Health
USR_064345,Basic_Health
USR_064346,Health_Dental_Vision
USR_064347,Basic_Health
USR_064348,Basic_Health
USR_064349,Health_Dental_Vision
USR_064350,Health_Dental_Vision
USR_064351,Basic_Health
USR_064352,Basic_Health
USR_064353,Basic_Health
USR_064354,Basic_Health
USR_064355,Basic_Health
USR_064356,Health_Dental_Vision
USR_064357,Basic_Health
USR_064358,Auto_Comprehensive
USR_064359,Family_Comprehensive
USR_064360,Basic_Health
USR_064361,Basic_Health
USR_064362,Basic_Health
USR_064363,Home_Premium
USR_064364,Health_Dental_Vision
USR_064365,Auto_Liability_Basic
USR_064366,Basic_Health
USR_064367,Basic_Health
USR_064368,Basic_Health
USR_064369,Basic_Health
USR_064370,Basic_Health
USR_064371,Basic_Health
USR_064372,Basic_Health
USR_064373,Basic_Health
USR_064374,Basic_Health
USR_064375,Basic_Health
USR_064376,Basic_Health
USR_064377,Family_Comprehensive
USR_064378,Premium_Health_Life
USR_064379,Auto_Liability_Basic
USR_064380,Basic_Health
USR_064381,Health_Dental_Vision
USR_064382,Auto_Liability_Basic
USR_064383,Basic_Health
USR_064384,Basic_Health
USR_064385,Basic_Health
USR_064386,Basic_Health
USR_064387,Family_Comprehensive
USR_064388,Basic_Health
USR_064389,Basic_Health
USR_064390,Health_Dental_Vision
USR_064391,Basic_Health
USR_064392,Basic_Health
USR_064393,Premium_Health_Life
USR_064394,Basic_Health
USR_064395,Basic_Health
USR_064396,Basic_Health
USR_064397,Health_Dental_Vision
USR_064398,Basic_Health
USR_064399,Basic_Health
USR_064400,Basic_Health
USR_064401,Basic_Health
USR_064402,Basic_Health
USR_064403,Basic_Health
USR_064404,Basic_Health
USR_064405,Family_Comprehensive
USR_064406,Basic_Health
USR_064407,Family_Comprehensive
USR_064408,Basic_Health
USR_064409,Basic_Health
USR_064410,Basic_Health
USR_064411,Basic_Health
USR_064412,Basic_Health
USR_064413,Basic_Health
USR_064414,Basic_Health
USR_064415,Basic_Health
USR_064416,Basic_Health
USR_064417,Basic_Health
USR_064418,Health_Dental_Vision
USR_064419,Basic_Health
USR_064420,Health_Dental_Vision
USR_064421,Basic_Health
USR_064422,Basic_Health
USR_064423,Basic_Health
USR_064424,Health_Dental_Vision
USR_064425,Basic_Health
USR_064426,Family_Comprehensive
USR_064427,Health_Dental_Vision
USR_064428,Basic_Health
USR_064429,Basic_Health
USR_064430,Health_Dental_Vision
USR_064431,Family_Comprehensive
USR_064432,Basic_Health
USR_064433,Basic_Health
USR_064434,Basic_Health
USR_064435,Health_Dental_Vision
USR_064436,Basic_Health
USR_064437,Auto_Liability_Basic
USR_064438,Premium_Health_Life
USR_064439,Auto_Liability_Basic
USR_064440,Basic_Health
USR_064441,Basic_Health
USR_064442,Auto_Liability_Basic
USR_064443,Basic_Health
USR_064444,Health_Dental_Vision
USR_064445,Basic_Health
USR_064446,Basic_Health
USR_064447,Family_Comprehensive
USR_064448,Basic_Health
USR_064449,Basic_Health
USR_064450,Home_Premium
USR_064451,Health_Dental_Vision
USR_064452,Basic_Health
USR_064453,Health_Dental_Vision
USR_064454,Basic_Health
USR_064455,Basic_Health
USR_064456,Basic_Health
USR_064457,Basic_Health
USR_064458,Premium_Health_Life
USR_064459,Basic_Health
USR_064460,Basic_Health
USR_064461,Health_Dental_Vision
USR_064462,Basic_Health
USR_064463,Basic_Health
USR_064464,Basic_Health
USR_064465,Basic_Health
USR_064466,Health_Dental_Vision
USR_064467,Basic_Health
USR_064468,Health_Dental_Vision
USR_064469,Basic_Health
USR_064470,Basic_Health
USR_064471,Basic_Health
USR_064472,Health_Dental_Vision
USR_064473,Health_Dental_Vision
USR_064474,Basic_Health
USR_064475,Health_Dental_Vision
USR_064476,Health_Dental_Vision
USR_064477,Basic_Health
USR_064478,Basic_Health
USR_064479,Health_Dental_Vision
USR_064480,Basic_Health
USR_064481,Basic_Health
USR_064482,Basic_Health
USR_064483,Basic_Health
USR_064484,Health_Dental_Vision
USR_064485,Health_Dental_Vision
USR_064486,Basic_Health
USR_064487,Basic_Health
USR_064488,Health_Dental_Vision
USR_064489,Basic_Health
USR_064490,Basic_Health
USR_064491,Basic_Health
USR_064492,Basic_Health
USR_064493,Family_Comprehensive
USR_064494,Basic_Health
USR_064495,Basic_Health
USR_064496,Family_Comprehensive
USR_064497,Health_Dental_Vision
USR_064498,Basic_Health
USR_064499,Family_Comprehensive
USR_064500,Basic_Health
USR_064501,Basic_Health
USR_064502,Basic_Health
USR_064503,Health_Dental_Vision
USR_064504,Basic_Health
USR_064505,Basic_Health
USR_064506,Basic_Health
USR_064507,Basic_Health
USR_064508,Health_Dental_Vision
USR_064509,Health_Dental_Vision
USR_064510,Basic_Health
USR_064511,Premium_Health_Life
USR_064512,Basic_Health
USR_064513,Basic_Health
USR_064514,Health_Dental_Vision
USR_064515,Basic_Health
USR_064516,Health_Dental_Vision
USR_064517,Basic_Health
USR_064518,Basic_Health
USR_064519,Family_Comprehensive
USR_064520,Basic_Health
USR_064521,Basic_Health
USR_064522,Basic_Health
USR_064523,Premium_Health_Life
USR_064524,Basic_Health
USR_064525,Basic_Health
USR_064526,Health_Dental_Vision
USR_064527,Auto_Liability_Basic
USR_064528,Basic_Health
USR_064529,Basic_Health
USR_064530,Basic_Health
USR_064531,Basic_Health
USR_064532,Health_Dental_Vision
USR_064533,Health_Dental_Vision
USR_064534,Basic_Health
USR_064535,Basic_Health
USR_064536,Basic_Health
USR_064537,Basic_Health
USR_064538,Basic_Health
USR_064539,Auto_Liability_Basic
USR_064540,Basic_Health
USR_064541,Basic_Health
USR_064542,Family_Comprehensive
USR_064543,Basic_Health
USR_064544,Auto_Liability_Basic
USR_064545,Health_Dental_Vision
USR_064546,Basic_Health
USR_064547,Health_Dental_Vision
USR_064548,Basic_Health
USR_064549,Basic_Health
USR_064550,Basic_Health
USR_064551,Basic_Health
USR_064552,Basic_Health
USR_064553,Basic_Health
USR_064554,Basic_Health
USR_064555,Basic_Health
USR_064556,Health_Dental_Vision
USR_064557,Basic_Health
USR_064558,Health_Dental_Vision
USR_064559,Basic_Health
USR_064560,Basic_Health
USR_064561,Auto_Liability_Basic
USR_064562,Basic_Health
USR_064563,Basic_Health
USR_064564,Basic_Health
USR_064565,Basic_Health
USR_064566,Basic_Health
USR_064567,Basic_Health
USR_064568,Basic_Health
USR_064569,Health_Dental_Vision
USR_064570,Basic_Health
USR_064571,Auto_Liability_Basic
USR_064572,Basic_Health
USR_064573,Health_Dental_Vision
USR_064574,Basic_Health
USR_064575,Basic_Health
USR_064576,Basic_Health
USR_064577,Basic_Health
USR_064578,Health_Dental_Vision
USR_064579,Basic_Health
USR_064580,Health_Dental_Vision
USR_064581,Family_Comprehensive
USR_064582,Basic_Health
USR_064583,Basic_Health
USR_064584,Health_Dental_Vision
USR_064585,Basic_Health
USR_064586,Basic_Health
USR_064587,Basic_Health
USR_064588,Basic_Health
USR_064589,Basic_Health
USR_064590,Basic_Health
USR_064591,Health_Dental_Vision
USR_064592,Basic_Health
USR_064593,Basic_Health
USR_064594,Basic_Health
USR_064595,Health_Dental_Vision
USR_064596,Basic_Health
USR_064597,Basic_Health
USR_064598,Home_Standard
USR_064599,Basic_Health
USR_064600,Basic_Health
USR_064601,Basic_Health
USR_064602,Basic_Health
USR_064603,Basic_Health
USR_064604,Auto_Liability_Basic
USR_064605,Auto_Liability_Basic
USR_064606,Basic_Health
USR_064607,Basic_Health
USR_064608,Basic_Health
USR_064609,Basic_Health
USR_064610,Basic_Health
USR_064611,Basic_Health
USR_064612,Basic_Health
USR_064613,Basic_Health
USR_064614,Basic_Health
USR_064615,Basic_Health
USR_064616,Family_Comprehensive
USR_064617,Basic_Health
USR_064618,Auto_Liability_Basic
USR_064619,Basic_Health
USR_064620,Basic_Health
USR_064621,Basic_Health
USR_064622,Basic_Health
USR_064623,Basic_Health
USR_064624,Health_Dental_Vision
USR_064625,Basic_Health
USR_064626,Family_Comprehensive
USR_064627,Auto_Liability_Basic
USR_064628,Health_Dental_Vision
USR_064629,Basic_Health
USR_064630,Basic_Health
USR_064631,Family_Comprehensive
USR_064632,Health_Dental_Vision
USR_064633,Basic_Health
USR_064634,Basic_Health
USR_064635,Health_Dental_Vision
USR_064636,Basic_Health
USR_064637,Auto_Liability_Basic
USR_064638,Basic_Health
USR_064639,Health_Dental_Vision
USR_064640,Basic_Health
USR_064641,Auto_Liability_Basic
USR_064642,Basic_Health
USR_064643,Basic_Health
USR_064644,Basic_Health
USR_064645,Family_Comprehensive
USR_064646,Basic_Health
USR_064647,Basic_Health
USR_064648,Basic_Health
USR_064649,Basic_Health
USR_064650,Basic_Health
USR_064651,Basic_Health
USR_064652,Basic_Health
USR_064653,Basic_Health
USR_064654,Basic_Health
USR_064655,Basic_Health
USR_064656,Basic_Health
USR_064657,Health_Dental_Vision
USR_064658,Basic_Health
USR_064659,Basic_Health
USR_064660,Basic_Health
USR_064661,Family_Comprehensive
USR_064662,Basic_Health
USR_064663,Basic_Health
USR_064664,Health_Dental_Vision
USR_064665,Basic_Health
USR_064666,Basic_Health
USR_064667,Basic_Health
USR_064668,Basic_Health
USR_064669,Basic_Health
USR_064670,Basic_Health
USR_064671,Basic_Health
USR_064672,Basic_Health
USR_064673,Basic_Health
USR_064674,Basic_Health
USR_064675,Health_Dental_Vision
USR_064676,Basic_Health
USR_064677,Health_Dental_Vision
USR_064678,Basic_Health
USR_064679,Basic_Health
USR_064680,Basic_Health
USR_064681,Basic_Health
USR_064682,Family_Comprehensive
USR_064683,Basic_Health
USR_064684,Basic_Health
USR_064685,Home_Premium
USR_064686,Basic_Health
USR_064687,Health_Dental_Vision
USR_064688,Basic_Health
USR_064689,Basic_Health
USR_064690,Basic_Health
USR_064691,Basic_Health
USR_064692,Basic_Health
USR_064693,Basic_Health
USR_064694,Home_Standard
USR_064695,Basic_Health
USR_064696,Basic_Health
USR_064697,Basic_Health
USR_064698,Basic_Health
USR_064699,Basic_Health
USR_064700,Health_Dental_Vision
USR_064701,Basic_Health
USR_064702,Basic_Health
USR_064703,Basic_Health
USR_064704,Basic_Health
USR_064705,Basic_Health
USR_064706,Basic_Health
USR_064707,Basic_Health
USR_064708,Basic_Health
USR_064709,Family_Comprehensive
USR_064710,Basic_Health
USR_064711,Basic_Health
USR_064712,Health_Dental_Vision
USR_064713,Basic_Health
USR_064714,Basic_Health
USR_064715,Basic_Health
USR_064716,Basic_Health
USR_064717,Basic_Health
USR_064718,Health_Dental_Vision
USR_064719,Basic_Health
USR_064720,Basic_Health
USR_064721,Health_Dental_Vision
USR_064722,Basic_Health
USR_064723,Basic_Health
USR_064724,Basic_Health
USR_064725,Basic_Health
USR_064726,Basic_Health
USR_064727,Basic_Health
USR_064728,Basic_Health
USR_064729,Basic_Health
USR_064730,Basic_Health
USR_064731,Health_Dental_Vision
USR_064732,Basic_Health
USR_064733,Health_Dental_Vision
USR_064734,Basic_Health
USR_064735,Health_Dental_Vision
USR_064736,Health_Dental_Vision
USR_064737,Basic_Health
USR_064738,Basic_Health
USR_064739,Premium_Health_Life
USR_064740,Basic_Health
USR_064741,Basic_Health
USR_064742,Family_Comprehensive
USR_064743,Basic_Health
USR_064744,Auto_Liability_Basic
USR_064745,Auto_Liability_Basic
USR_064746,Basic_Health
USR_064747,Basic_Health
USR_064748,Basic_Health
USR_064749,Basic_Health
USR_064750,Basic_Health
USR_064751,Health_Dental_Vision
USR_064752,Basic_Health
USR_064753,Basic_Health
USR_064754,Basic_Health
USR_064755,Health_Dental_Vision
USR_064756,Health_Dental_Vision
USR_064757,Basic_Health
USR_064758,Basic_Health
USR_064759,Family_Comprehensive
USR_064760,Basic_Health
USR_064761,Basic_Health
USR_064762,Basic_Health
USR_064763,Health_Dental_Vision
USR_064764,Basic_Health
USR_064765,Basic_Health
USR_064766,Family_Comprehensive
USR_064767,Health_Dental_Vision
USR_064768,Basic_Health
USR_064769,Health_Dental_Vision
USR_064770,Premium_Health_Life
USR_064771,Basic_Health
USR_064772,Basic_Health
USR_064773,Basic_Health
USR_064774,Basic_Health
USR_064775,Basic_Health
USR_064776,Basic_Health
USR_064777,Basic_Health
USR_064778,Basic_Health
USR_064779,Basic_Health
USR_064780,Basic_Health
USR_064781,Basic_Health
USR_064782,Basic_Health
USR_064783,Basic_Health
USR_064784,Family_Comprehensive
USR_064785,Basic_Health
USR_064786,Basic_Health
USR_064787,Basic_Health
USR_064788,Health_Dental_Vision
USR_064789,Basic_Health
USR_064790,Basic_Health
USR_064791,Basic_Health
USR_064792,Basic_Health
USR_064793,Basic_Health
USR_064794,Family_Comprehensive
USR_064795,Basic_Health
USR_064796,Basic_Health
USR_064797,Basic_Health
USR_064798,Basic_Health
USR_064799,Basic_Health
USR_064800,Basic_Health
USR_064801,Basic_Health
USR_064802,Basic_Health
USR_064803,Basic_Health
USR_064804,Basic_Health
USR_064805,Basic_Health
USR_064806,Family_Comprehensive
USR_064807,Basic_Health
USR_064808,Basic_Health
USR_064809,Basic_Health
USR_064810,Health_Dental_Vision
USR_064811,Health_Dental_Vision
USR_064812,Health_Dental_Vision
USR_064813,Basic_Health
USR_064814,Basic_Health
USR_064815,Family_Comprehensive
USR_064816,Basic_Health
USR_064817,Basic_Health
USR_064818,Basic_Health
USR_064819,Basic_Health
USR_064820,Home_Premium
USR_064821,Basic_Health
USR_064822,Basic_Health
USR_064823,Basic_Health
USR_064824,Basic_Health
USR_064825,Basic_Health
USR_064826,Basic_Health
USR_064827,Basic_Health
USR_064828,Health_Dental_Vision
USR_064829,Health_Dental_Vision
USR_064830,Basic_Health
USR_064831,Basic_Health
USR_064832,Health_Dental_Vision
USR_064833,Basic_Health
USR_064834,Health_Dental_Vision
USR_064835,Basic_Health
USR_064836,Health_Dental_Vision
USR_064837,Health_Dental_Vision
USR_064838,Auto_Liability_Basic
USR_064839,Basic_Health
USR_064840,Health_Dental_Vision
USR_064841,Basic_Health
USR_064842,Premium_Health_Life
USR_064843,Basic_Health
USR_064844,Basic_Health
USR_064845,Health_Dental_Vision
USR_064846,Basic_Health
USR_064847,Health_Dental_Vision
USR_064848,Basic_Health
USR_064849,Family_Comprehensive
USR_064850,Basic_Health
USR_064851,Basic_Health
USR_064852,Health_Dental_Vision
USR_064853,Basic_Health
USR_064854,Basic_Health
USR_064855,Basic_Health
USR_064856,Health_Dental_Vision
USR_064857,Basic_Health
USR_064858,Basic_Health
USR_064859,Basic_Health
USR_064860,Health_Dental_Vision
USR_064861,Basic_Health
USR_064862,Health_Dental_Vision
USR_064863,Basic_Health
USR_064864,Basic_Health
USR_064865,Basic_Health
USR_064866,Basic_Health
USR_064867,Basic_Health
USR_064868,Basic_Health
USR_064869,Health_Dental_Vision
USR_064870,Health_Dental_Vision
USR_064871,Basic_Health
USR_064872,Basic_Health
USR_064873,Health_Dental_Vision
USR_064874,Basic_Health
USR_064875,Basic_Health
USR_064876,Family_Comprehensive
USR_064877,Health_Dental_Vision
USR_064878,Basic_Health
USR_064879,Basic_Health
USR_064880,Basic_Health
USR_064881,Basic_Health
USR_064882,Basic_Health
USR_064883,Basic_Health
USR_064884,Family_Comprehensive
USR_064885,Basic_Health
USR_064886,Basic_Health
USR_064887,Basic_Health
USR_064888,Basic_Health
USR_064889,Basic_Health
USR_064890,Health_Dental_Vision
USR_064891,Basic_Health
USR_064892,Basic_Health
USR_064893,Basic_Health
USR_064894,Basic_Health
USR_064895,Basic_Health
USR_064896,Basic_Health
USR_064897,Basic_Health
USR_064898,Family_Comprehensive
USR_064899,Home_Standard
USR_064900,Basic_Health
USR_064901,Auto_Liability_Basic
USR_064902,Health_Dental_Vision
USR_064903,Basic_Health
USR_064904,Basic_Health
USR_064905,Basic_Health
USR_064906,Premium_Health_Life
USR_064907,Family_Comprehensive
USR_064908,Health_Dental_Vision
USR_064909,Basic_Health
USR_064910,Health_Dental_Vision
USR_064911,Family_Comprehensive
USR_064912,Basic_Health
USR_064913,Auto_Liability_Basic
USR_064914,Basic_Health
USR_064915,Health_Dental_Vision
USR_064916,Basic_Health
USR_064917,Basic_Health
USR_064918,Basic_Health
USR_064919,Family_Comprehensive
USR_064920,Basic_Health
USR_064921,Auto_Liability_Basic
USR_064922,Health_Dental_Vision
USR_064923,Basic_Health
USR_064924,Basic_Health
USR_064925,Basic_Health
USR_064926,Family_Comprehensive
USR_064927,Basic_Health
USR_064928,Basic_Health
USR_064929,Basic_Health
USR_064930,Family_Comprehensive
USR_064931,Health_Dental_Vision
USR_064932,Basic_Health
USR_064933,Auto_Liability_Basic
USR_064934,Basic_Health
USR_064935,Basic_Health
USR_064936,Premium_Health_Life
USR_064937,Basic_Health
USR_064938,Basic_Health
USR_064939,Basic_Health
USR_064940,Basic_Health
USR_064941,Family_Comprehensive
USR_064942,Health_Dental_Vision
USR_064943,Family_Comprehensive
USR_064944,Health_Dental_Vision
USR_064945,Basic_Health
USR_064946,Basic_Health
USR_064947,Basic_Health
USR_064948,Basic_Health
USR_064949,Basic_Health
USR_064950,Basic_Health
USR_064951,Premium_Health_Life
USR_064952,Basic_Health
USR_064953,Health_Dental_Vision
USR_064954,Health_Dental_Vision
USR_064955,Basic_Health
USR_064956,Basic_Health
USR_064957,Basic_Health
USR_064958,Basic_Health
USR_064959,Health_Dental_Vision
USR_064960,Basic_Health
USR_064961,Basic_Health
USR_064962,Premium_Health_Life
USR_064963,Basic_Health
USR_064964,Basic_Health
USR_064965,Basic_Health
USR_064966,Auto_Liability_Basic
USR_064967,Auto_Liability_Basic
USR_064968,Basic_Health
USR_064969,Basic_Health
USR_064970,Basic_Health
USR_064971,Auto_Liability_Basic
USR_064972,Basic_Health
USR_064973,Family_Comprehensive
USR_064974,Health_Dental_Vision
USR_064975,Basic_Health
USR_064976,Basic_Health
USR_064977,Basic_Health
USR_064978,Basic_Health
USR_064979,Basic_Health
USR_064980,Basic_Health
USR_064981,Basic_Health
USR_064982,Basic_Health
USR_064983,Home_Standard
USR_064984,Basic_Health
USR_064985,Health_Dental_Vision
USR_064986,Basic_Health
USR_064987,Basic_Health
USR_064988,Basic_Health
USR_064989,Basic_Health
USR_064990,Auto_Liability_Basic
USR_064991,Health_Dental_Vision
USR_064992,Family_Comprehensive
USR_064993,Basic_Health
USR_064994,Basic_Health
USR_064995,Health_Dental_Vision
USR_064996,Basic_Health
USR_064997,Basic_Health
USR_064998,Basic_Health
USR_064999,Basic_Health
USR_065000,Family_Comprehensive
USR_065001,Basic_Health
USR_065002,Basic_Health
USR_065003,Basic_Health
USR_065004,Basic_Health
USR_065005,Basic_Health
USR_065006,Basic_Health
USR_065007,Home_Premium
USR_065008,Family_Comprehensive
USR_065009,Health_Dental_Vision
USR_065010,Health_Dental_Vision
USR_065011,Basic_Health
USR_065012,Basic_Health
USR_065013,Basic_Health
USR_065014,Family_Comprehensive
USR_065015,Basic_Health
USR_065016,Basic_Health
USR_065017,Basic_Health
USR_065018,Basic_Health
USR_065019,Family_Comprehensive
USR_065020,Basic_Health
USR_065021,Family_Comprehensive
USR_065022,Basic_Health
USR_065023,Basic_Health
USR_065024,Basic_Health
USR_065025,Basic_Health
USR_065026,Basic_Health
USR_065027,Auto_Comprehensive
USR_065028,Family_Comprehensive
USR_065029,Basic_Health
USR_065030,Auto_Liability_Basic
USR_065031,Auto_Liability_Basic
USR_065032,Health_Dental_Vision
USR_065033,Home_Premium
USR_065034,Health_Dental_Vision
USR_065035,Basic_Health
USR_065036,Basic_Health
USR_065037,Basic_Health
USR_065038,Family_Comprehensive
USR_065039,Basic_Health
USR_065040,Basic_Health
USR_065041,Basic_Health
USR_065042,Basic_Health
USR_065043,Basic_Health
USR_065044,Basic_Health
USR_065045,Basic_Health
USR_065046,Auto_Liability_Basic
USR_065047,Premium_Health_Life
USR_065048,Basic_Health
USR_065049,Basic_Health
USR_065050,Basic_Health
USR_065051,Basic_Health
USR_065052,Health_Dental_Vision
USR_065053,Basic_Health
USR_065054,Basic_Health
USR_065055,Basic_Health
USR_065056,Basic_Health
USR_065057,Basic_Health
USR_065058,Basic_Health
USR_065059,Health_Dental_Vision
USR_065060,Health_Dental_Vision
USR_065061,Health_Dental_Vision
USR_065062,Basic_Health
USR_065063,Basic_Health
USR_065064,Basic_Health
USR_065065,Basic_Health
USR_065066,Basic_Health
USR_065067,Health_Dental_Vision
USR_065068,Basic_Health
USR_065069,Health_Dental_Vision
USR_065070,Basic_Health
USR_065071,Basic_Health
USR_065072,Basic_Health
USR_065073,Basic_Health
USR_065074,Basic_Health
USR_065075,Basic_Health
USR_065076,Basic_Health
USR_065077,Health_Dental_Vision
USR_065078,Basic_Health
USR_065079,Basic_Health
USR_065080,Health_Dental_Vision
USR_065081,Basic_Health
USR_065082,Basic_Health
USR_065083,Basic_Health
USR_065084,Basic_Health
USR_065085,Family_Comprehensive
USR_065086,Basic_Health
USR_065087,Basic_Health
USR_065088,Basic_Health
USR_065089,Basic_Health
USR_065090,Health_Dental_Vision
USR_065091,Health_Dental_Vision
USR_065092,Health_Dental_Vision
USR_065093,Basic_Health
USR_065094,Basic_Health
USR_065095,Basic_Health
USR_065096,Health_Dental_Vision
USR_065097,Health_Dental_Vision
USR_065098,Home_Premium
USR_065099,Basic_Health
USR_065100,Health_Dental_Vision
USR_065101,Basic_Health
USR_065102,Basic_Health
USR_065103,Basic_Health
USR_065104,Health_Dental_Vision
USR_065105,Basic_Health
USR_065106,Basic_Health
USR_065107,Basic_Health
USR_065108,Auto_Liability_Basic
USR_065109,Auto_Liability_Basic
USR_065110,Family_Comprehensive
USR_065111,Basic_Health
USR_065112,Health_Dental_Vision
USR_065113,Health_Dental_Vision
USR_065114,Basic_Health
USR_065115,Basic_Health
USR_065116,Basic_Health
USR_065117,Basic_Health
USR_065118,Health_Dental_Vision
USR_065119,Health_Dental_Vision
USR_065120,Basic_Health
USR_065121,Basic_Health
USR_065122,Basic_Health
USR_065123,Health_Dental_Vision
USR_065124,Basic_Health
USR_065125,Basic_Health
USR_065126,Basic_Health
USR_065127,Premium_Health_Life
USR_065128,Basic_Health
USR_065129,Health_Dental_Vision
USR_065130,Basic_Health
USR_065131,Home_Standard
USR_065132,Basic_Health
USR_065133,Basic_Health
USR_065134,Premium_Health_Life
USR_065135,Basic_Health
USR_065136,Auto_Liability_Basic
USR_065137,Health_Dental_Vision
USR_065138,Health_Dental_Vision
USR_065139,Basic_Health
USR_065140,Family_Comprehensive
USR_065141,Basic_Health
USR_065142,Basic_Health
USR_065143,Basic_Health
USR_065144,Basic_Health
USR_065145,Basic_Health
USR_065146,Family_Comprehensive
USR_065147,Health_Dental_Vision
USR_065148,Home_Standard
USR_065149,Family_Comprehensive
USR_065150,Basic_Health
USR_065151,Basic_Health
USR_065152,Basic_Health
USR_065153,Basic_Health
USR_065154,Basic_Health
USR_065155,Health_Dental_Vision
USR_065156,Basic_Health
USR_065157,Basic_Health
USR_065158,Basic_Health
USR_065159,Basic_Health
USR_065160,Basic_Health
USR_065161,Basic_Health
USR_065162,Basic_Health
USR_065163,Basic_Health
USR_065164,Basic_Health
USR_065165,Basic_Health
USR_065166,Health_Dental_Vision
USR_065167,Home_Premium
USR_065168,Basic_Health
USR_065169,Basic_Health
USR_065170,Health_Dental_Vision
USR_065171,Basic_Health
USR_065172,Health_Dental_Vision
USR_065173,Basic_Health
USR_065174,Basic_Health
USR_065175,Basic_Health
USR_065176,Auto_Liability_Basic
USR_065177,Health_Dental_Vision
USR_065178,Basic_Health
USR_065179,Basic_Health
USR_065180,Basic_Health
USR_065181,Family_Comprehensive
USR_065182,Basic_Health
USR_065183,Basic_Health
USR_065184,Basic_Health
USR_065185,Health_Dental_Vision
USR_065186,Basic_Health
USR_065187,Basic_Health
USR_065188,Basic_Health
USR_065189,Home_Premium
USR_065190,Basic_Health
USR_065191,Basic_Health
USR_065192,Health_Dental_Vision
USR_065193,Basic_Health
USR_065194,Basic_Health
USR_065195,Basic_Health
USR_065196,Basic_Health
USR_065197,Premium_Health_Life
USR_065198,Basic_Health
USR_065199,Health_Dental_Vision
USR_065200,Basic_Health
USR_065201,Basic_Health
USR_065202,Basic_Health
USR_065203,Basic_Health
USR_065204,Health_Dental_Vision
USR_065205,Basic_Health
USR_065206,Basic_Health
USR_065207,Basic_Health
USR_065208,Basic_Health
USR_065209,Basic_Health
USR_065210,Basic_Health
USR_065211,Basic_Health
USR_065212,Basic_Health
USR_065213,Basic_Health
USR_065214,Basic_Health
USR_065215,Health_Dental_Vision
USR_065216,Basic_Health
USR_065217,Family_Comprehensive
USR_065218,Health_Dental_Vision
USR_065219,Basic_Health
USR_065220,Basic_Health
USR_065221,Basic_Health
USR_065222,Basic_Health
USR_065223,Basic_Health
USR_065224,Basic_Health
USR_065225,Basic_Health
USR_065226,Premium_Health_Life
USR_065227,Health_Dental_Vision
USR_065228,Basic_Health
USR_065229,Basic_Health
USR_065230,Health_Dental_Vision
USR_065231,Basic_Health
USR_065232,Basic_Health
USR_065233,Basic_Health
USR_065234,Health_Dental_Vision
USR_065235,Basic_Health
USR_065236,Health_Dental_Vision
USR_065237,Health_Dental_Vision
USR_065238,Health_Dental_Vision
USR_065239,Health_Dental_Vision
USR_065240,Basic_Health
USR_065241,Basic_Health
USR_065242,Basic_Health
USR_065243,Basic_Health
USR_065244,Basic_Health
USR_065245,Health_Dental_Vision
USR_065246,Basic_Health
USR_065247,Health_Dental_Vision
USR_065248,Basic_Health
USR_065249,Basic_Health
USR_065250,Basic_Health
USR_065251,Basic_Health
USR_065252,Home_Standard
USR_065253,Basic_Health
USR_065254,Basic_Health
USR_065255,Basic_Health
USR_065256,Basic_Health
USR_065257,Basic_Health
USR_065258,Basic_Health
USR_065259,Basic_Health
USR_065260,Basic_Health
USR_065261,Health_Dental_Vision
USR_065262,Health_Dental_Vision
USR_065263,Health_Dental_Vision
USR_065264,Health_Dental_Vision
USR_065265,Health_Dental_Vision
USR_065266,Basic_Health
USR_065267,Basic_Health
USR_065268,Premium_Health_Life
USR_065269,Health_Dental_Vision
USR_065270,Basic_Health
USR_065271,Basic_Health
USR_065272,Family_Comprehensive
USR_065273,Basic_Health
USR_065274,Basic_Health
USR_065275,Health_Dental_Vision
USR_065276,Health_Dental_Vision
USR_065277,Basic_Health
USR_065278,Basic_Health
USR_065279,Basic_Health
USR_065280,Basic_Health
USR_065281,Basic_Health
USR_065282,Basic_Health
USR_065283,Basic_Health
USR_065284,Home_Premium
USR_065285,Health_Dental_Vision
USR_065286,Basic_Health
USR_065287,Basic_Health
USR_065288,Basic_Health
USR_065289,Premium_Health_Life
USR_065290,Health_Dental_Vision
USR_065291,Basic_Health
USR_065292,Basic_Health
USR_065293,Basic_Health
USR_065294,Basic_Health
USR_065295,Basic_Health
USR_065296,Basic_Health
USR_065297,Basic_Health
USR_065298,Premium_Health_Life
USR_065299,Basic_Health
USR_065300,Health_Dental_Vision
USR_065301,Health_Dental_Vision
USR_065302,Home_Premium
USR_065303,Basic_Health
USR_065304,Family_Comprehensive
USR_065305,Basic_Health
USR_065306,Basic_Health
USR_065307,Basic_Health
USR_065308,Auto_Liability_Basic
USR_065309,Basic_Health
USR_065310,Family_Comprehensive
USR_065311,Premium_Health_Life
USR_065312,Health_Dental_Vision
USR_065313,Basic_Health
USR_065314,Basic_Health
USR_065315,Basic_Health
USR_065316,Basic_Health
USR_065317,Basic_Health
USR_065318,Basic_Health
USR_065319,Basic_Health
USR_065320,Health_Dental_Vision
USR_065321,Basic_Health
USR_065322,Auto_Liability_Basic
USR_065323,Basic_Health
USR_065324,Basic_Health
USR_065325,Auto_Liability_Basic
USR_065326,Basic_Health
USR_065327,Health_Dental_Vision
USR_065328,Basic_Health
USR_065329,Basic_Health
USR_065330,Basic_Health
USR_065331,Basic_Health
USR_065332,Basic_Health
USR_065333,Basic_Health
USR_065334,Health_Dental_Vision
USR_065335,Basic_Health
USR_065336,Health_Dental_Vision
USR_065337,Health_Dental_Vision
USR_065338,Family_Comprehensive
USR_065339,Health_Dental_Vision
USR_065340,Basic_Health
USR_065341,Health_Dental_Vision
USR_065342,Basic_Health
USR_065343,Basic_Health
USR_065344,Basic_Health
USR_065345,Auto_Liability_Basic
USR_065346,Basic_Health
USR_065347,Basic_Health
USR_065348,Basic_Health
USR_065349,Auto_Liability_Basic
USR_065350,Basic_Health
USR_065351,Basic_Health
USR_065352,Premium_Health_Life
USR_065353,Basic_Health
USR_065354,Basic_Health
USR_065355,Health_Dental_Vision
USR_065356,Basic_Health
USR_065357,Basic_Health
USR_065358,Basic_Health
USR_065359,Basic_Health
USR_065360,Basic_Health
USR_065361,Premium_Health_Life
USR_065362,Basic_Health
USR_065363,Basic_Health
USR_065364,Auto_Liability_Basic
USR_065365,Family_Comprehensive
USR_065366,Basic_Health
USR_065367,Health_Dental_Vision
USR_065368,Basic_Health
USR_065369,Basic_Health
USR_065370,Health_Dental_Vision
USR_065371,Auto_Comprehensive
USR_065372,Family_Comprehensive
USR_065373,Basic_Health
USR_065374,Basic_Health
USR_065375,Health_Dental_Vision
USR_065376,Health_Dental_Vision
USR_065377,Basic_Health
USR_065378,Basic_Health
USR_065379,Basic_Health
USR_065380,Basic_Health
USR_065381,Auto_Liability_Basic
USR_065382,Home_Standard
USR_065383,Family_Comprehensive
USR_065384,Basic_Health
USR_065385,Basic_Health
USR_065386,Basic_Health
USR_065387,Basic_Health
USR_065388,Basic_Health
USR_065389,Auto_Liability_Basic
USR_065390,Basic_Health
USR_065391,Auto_Liability_Basic
USR_065392,Basic_Health
USR_065393,Basic_Health
USR_065394,Basic_Health
USR_065395,Premium_Health_Life
USR_065396,Basic_Health
USR_065397,Basic_Health
USR_065398,Basic_Health
USR_065399,Home_Premium
USR_065400,Basic_Health
USR_065401,Health_Dental_Vision
USR_065402,Health_Dental_Vision
USR_065403,Basic_Health
USR_065404,Basic_Health
USR_065405,Basic_Health
USR_065406,Basic_Health
USR_065407,Basic_Health
USR_065408,Basic_Health
USR_065409,Basic_Health
USR_065410,Basic_Health
USR_065411,Basic_Health
USR_065412,Basic_Health
USR_065413,Basic_Health
USR_065414,Basic_Health
USR_065415,Basic_Health
USR_065416,Basic_Health
USR_065417,Basic_Health
USR_065418,Basic_Health
USR_065419,Home_Standard
USR_065420,Basic_Health
USR_065421,Basic_Health
USR_065422,Health_Dental_Vision
USR_065423,Health_Dental_Vision
USR_065424,Home_Premium
USR_065425,Basic_Health
USR_065426,Family_Comprehensive
USR_065427,Home_Standard
USR_065428,Basic_Health
USR_065429,Home_Premium
USR_065430,Basic_Health
USR_065431,Health_Dental_Vision
USR_065432,Auto_Liability_Basic
USR_065433,Basic_Health
USR_065434,Basic_Health
USR_065435,Health_Dental_Vision
USR_065436,Basic_Health
USR_065437,Basic_Health
USR_065438,Basic_Health
USR_065439,Basic_Health
USR_065440,Health_Dental_Vision
USR_065441,Basic_Health
USR_065442,Basic_Health
USR_065443,Basic_Health
USR_065444,Basic_Health
USR_065445,Basic_Health
USR_065446,Family_Comprehensive
USR_065447,Basic_Health
USR_065448,Basic_Health
USR_065449,Basic_Health
USR_065450,Basic_Health
USR_065451,Basic_Health
USR_065452,Basic_Health
USR_065453,Basic_Health
USR_065454,Basic_Health
USR_065455,Family_Comprehensive
USR_065456,Basic_Health
USR_065457,Basic_Health
USR_065458,Basic_Health
USR_065459,Basic_Health
USR_065460,Basic_Health
USR_065461,Premium_Health_Life
USR_065462,Basic_Health
USR_065463,Basic_Health
USR_065464,Basic_Health
USR_065465,Basic_Health
USR_065466,Basic_Health
USR_065467,Basic_Health
USR_065468,Basic_Health
USR_065469,Basic_Health
USR_065470,Basic_Health
USR_065471,Basic_Health
USR_065472,Basic_Health
USR_065473,Basic_Health
USR_065474,Auto_Liability_Basic
USR_065475,Basic_Health
USR_065476,Basic_Health
USR_065477,Home_Standard
USR_065478,Health_Dental_Vision
USR_065479,Basic_Health
USR_065480,Basic_Health
USR_065481,Basic_Health
USR_065482,Basic_Health
USR_065483,Health_Dental_Vision
USR_065484,Health_Dental_Vision
USR_065485,Basic_Health
USR_065486,Basic_Health
USR_065487,Basic_Health
USR_065488,Auto_Liability_Basic
USR_065489,Basic_Health
USR_065490,Basic_Health
USR_065491,Auto_Liability_Basic
USR_065492,Basic_Health
USR_065493,Family_Comprehensive
USR_065494,Home_Standard
USR_065495,Health_Dental_Vision
USR_065496,Basic_Health
USR_065497,Basic_Health
USR_065498,Family_Comprehensive
USR_065499,Family_Comprehensive
USR_065500,Auto_Liability_Basic
USR_065501,Basic_Health
USR_065502,Basic_Health
USR_065503,Basic_Health
USR_065504,Basic_Health
USR_065505,Health_Dental_Vision
USR_065506,Health_Dental_Vision
USR_065507,Health_Dental_Vision
USR_065508,Basic_Health
USR_065509,Health_Dental_Vision
USR_065510,Health_Dental_Vision
USR_065511,Family_Comprehensive
USR_065512,Basic_Health
USR_065513,Basic_Health
USR_065514,Basic_Health
USR_065515,Basic_Health
USR_065516,Basic_Health
USR_065517,Basic_Health
USR_065518,Health_Dental_Vision
USR_065519,Basic_Health
USR_065520,Basic_Health
USR_065521,Basic_Health
USR_065522,Basic_Health
USR_065523,Auto_Liability_Basic
USR_065524,Basic_Health
USR_065525,Basic_Health
USR_065526,Basic_Health
USR_065527,Premium_Health_Life
USR_065528,Basic_Health
USR_065529,Basic_Health
USR_065530,Basic_Health
USR_065531,Basic_Health
USR_065532,Health_Dental_Vision
USR_065533,Basic_Health
USR_065534,Basic_Health
USR_065535,Basic_Health
USR_065536,Basic_Health
USR_065537,Health_Dental_Vision
USR_065538,Family_Comprehensive
USR_065539,Basic_Health
USR_065540,Basic_Health
USR_065541,Basic_Health
USR_065542,Health_Dental_Vision
USR_065543,Basic_Health
USR_065544,Auto_Liability_Basic
USR_065545,Basic_Health
USR_065546,Basic_Health
USR_065547,Basic_Health
USR_065548,Basic_Health
USR_065549,Basic_Health
USR_065550,Health_Dental_Vision
USR_065551,Basic_Health
USR_065552,Basic_Health
USR_065553,Basic_Health
USR_065554,Basic_Health
USR_065555,Basic_Health
USR_065556,Health_Dental_Vision
USR_065557,Home_Premium
USR_065558,Family_Comprehensive
USR_065559,Auto_Liability_Basic
USR_065560,Family_Comprehensive
USR_065561,Basic_Health
USR_065562,Basic_Health
USR_065563,Basic_Health
USR_065564,Health_Dental_Vision
USR_065565,Basic_Health
USR_065566,Basic_Health
USR_065567,Family_Comprehensive
USR_065568,Basic_Health
USR_065569,Basic_Health
USR_065570,Basic_Health
USR_065571,Basic_Health
USR_065572,Auto_Liability_Basic
USR_065573,Basic_Health
USR_065574,Basic_Health
USR_065575,Health_Dental_Vision
USR_065576,Health_Dental_Vision
USR_065577,Basic_Health
USR_065578,Basic_Health
USR_065579,Basic_Health
USR_065580,Auto_Liability_Basic
USR_065581,Auto_Liability_Basic
USR_065582,Basic_Health
USR_065583,Basic_Health
USR_065584,Health_Dental_Vision
USR_065585,Health_Dental_Vision
USR_065586,Health_Dental_Vision
USR_065587,Basic_Health
USR_065588,Basic_Health
USR_065589,Basic_Health
USR_065590,Auto_Liability_Basic
USR_065591,Auto_Comprehensive
USR_065592,Basic_Health
USR_065593,Basic_Health
USR_065594,Basic_Health
USR_065595,Basic_Health
USR_065596,Premium_Health_Life
USR_065597,Auto_Liability_Basic
USR_065598,Health_Dental_Vision
USR_065599,Basic_Health
USR_065600,Basic_Health
USR_065601,Basic_Health
USR_065602,Health_Dental_Vision
USR_065603,Basic_Health
USR_065604,Basic_Health
USR_065605,Health_Dental_Vision
USR_065606,Family_Comprehensive
USR_065607,Basic_Health
USR_065608,Basic_Health
USR_065609,Health_Dental_Vision
USR_065610,Basic_Health
USR_065611,Basic_Health
USR_065612,Basic_Health
USR_065613,Basic_Health
USR_065614,Basic_Health
USR_065615,Basic_Health
USR_065616,Basic_Health
USR_065617,Basic_Health
USR_065618,Basic_Health
USR_065619,Health_Dental_Vision
USR_065620,Basic_Health
USR_065621,Basic_Health
USR_065622,Basic_Health
USR_065623,Health_Dental_Vision
USR_065624,Basic_Health
USR_065625,Basic_Health
USR_065626,Health_Dental_Vision
USR_065627,Basic_Health
USR_065628,Basic_Health
USR_065629,Health_Dental_Vision
USR_065630,Basic_Health
USR_065631,Basic_Health
USR_065632,Basic_Health
USR_065633,Basic_Health
USR_065634,Basic_Health
USR_065635,Health_Dental_Vision
USR_065636,Basic_Health
USR_065637,Auto_Liability_Basic
USR_065638,Basic_Health
USR_065639,Basic_Health
USR_065640,Auto_Liability_Basic
USR_065641,Basic_Health
USR_065642,Basic_Health
USR_065643,Health_Dental_Vision
USR_065644,Basic_Health
USR_065645,Basic_Health
USR_065646,Basic_Health
USR_065647,Basic_Health
USR_065648,Basic_Health
USR_065649,Family_Comprehensive
USR_065650,Basic_Health
USR_065651,Basic_Health
USR_065652,Premium_Health_Life
USR_065653,Basic_Health
USR_065654,Basic_Health
USR_065655,Basic_Health
USR_065656,Health_Dental_Vision
USR_065657,Premium_Health_Life
USR_065658,Health_Dental_Vision
USR_065659,Health_Dental_Vision
USR_065660,Basic_Health
USR_065661,Health_Dental_Vision
USR_065662,Family_Comprehensive
USR_065663,Basic_Health
USR_065664,Health_Dental_Vision
USR_065665,Basic_Health
USR_065666,Premium_Health_Life
USR_065667,Basic_Health
USR_065668,Health_Dental_Vision
USR_065669,Basic_Health
USR_065670,Health_Dental_Vision
USR_065671,Basic_Health
USR_065672,Health_Dental_Vision
USR_065673,Basic_Health
USR_065674,Basic_Health
USR_065675,Basic_Health
USR_065676,Health_Dental_Vision
USR_065677,Basic_Health
USR_065678,Basic_Health
USR_065679,Auto_Liability_Basic
USR_065680,Family_Comprehensive
USR_065681,Basic_Health
USR_065682,Health_Dental_Vision
USR_065683,Health_Dental_Vision
USR_065684,Basic_Health
USR_065685,Basic_Health
USR_065686,Basic_Health
USR_065687,Basic_Health
USR_065688,Basic_Health
USR_065689,Basic_Health
USR_065690,Basic_Health
USR_065691,Family_Comprehensive
USR_065692,Basic_Health
USR_065693,Basic_Health
USR_065694,Family_Comprehensive
USR_065695,Basic_Health
USR_065696,Basic_Health
USR_065697,Health_Dental_Vision
USR_065698,Basic_Health
USR_065699,Basic_Health
USR_065700,Basic_Health
USR_065701,Health_Dental_Vision
USR_065702,Health_Dental_Vision
USR_065703,Basic_Health
USR_065704,Basic_Health
USR_065705,Basic_Health
USR_065706,Auto_Liability_Basic
USR_065707,Health_Dental_Vision
USR_065708,Health_Dental_Vision
USR_065709,Basic_Health
USR_065710,Basic_Health
USR_065711,Basic_Health
USR_065712,Basic_Health
USR_065713,Basic_Health
USR_065714,Health_Dental_Vision
USR_065715,Basic_Health
USR_065716,Basic_Health
USR_065717,Health_Dental_Vision
USR_065718,Basic_Health
USR_065719,Basic_Health
USR_065720,Basic_Health
USR_065721,Basic_Health
USR_065722,Basic_Health
USR_065723,Basic_Health
USR_065724,Basic_Health
USR_065725,Auto_Comprehensive
USR_065726,Basic_Health
USR_065727,Basic_Health
USR_065728,Health_Dental_Vision
USR_065729,Basic_Health
USR_065730,Basic_Health
USR_065731,Basic_Health
USR_065732,Basic_Health
USR_065733,Premium_Health_Life
USR_065734,Home_Standard
USR_065735,Family_Comprehensive
USR_065736,Basic_Health
USR_065737,Basic_Health
USR_065738,Basic_Health
USR_065739,Basic_Health
USR_065740,Basic_Health
USR_065741,Basic_Health
USR_065742,Family_Comprehensive
USR_065743,Auto_Liability_Basic
USR_065744,Basic_Health
USR_065745,Basic_Health
USR_065746,Home_Premium
USR_065747,Basic_Health
USR_065748,Auto_Liability_Basic
USR_065749,Basic_Health
USR_065750,Health_Dental_Vision
USR_065751,Basic_Health
USR_065752,Basic_Health
USR_065753,Health_Dental_Vision
USR_065754,Family_Comprehensive
USR_065755,Basic_Health
USR_065756,Basic_Health
USR_065757,Basic_Health
USR_065758,Basic_Health
USR_065759,Basic_Health
USR_065760,Basic_Health
USR_065761,Basic_Health
USR_065762,Basic_Health
USR_065763,Basic_Health
USR_065764,Basic_Health
USR_065765,Family_Comprehensive
USR_065766,Basic_Health
USR_065767,Basic_Health
USR_065768,Basic_Health
USR_065769,Basic_Health
USR_065770,Health_Dental_Vision
USR_065771,Family_Comprehensive
USR_065772,Basic_Health
USR_065773,Basic_Health
USR_065774,Basic_Health
USR_065775,Basic_Health
USR_065776,Basic_Health
USR_065777,Basic_Health
USR_065778,Basic_Health
USR_065779,Basic_Health
USR_065780,Health_Dental_Vision
USR_065781,Health_Dental_Vision
USR_065782,Health_Dental_Vision
USR_065783,Basic_Health
USR_065784,Basic_Health
USR_065785,Health_Dental_Vision
USR_065786,Basic_Health
USR_065787,Basic_Health
USR_065788,Basic_Health
USR_065789,Basic_Health
USR_065790,Basic_Health
USR_065791,Health_Dental_Vision
USR_065792,Basic_Health
USR_065793,Basic_Health
USR_065794,Basic_Health
USR_065795,Basic_Health
USR_065796,Basic_Health
USR_065797,Family_Comprehensive
USR_065798,Basic_Health
USR_065799,Basic_Health
USR_065800,Health_Dental_Vision
USR_065801,Basic_Health
USR_065802,Basic_Health
USR_065803,Basic_Health
USR_065804,Home_Standard
USR_065805,Basic_Health
USR_065806,Basic_Health
USR_065807,Basic_Health
USR_065808,Basic_Health
USR_065809,Basic_Health
USR_065810,Auto_Liability_Basic
USR_065811,Basic_Health
USR_065812,Health_Dental_Vision
USR_065813,Basic_Health
USR_065814,Basic_Health
USR_065815,Basic_Health
USR_065816,Basic_Health
USR_065817,Basic_Health
USR_065818,Basic_Health
USR_065819,Basic_Health
USR_065820,Basic_Health
USR_065821,Basic_Health
USR_065822,Basic_Health
USR_065823,Auto_Liability_Basic
USR_065824,Health_Dental_Vision
USR_065825,Health_Dental_Vision
USR_065826,Basic_Health
USR_065827,Health_Dental_Vision
USR_065828,Basic_Health
USR_065829,Basic_Health
USR_065830,Health_Dental_Vision
USR_065831,Basic_Health
USR_065832,Basic_Health
USR_065833,Basic_Health
USR_065834,Basic_Health
USR_065835,Basic_Health
USR_065836,Basic_Health
USR_065837,Basic_Health
USR_065838,Health_Dental_Vision
USR_065839,Family_Comprehensive
USR_065840,Basic_Health
USR_065841,Premium_Health_Life
USR_065842,Basic_Health
USR_065843,Basic_Health
USR_065844,Basic_Health
USR_065845,Basic_Health
USR_065846,Basic_Health
USR_065847,Basic_Health
USR_065848,Basic_Health
USR_065849,Basic_Health
USR_065850,Basic_Health
USR_065851,Basic_Health
USR_065852,Auto_Liability_Basic
USR_065853,Premium_Health_Life
USR_065854,Basic_Health
USR_065855,Basic_Health
USR_065856,Basic_Health
USR_065857,Basic_Health
USR_065858,Family_Comprehensive
USR_065859,Health_Dental_Vision
USR_065860,Auto_Liability_Basic
USR_065861,Health_Dental_Vision
USR_065862,Basic_Health
USR_065863,Basic_Health
USR_065864,Basic_Health
USR_065865,Basic_Health
USR_065866,Basic_Health
USR_065867,Basic_Health
USR_065868,Basic_Health
USR_065869,Basic_Health
USR_065870,Basic_Health
USR_065871,Basic_Health
USR_065872,Basic_Health
USR_065873,Basic_Health
USR_065874,Basic_Health
USR_065875,Basic_Health
USR_065876,Auto_Liability_Basic
USR_065877,Health_Dental_Vision
USR_065878,Basic_Health
USR_065879,Health_Dental_Vision
USR_065880,Basic_Health
USR_065881,Auto_Liability_Basic
USR_065882,Basic_Health
USR_065883,Basic_Health
USR_065884,Basic_Health
USR_065885,Health_Dental_Vision
USR_065886,Basic_Health
USR_065887,Health_Dental_Vision
USR_065888,Basic_Health
USR_065889,Basic_Health
USR_065890,Basic_Health
USR_065891,Basic_Health
USR_065892,Basic_Health
USR_065893,Health_Dental_Vision
USR_065894,Basic_Health
USR_065895,Basic_Health
USR_065896,Basic_Health
USR_065897,Premium_Health_Life
USR_065898,Health_Dental_Vision
USR_065899,Basic_Health
USR_065900,Basic_Health
USR_065901,Family_Comprehensive
USR_065902,Health_Dental_Vision
USR_065903,Health_Dental_Vision
USR_065904,Premium_Health_Life
USR_065905,Health_Dental_Vision
USR_065906,Basic_Health
USR_065907,Basic_Health
USR_065908,Auto_Liability_Basic
USR_065909,Premium_Health_Life
USR_065910,Health_Dental_Vision
USR_065911,Family_Comprehensive
USR_065912,Basic_Health
USR_065913,Basic_Health
USR_065914,Basic_Health
USR_065915,Basic_Health
USR_065916,Basic_Health
USR_065917,Health_Dental_Vision
USR_065918,Health_Dental_Vision
USR_065919,Basic_Health
USR_065920,Basic_Health
USR_065921,Basic_Health
USR_065922,Auto_Liability_Basic
USR_065923,Basic_Health
USR_065924,Basic_Health
USR_065925,Basic_Health
USR_065926,Basic_Health
USR_065927,Health_Dental_Vision
USR_065928,Health_Dental_Vision
USR_065929,Basic_Health
USR_065930,Basic_Health
USR_065931,Basic_Health
USR_065932,Premium_Health_Life
USR_065933,Family_Comprehensive
USR_065934,Health_Dental_Vision
USR_065935,Basic_Health
USR_065936,Basic_Health
USR_065937,Basic_Health
USR_065938,Basic_Health
USR_065939,Basic_Health
USR_065940,Basic_Health
USR_065941,Basic_Health
USR_065942,Health_Dental_Vision
USR_065943,Basic_Health
USR_065944,Basic_Health
USR_065945,Health_Dental_Vision
USR_065946,Basic_Health
USR_065947,Basic_Health
USR_065948,Health_Dental_Vision
USR_065949,Health_Dental_Vision
USR_065950,Auto_Liability_Basic
USR_065951,Basic_Health
USR_065952,Basic_Health
USR_065953,Basic_Health
USR_065954,Basic_Health
USR_065955,Basic_Health
USR_065956,Health_Dental_Vision
USR_065957,Basic_Health
USR_065958,Basic_Health
USR_065959,Health_Dental_Vision
USR_065960,Basic_Health
USR_065961,Basic_Health
USR_065962,Basic_Health
USR_065963,Basic_Health
USR_065964,Basic_Health
USR_065965,Basic_Health
USR_065966,Basic_Health
USR_065967,Family_Comprehensive
USR_065968,Health_Dental_Vision
USR_065969,Basic_Health
USR_065970,Basic_Health
USR_065971,Family_Comprehensive
USR_065972,Health_Dental_Vision
USR_065973,Basic_Health
USR_065974,Basic_Health
USR_065975,Basic_Health
USR_065976,Basic_Health
USR_065977,Basic_Health
USR_065978,Basic_Health
USR_065979,Basic_Health
USR_065980,Basic_Health
USR_065981,Family_Comprehensive
USR_065982,Health_Dental_Vision
USR_065983,Basic_Health
USR_065984,Basic_Health
USR_065985,Basic_Health
USR_065986,Health_Dental_Vision
USR_065987,Basic_Health
USR_065988,Basic_Health
USR_065989,Basic_Health
USR_065990,Basic_Health
USR_065991,Health_Dental_Vision
USR_065992,Basic_Health
USR_065993,Basic_Health
USR_065994,Basic_Health
USR_065995,Premium_Health_Life
USR_065996,Basic_Health
USR_065997,Basic_Health
USR_065998,Basic_Health
USR_065999,Basic_Health
USR_066000,Basic_Health
USR_066001,Health_Dental_Vision
USR_066002,Basic_Health
USR_066003,Health_Dental_Vision
USR_066004,Basic_Health
USR_066005,Basic_Health
USR_066006,Health_Dental_Vision
USR_066007,Basic_Health
USR_066008,Family_Comprehensive
USR_066009,Basic_Health
USR_066010,Basic_Health
USR_066011,Basic_Health
USR_066012,Basic_Health
USR_066013,Basic_Health
USR_066014,Premium_Health_Life
USR_066015,Basic_Health
USR_066016,Basic_Health
USR_066017,Basic_Health
USR_066018,Basic_Health
USR_066019,Family_Comprehensive
USR_066020,Basic_Health
USR_066021,Health_Dental_Vision
USR_066022,Basic_Health
USR_066023,Premium_Health_Life
USR_066024,Basic_Health
USR_066025,Family_Comprehensive
USR_066026,Health_Dental_Vision
USR_066027,Basic_Health
USR_066028,Health_Dental_Vision
USR_066029,Basic_Health
USR_066030,Basic_Health
USR_066031,Basic_Health
USR_066032,Basic_Health
USR_066033,Basic_Health
USR_066034,Basic_Health
USR_066035,Basic_Health
USR_066036,Health_Dental_Vision
USR_066037,Basic_Health
USR_066038,Basic_Health
USR_066039,Basic_Health
USR_066040,Basic_Health
USR_066041,Basic_Health
USR_066042,Basic_Health
USR_066043,Basic_Health
USR_066044,Basic_Health
USR_066045,Basic_Health
USR_066046,Home_Standard
USR_066047,Basic_Health
USR_066048,Basic_Health
USR_066049,Family_Comprehensive
USR_066050,Basic_Health
USR_066051,Basic_Health
USR_066052,Basic_Health
USR_066053,Family_Comprehensive
USR_066054,Basic_Health
USR_066055,Health_Dental_Vision
USR_066056,Family_Comprehensive
USR_066057,Basic_Health
USR_066058,Basic_Health
USR_066059,Basic_Health
USR_066060,Basic_Health
USR_066061,Basic_Health
USR_066062,Basic_Health
USR_066063,Basic_Health
USR_066064,Basic_Health
USR_066065,Basic_Health
USR_066066,Auto_Liability_Basic
USR_066067,Basic_Health
USR_066068,Basic_Health
USR_066069,Basic_Health
USR_066070,Health_Dental_Vision
USR_066071,Basic_Health
USR_066072,Basic_Health
USR_066073,Basic_Health
USR_066074,Basic_Health
USR_066075,Basic_Health
USR_066076,Basic_Health
USR_066077,Basic_Health
USR_066078,Basic_Health
USR_066079,Basic_Health
USR_066080,Basic_Health
USR_066081,Basic_Health
USR_066082,Health_Dental_Vision
USR_066083,Basic_Health
USR_066084,Basic_Health
USR_066085,Basic_Health
USR_066086,Basic_Health
USR_066087,Basic_Health
USR_066088,Basic_Health
USR_066089,Health_Dental_Vision
USR_066090,Basic_Health
USR_066091,Basic_Health
USR_066092,Health_Dental_Vision
USR_066093,Basic_Health
USR_066094,Basic_Health
USR_066095,Basic_Health
USR_066096,Basic_Health
USR_066097,Basic_Health
USR_066098,Basic_Health
USR_066099,Basic_Health
USR_066100,Auto_Comprehensive
USR_066101,Auto_Liability_Basic
USR_066102,Basic_Health
USR_066103,Basic_Health
USR_066104,Basic_Health
USR_066105,Basic_Health
USR_066106,Basic_Health
USR_066107,Basic_Health
USR_066108,Health_Dental_Vision
USR_066109,Basic_Health
USR_066110,Basic_Health
USR_066111,Basic_Health
USR_066112,Auto_Comprehensive
USR_066113,Basic_Health
USR_066114,Basic_Health
USR_066115,Basic_Health
USR_066116,Health_Dental_Vision
USR_066117,Basic_Health
USR_066118,Basic_Health
USR_066119,Auto_Liability_Basic
USR_066120,Family_Comprehensive
USR_066121,Basic_Health
USR_066122,Basic_Health
USR_066123,Family_Comprehensive
USR_066124,Basic_Health
USR_066125,Basic_Health
USR_066126,Basic_Health
USR_066127,Health_Dental_Vision
USR_066128,Basic_Health
USR_066129,Premium_Health_Life
USR_066130,Basic_Health
USR_066131,Basic_Health
USR_066132,Health_Dental_Vision
USR_066133,Basic_Health
USR_066134,Health_Dental_Vision
USR_066135,Basic_Health
USR_066136,Basic_Health
USR_066137,Basic_Health
USR_066138,Basic_Health
USR_066139,Basic_Health
USR_066140,Health_Dental_Vision
USR_066141,Basic_Health
USR_066142,Auto_Liability_Basic
USR_066143,Basic_Health
USR_066144,Basic_Health
USR_066145,Basic_Health
USR_066146,Basic_Health
USR_066147,Basic_Health
USR_066148,Basic_Health
USR_066149,Basic_Health
USR_066150,Basic_Health
USR_066151,Basic_Health
USR_066152,Basic_Health
USR_066153,Basic_Health
USR_066154,Health_Dental_Vision
USR_066155,Basic_Health
USR_066156,Basic_Health
USR_066157,Basic_Health
USR_066158,Health_Dental_Vision
USR_066159,Home_Standard
USR_066160,Health_Dental_Vision
USR_066161,Basic_Health
USR_066162,Basic_Health
USR_066163,Basic_Health
USR_066164,Basic_Health
USR_066165,Basic_Health
USR_066166,Basic_Health
USR_066167,Basic_Health
USR_066168,Home_Standard
USR_066169,Basic_Health
USR_066170,Basic_Health
USR_066171,Basic_Health
USR_066172,Basic_Health
USR_066173,Basic_Health
USR_066174,Health_Dental_Vision
USR_066175,Health_Dental_Vision
USR_066176,Basic_Health
USR_066177,Premium_Health_Life
USR_066178,Health_Dental_Vision
USR_066179,Basic_Health
USR_066180,Premium_Health_Life
USR_066181,Health_Dental_Vision
USR_066182,Basic_Health
USR_066183,Basic_Health
USR_066184,Family_Comprehensive
USR_066185,Basic_Health
USR_066186,Basic_Health
USR_066187,Auto_Liability_Basic
USR_066188,Home_Standard
USR_066189,Basic_Health
USR_066190,Basic_Health
USR_066191,Auto_Liability_Basic
USR_066192,Basic_Health
USR_066193,Basic_Health
USR_066194,Basic_Health
USR_066195,Basic_Health
USR_066196,Basic_Health
USR_066197,Basic_Health
USR_066198,Basic_Health
USR_066199,Basic_Health
USR_066200,Basic_Health
USR_066201,Basic_Health
USR_066202,Basic_Health
USR_066203,Basic_Health
USR_066204,Basic_Health
USR_066205,Basic_Health
USR_066206,Basic_Health
USR_066207,Basic_Health
USR_066208,Basic_Health
USR_066209,Basic_Health
USR_066210,Basic_Health
USR_066211,Basic_Health
USR_066212,Basic_Health
USR_066213,Basic_Health
USR_066214,Basic_Health
USR_066215,Basic_Health
USR_066216,Basic_Health
USR_066217,Basic_Health
USR_066218,Family_Comprehensive
USR_066219,Basic_Health
USR_066220,Basic_Health
USR_066221,Basic_Health
USR_066222,Basic_Health
USR_066223,Family_Comprehensive
USR_066224,Basic_Health
USR_066225,Basic_Health
USR_066226,Auto_Liability_Basic
USR_066227,Family_Comprehensive
USR_066228,Auto_Liability_Basic
USR_066229,Health_Dental_Vision
USR_066230,Basic_Health
USR_066231,Premium_Health_Life
USR_066232,Health_Dental_Vision
USR_066233,Auto_Liability_Basic
USR_066234,Basic_Health
USR_066235,Health_Dental_Vision
USR_066236,Health_Dental_Vision
USR_066237,Health_Dental_Vision
USR_066238,Family_Comprehensive
USR_066239,Home_Premium
USR_066240,Basic_Health
USR_066241,Basic_Health
USR_066242,Basic_Health
USR_066243,Auto_Liability_Basic
USR_066244,Auto_Liability_Basic
USR_066245,Basic_Health
USR_066246,Basic_Health
USR_066247,Basic_Health
USR_066248,Basic_Health
USR_066249,Basic_Health
USR_066250,Health_Dental_Vision
USR_066251,Basic_Health
USR_066252,Basic_Health
USR_066253,Basic_Health
USR_066254,Basic_Health
USR_066255,Basic_Health
USR_066256,Basic_Health
USR_066257,Family_Comprehensive
USR_066258,Basic_Health
USR_066259,Family_Comprehensive
USR_066260,Basic_Health
USR_066261,Auto_Liability_Basic
USR_066262,Family_Comprehensive
USR_066263,Basic_Health
USR_066264,Basic_Health
USR_066265,Basic_Health
USR_066266,Health_Dental_Vision
USR_066267,Health_Dental_Vision
USR_066268,Basic_Health
USR_066269,Basic_Health
USR_066270,Health_Dental_Vision
USR_066271,Basic_Health
USR_066272,Basic_Health
USR_066273,Health_Dental_Vision
USR_066274,Basic_Health
USR_066275,Health_Dental_Vision
USR_066276,Basic_Health
USR_066277,Basic_Health
USR_066278,Home_Premium
USR_066279,Basic_Health
USR_066280,Basic_Health
USR_066281,Family_Comprehensive
USR_066282,Basic_Health
USR_066283,Basic_Health
USR_066284,Auto_Liability_Basic
USR_066285,Basic_Health
USR_066286,Basic_Health
USR_066287,Home_Premium
USR_066288,Basic_Health
USR_066289,Basic_Health
USR_066290,Basic_Health
USR_066291,Basic_Health
USR_066292,Basic_Health
USR_066293,Basic_Health
USR_066294,Basic_Health
USR_066295,Health_Dental_Vision
USR_066296,Auto_Liability_Basic
USR_066297,Health_Dental_Vision
USR_066298,Health_Dental_Vision
USR_066299,Basic_Health
USR_066300,Basic_Health
USR_066301,Basic_Health
USR_066302,Basic_Health
USR_066303,Family_Comprehensive
USR_066304,Basic_Health
USR_066305,Basic_Health
USR_066306,Health_Dental_Vision
USR_066307,Health_Dental_Vision
USR_066308,Basic_Health
USR_066309,Basic_Health
USR_066310,Basic_Health
USR_066311,Basic_Health
USR_066312,Health_Dental_Vision
USR_066313,Basic_Health
USR_066314,Basic_Health
USR_066315,Basic_Health
USR_066316,Basic_Health
USR_066317,Basic_Health
USR_066318,Family_Comprehensive
USR_066319,Basic_Health
USR_066320,Health_Dental_Vision
USR_066321,Home_Premium
USR_066322,Health_Dental_Vision
USR_066323,Basic_Health
USR_066324,Basic_Health
USR_066325,Basic_Health
USR_066326,Basic_Health
USR_066327,Basic_Health
USR_066328,Basic_Health
USR_066329,Basic_Health
USR_066330,Basic_Health
USR_066331,Basic_Health
USR_066332,Basic_Health
USR_066333,Health_Dental_Vision
USR_066334,Basic_Health
USR_066335,Basic_Health
USR_066336,Basic_Health
USR_066337,Basic_Health
USR_066338,Basic_Health
USR_066339,Basic_Health
USR_066340,Basic_Health
USR_066341,Basic_Health
USR_066342,Family_Comprehensive
USR_066343,Basic_Health
USR_066344,Basic_Health
USR_066345,Basic_Health
USR_066346,Family_Comprehensive
USR_066347,Health_Dental_Vision
USR_066348,Basic_Health
USR_066349,Basic_Health
USR_066350,Basic_Health
USR_066351,Basic_Health
USR_066352,Health_Dental_Vision
USR_066353,Basic_Health
USR_066354,Basic_Health
USR_066355,Basic_Health
USR_066356,Basic_Health
USR_066357,Basic_Health
USR_066358,Basic_Health
USR_066359,Basic_Health
USR_066360,Health_Dental_Vision
USR_066361,Basic_Health
USR_066362,Basic_Health
USR_066363,Health_Dental_Vision
USR_066364,Basic_Health
USR_066365,Home_Premium
USR_066366,Health_Dental_Vision
USR_066367,Basic_Health
USR_066368,Basic_Health
USR_066369,Basic_Health
USR_066370,Basic_Health
USR_066371,Basic_Health
USR_066372,Basic_Health
USR_066373,Basic_Health
USR_066374,Basic_Health
USR_066375,Basic_Health
USR_066376,Basic_Health
USR_066377,Basic_Health
USR_066378,Basic_Health
USR_066379,Basic_Health
USR_066380,Basic_Health
USR_066381,Basic_Health
USR_066382,Basic_Health
USR_066383,Basic_Health
USR_066384,Basic_Health
USR_066385,Health_Dental_Vision
USR_066386,Basic_Health
USR_066387,Basic_Health
USR_066388,Basic_Health
USR_066389,Health_Dental_Vision
USR_066390,Basic_Health
USR_066391,Basic_Health
USR_066392,Basic_Health
USR_066393,Basic_Health
USR_066394,Basic_Health
USR_066395,Health_Dental_Vision
USR_066396,Basic_Health
USR_066397,Basic_Health
USR_066398,Basic_Health
USR_066399,Health_Dental_Vision
USR_066400,Basic_Health
USR_066401,Basic_Health
USR_066402,Health_Dental_Vision
USR_066403,Basic_Health
USR_066404,Basic_Health
USR_066405,Basic_Health
USR_066406,Family_Comprehensive
USR_066407,Basic_Health
USR_066408,Health_Dental_Vision
USR_066409,Basic_Health
USR_066410,Basic_Health
USR_066411,Basic_Health
USR_066412,Basic_Health
USR_066413,Basic_Health
USR_066414,Basic_Health
USR_066415,Family_Comprehensive
USR_066416,Health_Dental_Vision
USR_066417,Basic_Health
USR_066418,Basic_Health
USR_066419,Basic_Health
USR_066420,Basic_Health
USR_066421,Basic_Health
USR_066422,Basic_Health
USR_066423,Health_Dental_Vision
USR_066424,Basic_Health
USR_066425,Health_Dental_Vision
USR_066426,Basic_Health
USR_066427,Health_Dental_Vision
USR_066428,Basic_Health
USR_066429,Basic_Health
USR_066430,Basic_Health
USR_066431,Basic_Health
USR_066432,Basic_Health
USR_066433,Health_Dental_Vision
USR_066434,Basic_Health
USR_066435,Basic_Health
USR_066436,Basic_Health
USR_066437,Health_Dental_Vision
USR_066438,Basic_Health
USR_066439,Basic_Health
USR_066440,Basic_Health
USR_066441,Basic_Health
USR_066442,Basic_Health
USR_066443,Basic_Health
USR_066444,Basic_Health
USR_066445,Basic_Health
USR_066446,Health_Dental_Vision
USR_066447,Basic_Health
USR_066448,Basic_Health
USR_066449,Health_Dental_Vision
USR_066450,Basic_Health
USR_066451,Basic_Health
USR_066452,Basic_Health
USR_066453,Basic_Health
USR_066454,Basic_Health
USR_066455,Health_Dental_Vision
USR_066456,Health_Dental_Vision
USR_066457,Basic_Health
USR_066458,Basic_Health
USR_066459,Basic_Health
USR_066460,Basic_Health
USR_066461,Basic_Health
USR_066462,Basic_Health
USR_066463,Basic_Health
USR_066464,Basic_Health
USR_066465,Basic_Health
USR_066466,Basic_Health
USR_066467,Auto_Liability_Basic
USR_066468,Basic_Health
USR_066469,Basic_Health
USR_066470,Basic_Health
USR_066471,Health_Dental_Vision
USR_066472,Home_Standard
USR_066473,Premium_Health_Life
USR_066474,Basic_Health
USR_066475,Basic_Health
USR_066476,Basic_Health
USR_066477,Health_Dental_Vision
USR_066478,Premium_Health_Life
USR_066479,Basic_Health
USR_066480,Basic_Health
USR_066481,Basic_Health
USR_066482,Basic_Health
USR_066483,Basic_Health
USR_066484,Basic_Health
USR_066485,Basic_Health
USR_066486,Health_Dental_Vision
USR_066487,Basic_Health
USR_066488,Health_Dental_Vision
USR_066489,Basic_Health
USR_066490,Basic_Health
USR_066491,Basic_Health
USR_066492,Premium_Health_Life
USR_066493,Health_Dental_Vision
USR_066494,Basic_Health
USR_066495,Basic_Health
USR_066496,Health_Dental_Vision
USR_066497,Basic_Health
USR_066498,Basic_Health
USR_066499,Auto_Comprehensive
USR_066500,Basic_Health
USR_066501,Health_Dental_Vision
USR_066502,Basic_Health
USR_066503,Basic_Health
USR_066504,Basic_Health
USR_066505,Basic_Health
USR_066506,Basic_Health
USR_066507,Basic_Health
USR_066508,Basic_Health
USR_066509,Basic_Health
USR_066510,Health_Dental_Vision
USR_066511,Health_Dental_Vision
USR_066512,Basic_Health
USR_066513,Basic_Health
USR_066514,Health_Dental_Vision
USR_066515,Basic_Health
USR_066516,Basic_Health
USR_066517,Basic_Health
USR_066518,Basic_Health
USR_066519,Basic_Health
USR_066520,Family_Comprehensive
USR_066521,Health_Dental_Vision
USR_066522,Basic_Health
USR_066523,Health_Dental_Vision
USR_066524,Basic_Health
USR_066525,Health_Dental_Vision
USR_066526,Basic_Health
USR_066527,Basic_Health
USR_066528,Basic_Health
USR_066529,Basic_Health
USR_066530,Basic_Health
USR_066531,Basic_Health
USR_066532,Basic_Health
USR_066533,Basic_Health
USR_066534,Basic_Health
USR_066535,Basic_Health
USR_066536,Basic_Health
USR_066537,Basic_Health
USR_066538,Basic_Health
USR_066539,Basic_Health
USR_066540,Health_Dental_Vision
USR_066541,Basic_Health
USR_066542,Basic_Health
USR_066543,Basic_Health
USR_066544,Basic_Health
USR_066545,Basic_Health
USR_066546,Basic_Health
USR_066547,Basic_Health
USR_066548,Basic_Health
USR_066549,Basic_Health
USR_066550,Auto_Comprehensive
USR_066551,Basic_Health
USR_066552,Basic_Health
USR_066553,Health_Dental_Vision
USR_066554,Basic_Health
USR_066555,Basic_Health
USR_066556,Health_Dental_Vision
USR_066557,Family_Comprehensive
USR_066558,Basic_Health
USR_066559,Basic_Health
USR_066560,Basic_Health
USR_066561,Basic_Health
USR_066562,Basic_Health
USR_066563,Basic_Health
USR_066564,Basic_Health
USR_066565,Basic_Health
USR_066566,Basic_Health
USR_066567,Basic_Health
USR_066568,Health_Dental_Vision
USR_066569,Health_Dental_Vision
USR_066570,Basic_Health
USR_066571,Family_Comprehensive
USR_066572,Basic_Health
USR_066573,Basic_Health
USR_066574,Basic_Health
USR_066575,Basic_Health
USR_066576,Basic_Health
USR_066577,Family_Comprehensive
USR_066578,Basic_Health
USR_066579,Basic_Health
USR_066580,Basic_Health
USR_066581,Health_Dental_Vision
USR_066582,Basic_Health
USR_066583,Basic_Health
USR_066584,Basic_Health
USR_066585,Basic_Health
USR_066586,Basic_Health
USR_066587,Basic_Health
USR_066588,Basic_Health
USR_066589,Basic_Health
USR_066590,Basic_Health
USR_066591,Basic_Health
USR_066592,Basic_Health
USR_066593,Auto_Liability_Basic
USR_066594,Health_Dental_Vision
USR_066595,Basic_Health
USR_066596,Basic_Health
USR_066597,Health_Dental_Vision
USR_066598,Basic_Health
USR_066599,Basic_Health
USR_066600,Basic_Health
USR_066601,Basic_Health
USR_066602,Basic_Health
USR_066603,Basic_Health
USR_066604,Health_Dental_Vision
USR_066605,Basic_Health
USR_066606,Auto_Comprehensive
USR_066607,Basic_Health
USR_066608,Basic_Health
USR_066609,Basic_Health
USR_066610,Basic_Health
USR_066611,Basic_Health
USR_066612,Basic_Health
USR_066613,Basic_Health
USR_066614,Basic_Health
USR_066615,Basic_Health
USR_066616,Basic_Health
USR_066617,Health_Dental_Vision
USR_066618,Health_Dental_Vision
USR_066619,Health_Dental_Vision
USR_066620,Auto_Liability_Basic
USR_066621,Basic_Health
USR_066622,Basic_Health
USR_066623,Basic_Health
USR_066624,Basic_Health
USR_066625,Basic_Health
USR_066626,Premium_Health_Life
USR_066627,Basic_Health
USR_066628,Basic_Health
USR_066629,Basic_Health
USR_066630,Basic_Health
USR_066631,Basic_Health
USR_066632,Health_Dental_Vision
USR_066633,Health_Dental_Vision
USR_066634,Basic_Health
USR_066635,Basic_Health
USR_066636,Basic_Health
USR_066637,Basic_Health
USR_066638,Basic_Health
USR_066639,Health_Dental_Vision
USR_066640,Basic_Health
USR_066641,Basic_Health
USR_066642,Basic_Health
USR_066643,Basic_Health
USR_066644,Basic_Health
USR_066645,Family_Comprehensive
USR_066646,Basic_Health
USR_066647,Family_Comprehensive
USR_066648,Premium_Health_Life
USR_066649,Basic_Health
USR_066650,Basic_Health
USR_066651,Basic_Health
USR_066652,Health_Dental_Vision
USR_066653,Basic_Health
USR_066654,Basic_Health
USR_066655,Basic_Health
USR_066656,Basic_Health
USR_066657,Basic_Health
USR_066658,Health_Dental_Vision
USR_066659,Basic_Health
USR_066660,Basic_Health
USR_066661,Basic_Health
USR_066662,Basic_Health
USR_066663,Basic_Health
USR_066664,Auto_Liability_Basic
USR_066665,Basic_Health
USR_066666,Basic_Health
USR_066667,Basic_Health
USR_066668,Health_Dental_Vision
USR_066669,Health_Dental_Vision
USR_066670,Basic_Health
USR_066671,Basic_Health
USR_066672,Basic_Health
USR_066673,Health_Dental_Vision
USR_066674,Basic_Health
USR_066675,Health_Dental_Vision
USR_066676,Basic_Health
USR_066677,Health_Dental_Vision
USR_066678,Basic_Health
USR_066679,Basic_Health
USR_066680,Health_Dental_Vision
USR_066681,Basic_Health
USR_066682,Basic_Health
USR_066683,Basic_Health
USR_066684,Basic_Health
USR_066685,Basic_Health
USR_066686,Basic_Health
USR_066687,Basic_Health
USR_066688,Health_Dental_Vision
USR_066689,Basic_Health
USR_066690,Health_Dental_Vision
USR_066691,Basic_Health
USR_066692,Basic_Health
USR_066693,Health_Dental_Vision
USR_066694,Basic_Health
USR_066695,Auto_Liability_Basic
USR_066696,Basic_Health
USR_066697,Basic_Health
USR_066698,Health_Dental_Vision
USR_066699,Basic_Health
USR_066700,Basic_Health
USR_066701,Basic_Health
USR_066702,Basic_Health
USR_066703,Basic_Health
USR_066704,Basic_Health
USR_066705,Basic_Health
USR_066706,Basic_Health
USR_066707,Basic_Health
USR_066708,Basic_Health
USR_066709,Basic_Health
USR_066710,Family_Comprehensive
USR_066711,Health_Dental_Vision
USR_066712,Basic_Health
USR_066713,Health_Dental_Vision
USR_066714,Basic_Health
USR_066715,Basic_Health
USR_066716,Basic_Health
USR_066717,Basic_Health
USR_066718,Basic_Health
USR_066719,Health_Dental_Vision
USR_066720,Basic_Health
USR_066721,Basic_Health
USR_066722,Premium_Health_Life
USR_066723,Basic_Health
USR_066724,Basic_Health
USR_066725,Basic_Health
USR_066726,Basic_Health
USR_066727,Basic_Health
USR_066728,Basic_Health
USR_066729,Basic_Health
USR_066730,Auto_Liability_Basic
USR_066731,Basic_Health
USR_066732,Family_Comprehensive
USR_066733,Auto_Liability_Basic
USR_066734,Health_Dental_Vision
USR_066735,Auto_Liability_Basic
USR_066736,Basic_Health
USR_066737,Family_Comprehensive
USR_066738,Basic_Health
USR_066739,Basic_Health
USR_066740,Health_Dental_Vision
USR_066741,Basic_Health
USR_066742,Health_Dental_Vision
USR_066743,Basic_Health
USR_066744,Family_Comprehensive
USR_066745,Health_Dental_Vision
USR_066746,Basic_Health
USR_066747,Family_Comprehensive
USR_066748,Basic_Health
USR_066749,Basic_Health
USR_066750,Basic_Health
USR_066751,Basic_Health
USR_066752,Basic_Health
USR_066753,Basic_Health
USR_066754,Basic_Health
USR_066755,Premium_Health_Life
USR_066756,Premium_Health_Life
USR_066757,Basic_Health
USR_066758,Basic_Health
USR_066759,Basic_Health
USR_066760,Basic_Health
USR_066761,Basic_Health
USR_066762,Basic_Health
USR_066763,Basic_Health
USR_066764,Family_Comprehensive
USR_066765,Basic_Health
USR_066766,Basic_Health
USR_066767,Basic_Health
USR_066768,Basic_Health
USR_066769,Premium_Health_Life
USR_066770,Basic_Health
USR_066771,Family_Comprehensive
USR_066772,Health_Dental_Vision
USR_066773,Basic_Health
USR_066774,Family_Comprehensive
USR_066775,Basic_Health
USR_066776,Home_Standard
USR_066777,Basic_Health
USR_066778,Basic_Health
USR_066779,Health_Dental_Vision
USR_066780,Basic_Health
USR_066781,Auto_Liability_Basic
USR_066782,Basic_Health
USR_066783,Auto_Liability_Basic
USR_066784,Basic_Health
USR_066785,Premium_Health_Life
USR_066786,Basic_Health
USR_066787,Basic_Health
USR_066788,Basic_Health
USR_066789,Basic_Health
USR_066790,Basic_Health
USR_066791,Basic_Health
USR_066792,Basic_Health
USR_066793,Basic_Health
USR_066794,Premium_Health_Life
USR_066795,Auto_Liability_Basic
USR_066796,Auto_Comprehensive
USR_066797,Health_Dental_Vision
USR_066798,Premium_Health_Life
USR_066799,Basic_Health
USR_066800,Health_Dental_Vision
USR_066801,Health_Dental_Vision
USR_066802,Basic_Health
USR_066803,Basic_Health
USR_066804,Health_Dental_Vision
USR_066805,Basic_Health
USR_066806,Premium_Health_Life
USR_066807,Health_Dental_Vision
USR_066808,Basic_Health
USR_066809,Auto_Liability_Basic
USR_066810,Family_Comprehensive
USR_066811,Basic_Health
USR_066812,Basic_Health
USR_066813,Basic_Health
USR_066814,Basic_Health
USR_066815,Basic_Health
USR_066816,Basic_Health
USR_066817,Basic_Health
USR_066818,Family_Comprehensive
USR_066819,Health_Dental_Vision
USR_066820,Basic_Health
USR_066821,Basic_Health
USR_066822,Family_Comprehensive
USR_066823,Basic_Health
USR_066824,Basic_Health
USR_066825,Health_Dental_Vision
USR_066826,Basic_Health
USR_066827,Health_Dental_Vision
USR_066828,Basic_Health
USR_066829,Health_Dental_Vision
USR_066830,Family_Comprehensive
USR_066831,Basic_Health
USR_066832,Basic_Health
USR_066833,Health_Dental_Vision
USR_066834,Health_Dental_Vision
USR_066835,Basic_Health
USR_066836,Home_Premium
USR_066837,Health_Dental_Vision
USR_066838,Health_Dental_Vision
USR_066839,Health_Dental_Vision
USR_066840,Health_Dental_Vision
USR_066841,Basic_Health
USR_066842,Basic_Health
USR_066843,Basic_Health
USR_066844,Basic_Health
USR_066845,Basic_Health
USR_066846,Basic_Health
USR_066847,Premium_Health_Life
USR_066848,Health_Dental_Vision
USR_066849,Basic_Health
USR_066850,Basic_Health
USR_066851,Basic_Health
USR_066852,Basic_Health
USR_066853,Basic_Health
USR_066854,Basic_Health
USR_066855,Basic_Health
USR_066856,Basic_Health
USR_066857,Basic_Health
USR_066858,Basic_Health
USR_066859,Health_Dental_Vision
USR_066860,Basic_Health
USR_066861,Health_Dental_Vision
USR_066862,Basic_Health
USR_066863,Basic_Health
USR_066864,Basic_Health
USR_066865,Auto_Liability_Basic
USR_066866,Basic_Health
USR_066867,Basic_Health
USR_066868,Basic_Health
USR_066869,Basic_Health
USR_066870,Health_Dental_Vision
USR_066871,Basic_Health
USR_066872,Basic_Health
USR_066873,Basic_Health
USR_066874,Basic_Health
USR_066875,Basic_Health
USR_066876,Basic_Health
USR_066877,Basic_Health
USR_066878,Basic_Health
USR_066879,Basic_Health
USR_066880,Basic_Health
USR_066881,Health_Dental_Vision
USR_066882,Basic_Health
USR_066883,Basic_Health
USR_066884,Basic_Health
USR_066885,Basic_Health
USR_066886,Family_Comprehensive
USR_066887,Auto_Liability_Basic
USR_066888,Health_Dental_Vision
USR_066889,Family_Comprehensive
USR_066890,Basic_Health
USR_066891,Basic_Health
USR_066892,Basic_Health
USR_066893,Basic_Health
USR_066894,Basic_Health
USR_066895,Basic_Health
USR_066896,Family_Comprehensive
USR_066897,Health_Dental_Vision
USR_066898,Basic_Health
USR_066899,Family_Comprehensive
USR_066900,Basic_Health
USR_066901,Basic_Health
USR_066902,Family_Comprehensive
USR_066903,Basic_Health
USR_066904,Basic_Health
USR_066905,Health_Dental_Vision
USR_066906,Auto_Liability_Basic
USR_066907,Basic_Health
USR_066908,Health_Dental_Vision
USR_066909,Basic_Health
USR_066910,Basic_Health
USR_066911,Basic_Health
USR_066912,Health_Dental_Vision
USR_066913,Health_Dental_Vision
USR_066914,Basic_Health
USR_066915,Basic_Health
USR_066916,Basic_Health
USR_066917,Basic_Health
USR_066918,Basic_Health
USR_066919,Health_Dental_Vision
USR_066920,Basic_Health
USR_066921,Auto_Liability_Basic
USR_066922,Basic_Health
USR_066923,Basic_Health
USR_066924,Basic_Health
USR_066925,Basic_Health
USR_066926,Basic_Health
USR_066927,Health_Dental_Vision
USR_066928,Basic_Health
USR_066929,Basic_Health
USR_066930,Basic_Health
USR_066931,Basic_Health
USR_066932,Basic_Health
USR_066933,Family_Comprehensive
USR_066934,Basic_Health
USR_066935,Basic_Health
USR_066936,Health_Dental_Vision
USR_066937,Basic_Health
USR_066938,Basic_Health
USR_066939,Basic_Health
USR_066940,Basic_Health
USR_066941,Basic_Health
USR_066942,Basic_Health
USR_066943,Basic_Health
USR_066944,Basic_Health
USR_066945,Basic_Health
USR_066946,Health_Dental_Vision
USR_066947,Auto_Liability_Basic
USR_066948,Basic_Health
USR_066949,Basic_Health
USR_066950,Basic_Health
USR_066951,Basic_Health
USR_066952,Health_Dental_Vision
USR_066953,Family_Comprehensive
USR_066954,Basic_Health
USR_066955,Basic_Health
USR_066956,Basic_Health
USR_066957,Basic_Health
USR_066958,Basic_Health
USR_066959,Basic_Health
USR_066960,Basic_Health
USR_066961,Basic_Health
USR_066962,Family_Comprehensive
USR_066963,Basic_Health
USR_066964,Basic_Health
USR_066965,Basic_Health
USR_066966,Basic_Health
USR_066967,Basic_Health
USR_066968,Basic_Health
USR_066969,Basic_Health
USR_066970,Auto_Liability_Basic
USR_066971,Basic_Health
USR_066972,Home_Premium
USR_066973,Basic_Health
USR_066974,Basic_Health
USR_066975,Health_Dental_Vision
USR_066976,Home_Premium
USR_066977,Basic_Health
USR_066978,Basic_Health
USR_066979,Health_Dental_Vision
USR_066980,Basic_Health
USR_066981,Health_Dental_Vision
USR_066982,Auto_Liability_Basic
USR_066983,Basic_Health
USR_066984,Health_Dental_Vision
USR_066985,Basic_Health
USR_066986,Basic_Health
USR_066987,Basic_Health
USR_066988,Health_Dental_Vision
USR_066989,Basic_Health
USR_066990,Health_Dental_Vision
USR_066991,Family_Comprehensive
USR_066992,Basic_Health
USR_066993,Basic_Health
USR_066994,Basic_Health
USR_066995,Basic_Health
USR_066996,Basic_Health
USR_066997,Basic_Health
USR_066998,Basic_Health
USR_066999,Basic_Health
USR_067000,Basic_Health
USR_067001,Basic_Health
USR_067002,Basic_Health
USR_067003,Basic_Health
USR_067004,Basic_Health
USR_067005,Basic_Health
USR_067006,Health_Dental_Vision
USR_067007,Basic_Health
USR_067008,Basic_Health
USR_067009,Basic_Health
USR_067010,Basic_Health
USR_067011,Auto_Liability_Basic
USR_067012,Basic_Health
USR_067013,Basic_Health
USR_067014,Basic_Health
USR_067015,Basic_Health
USR_067016,Basic_Health
USR_067017,Basic_Health
USR_067018,Basic_Health
USR_067019,Basic_Health
USR_067020,Basic_Health
USR_067021,Health_Dental_Vision
USR_067022,Basic_Health
USR_067023,Auto_Liability_Basic
USR_067024,Basic_Health
USR_067025,Health_Dental_Vision
USR_067026,Basic_Health
USR_067027,Family_Comprehensive
USR_067028,Basic_Health
USR_067029,Premium_Health_Life
USR_067030,Basic_Health
USR_067031,Family_Comprehensive
USR_067032,Basic_Health
USR_067033,Basic_Health
USR_067034,Basic_Health
USR_067035,Health_Dental_Vision
USR_067036,Basic_Health
USR_067037,Basic_Health
USR_067038,Health_Dental_Vision
USR_067039,Basic_Health
USR_067040,Basic_Health
USR_067041,Basic_Health
USR_067042,Basic_Health
USR_067043,Basic_Health
USR_067044,Basic_Health
USR_067045,Health_Dental_Vision
USR_067046,Basic_Health
USR_067047,Basic_Health
USR_067048,Basic_Health
USR_067049,Health_Dental_Vision
USR_067050,Basic_Health
USR_067051,Health_Dental_Vision
USR_067052,Basic_Health
USR_067053,Basic_Health
USR_067054,Family_Comprehensive
USR_067055,Basic_Health
USR_067056,Basic_Health
USR_067057,Health_Dental_Vision
USR_067058,Basic_Health
USR_067059,Basic_Health
USR_067060,Basic_Health
USR_067061,Basic_Health
USR_067062,Basic_Health
USR_067063,Basic_Health
USR_067064,Basic_Health
USR_067065,Basic_Health
USR_067066,Basic_Health
USR_067067,Health_Dental_Vision
USR_067068,Health_Dental_Vision
USR_067069,Health_Dental_Vision
USR_067070,Basic_Health
USR_067071,Basic_Health
USR_067072,Basic_Health
USR_067073,Basic_Health
USR_067074,Basic_Health
USR_067075,Basic_Health
USR_067076,Basic_Health
USR_067077,Basic_Health
USR_067078,Health_Dental_Vision
USR_067079,Basic_Health
USR_067080,Family_Comprehensive
USR_067081,Basic_Health
USR_067082,Basic_Health
USR_067083,Family_Comprehensive
USR_067084,Basic_Health
USR_067085,Basic_Health
USR_067086,Auto_Liability_Basic
USR_067087,Health_Dental_Vision
USR_067088,Premium_Health_Life
USR_067089,Basic_Health
USR_067090,Basic_Health
USR_067091,Basic_Health
USR_067092,Basic_Health
USR_067093,Basic_Health
USR_067094,Basic_Health
USR_067095,Health_Dental_Vision
USR_067096,Basic_Health
USR_067097,Basic_Health
USR_067098,Basic_Health
USR_067099,Health_Dental_Vision
USR_067100,Auto_Comprehensive
USR_067101,Basic_Health
USR_067102,Family_Comprehensive
USR_067103,Basic_Health
USR_067104,Basic_Health
USR_067105,Basic_Health
USR_067106,Basic_Health
USR_067107,Basic_Health
USR_067108,Family_Comprehensive
USR_067109,Basic_Health
USR_067110,Basic_Health
USR_067111,Health_Dental_Vision
USR_067112,Auto_Comprehensive
USR_067113,Basic_Health
USR_067114,Basic_Health
USR_067115,Basic_Health
USR_067116,Basic_Health
USR_067117,Basic_Health
USR_067118,Basic_Health
USR_067119,Basic_Health
USR_067120,Basic_Health
USR_067121,Health_Dental_Vision
USR_067122,Basic_Health
USR_067123,Basic_Health
USR_067124,Basic_Health
USR_067125,Basic_Health
USR_067126,Basic_Health
USR_067127,Health_Dental_Vision
USR_067128,Basic_Health
USR_067129,Basic_Health
USR_067130,Basic_Health
USR_067131,Health_Dental_Vision
USR_067132,Basic_Health
USR_067133,Basic_Health
USR_067134,Basic_Health
USR_067135,Basic_Health
USR_067136,Health_Dental_Vision
USR_067137,Basic_Health
USR_067138,Basic_Health
USR_067139,Basic_Health
USR_067140,Basic_Health
USR_067141,Premium_Health_Life
USR_067142,Basic_Health
USR_067143,Basic_Health
USR_067144,Family_Comprehensive
USR_067145,Basic_Health
USR_067146,Basic_Health
USR_067147,Basic_Health
USR_067148,Basic_Health
USR_067149,Health_Dental_Vision
USR_067150,Basic_Health
USR_067151,Basic_Health
USR_067152,Basic_Health
USR_067153,Basic_Health
USR_067154,Basic_Health
USR_067155,Basic_Health
USR_067156,Basic_Health
USR_067157,Basic_Health
USR_067158,Health_Dental_Vision
USR_067159,Basic_Health
USR_067160,Basic_Health
USR_067161,Basic_Health
USR_067162,Basic_Health
USR_067163,Basic_Health
USR_067164,Basic_Health
USR_067165,Basic_Health
USR_067166,Basic_Health
USR_067167,Basic_Health
USR_067168,Basic_Health
USR_067169,Family_Comprehensive
USR_067170,Basic_Health
USR_067171,Basic_Health
USR_067172,Basic_Health
USR_067173,Basic_Health
USR_067174,Basic_Health
USR_067175,Basic_Health
USR_067176,Basic_Health
USR_067177,Basic_Health
USR_067178,Basic_Health
USR_067179,Premium_Health_Life
USR_067180,Health_Dental_Vision
USR_067181,Basic_Health
USR_067182,Health_Dental_Vision
USR_067183,Home_Premium
USR_067184,Basic_Health
USR_067185,Premium_Health_Life
USR_067186,Basic_Health
USR_067187,Basic_Health
USR_067188,Basic_Health
USR_067189,Basic_Health
USR_067190,Basic_Health
USR_067191,Basic_Health
USR_067192,Basic_Health
USR_067193,Basic_Health
USR_067194,Basic_Health
USR_067195,Basic_Health
USR_067196,Basic_Health
USR_067197,Basic_Health
USR_067198,Family_Comprehensive
USR_067199,Basic_Health
USR_067200,Family_Comprehensive
USR_067201,Premium_Health_Life
USR_067202,Basic_Health
USR_067203,Basic_Health
USR_067204,Basic_Health
USR_067205,Basic_Health
USR_067206,Basic_Health
USR_067207,Basic_Health
USR_067208,Basic_Health
USR_067209,Basic_Health
USR_067210,Basic_Health
USR_067211,Basic_Health
USR_067212,Basic_Health
USR_067213,Health_Dental_Vision
USR_067214,Family_Comprehensive
USR_067215,Health_Dental_Vision
USR_067216,Health_Dental_Vision
USR_067217,Basic_Health
USR_067218,Premium_Health_Life
USR_067219,Family_Comprehensive
USR_067220,Auto_Liability_Basic
USR_067221,Basic_Health
USR_067222,Basic_Health
USR_067223,Basic_Health
USR_067224,Basic_Health
USR_067225,Basic_Health
USR_067226,Basic_Health
USR_067227,Basic_Health
USR_067228,Auto_Liability_Basic
USR_067229,Basic_Health
USR_067230,Basic_Health
USR_067231,Family_Comprehensive
USR_067232,Home_Standard
USR_067233,Basic_Health
USR_067234,Health_Dental_Vision
USR_067235,Basic_Health
USR_067236,Basic_Health
USR_067237,Basic_Health
USR_067238,Basic_Health
USR_067239,Basic_Health
USR_067240,Basic_Health
USR_067241,Basic_Health
USR_067242,Basic_Health
USR_067243,Basic_Health
USR_067244,Basic_Health
USR_067245,Basic_Health
USR_067246,Health_Dental_Vision
USR_067247,Basic_Health
USR_067248,Basic_Health
USR_067249,Basic_Health
USR_067250,Basic_Health
USR_067251,Health_Dental_Vision
USR_067252,Health_Dental_Vision
USR_067253,Basic_Health
USR_067254,Basic_Health
USR_067255,Basic_Health
USR_067256,Basic_Health
USR_067257,Basic_Health
USR_067258,Basic_Health
USR_067259,Basic_Health
USR_067260,Basic_Health
USR_067261,Health_Dental_Vision
USR_067262,Health_Dental_Vision
USR_067263,Basic_Health
USR_067264,Basic_Health
USR_067265,Auto_Liability_Basic
USR_067266,Family_Comprehensive
USR_067267,Health_Dental_Vision
USR_067268,Basic_Health
USR_067269,Health_Dental_Vision
USR_067270,Basic_Health
USR_067271,Basic_Health
USR_067272,Basic_Health
USR_067273,Basic_Health
USR_067274,Family_Comprehensive
USR_067275,Health_Dental_Vision
USR_067276,Premium_Health_Life
USR_067277,Basic_Health
USR_067278,Auto_Liability_Basic
USR_067279,Basic_Health
USR_067280,Basic_Health
USR_067281,Basic_Health
USR_067282,Basic_Health
USR_067283,Basic_Health
USR_067284,Health_Dental_Vision
USR_067285,Basic_Health
USR_067286,Family_Comprehensive
USR_067287,Health_Dental_Vision
USR_067288,Family_Comprehensive
USR_067289,Basic_Health
USR_067290,Basic_Health
USR_067291,Health_Dental_Vision
USR_067292,Basic_Health
USR_067293,Basic_Health
USR_067294,Basic_Health
USR_067295,Basic_Health
USR_067296,Health_Dental_Vision
USR_067297,Basic_Health
USR_067298,Basic_Health
USR_067299,Basic_Health
USR_067300,Basic_Health
USR_067301,Basic_Health
USR_067302,Basic_Health
USR_067303,Family_Comprehensive
USR_067304,Basic_Health
USR_067305,Health_Dental_Vision
USR_067306,Basic_Health
USR_067307,Basic_Health
USR_067308,Basic_Health
USR_067309,Basic_Health
USR_067310,Basic_Health
USR_067311,Health_Dental_Vision
USR_067312,Basic_Health
USR_067313,Basic_Health
USR_067314,Basic_Health
USR_067315,Basic_Health
USR_067316,Family_Comprehensive
USR_067317,Basic_Health
USR_067318,Basic_Health
USR_067319,Basic_Health
USR_067320,Basic_Health
USR_067321,Family_Comprehensive
USR_067322,Basic_Health
USR_067323,Basic_Health
USR_067324,Auto_Liability_Basic
USR_067325,Basic_Health
USR_067326,Basic_Health
USR_067327,Basic_Health
USR_067328,Basic_Health
USR_067329,Health_Dental_Vision
USR_067330,Basic_Health
USR_067331,Basic_Health
USR_067332,Basic_Health
USR_067333,Basic_Health
USR_067334,Home_Standard
USR_067335,Basic_Health
USR_067336,Basic_Health
USR_067337,Basic_Health
USR_067338,Basic_Health
USR_067339,Health_Dental_Vision
USR_067340,Basic_Health
USR_067341,Basic_Health
USR_067342,Basic_Health
USR_067343,Basic_Health
USR_067344,Basic_Health
USR_067345,Basic_Health
USR_067346,Basic_Health
USR_067347,Health_Dental_Vision
USR_067348,Health_Dental_Vision
USR_067349,Basic_Health
USR_067350,Auto_Liability_Basic
USR_067351,Basic_Health
USR_067352,Basic_Health
USR_067353,Basic_Health
USR_067354,Basic_Health
USR_067355,Health_Dental_Vision
USR_067356,Basic_Health
USR_067357,Basic_Health
USR_067358,Health_Dental_Vision
USR_067359,Health_Dental_Vision
USR_067360,Basic_Health
USR_067361,Premium_Health_Life
USR_067362,Health_Dental_Vision
USR_067363,Basic_Health
USR_067364,Auto_Liability_Basic
USR_067365,Basic_Health
USR_067366,Basic_Health
USR_067367,Health_Dental_Vision
USR_067368,Health_Dental_Vision
USR_067369,Basic_Health
USR_067370,Health_Dental_Vision
USR_067371,Basic_Health
USR_067372,Family_Comprehensive
USR_067373,Basic_Health
USR_067374,Basic_Health
USR_067375,Basic_Health
USR_067376,Basic_Health
USR_067377,Basic_Health
USR_067378,Health_Dental_Vision
USR_067379,Health_Dental_Vision
USR_067380,Basic_Health
USR_067381,Family_Comprehensive
USR_067382,Basic_Health
USR_067383,Family_Comprehensive
USR_067384,Family_Comprehensive
USR_067385,Basic_Health
USR_067386,Basic_Health
USR_067387,Basic_Health
USR_067388,Health_Dental_Vision
USR_067389,Basic_Health
USR_067390,Health_Dental_Vision
USR_067391,Basic_Health
USR_067392,Basic_Health
USR_067393,Family_Comprehensive
USR_067394,Basic_Health
USR_067395,Basic_Health
USR_067396,Basic_Health
USR_067397,Basic_Health
USR_067398,Health_Dental_Vision
USR_067399,Basic_Health
USR_067400,Basic_Health
USR_067401,Health_Dental_Vision
USR_067402,Home_Premium
USR_067403,Basic_Health
USR_067404,Basic_Health
USR_067405,Basic_Health
USR_067406,Basic_Health
USR_067407,Health_Dental_Vision
USR_067408,Basic_Health
USR_067409,Health_Dental_Vision
USR_067410,Family_Comprehensive
USR_067411,Auto_Liability_Basic
USR_067412,Family_Comprehensive
USR_067413,Auto_Liability_Basic
USR_067414,Health_Dental_Vision
USR_067415,Basic_Health
USR_067416,Basic_Health
USR_067417,Basic_Health
USR_067418,Basic_Health
USR_067419,Health_Dental_Vision
USR_067420,Health_Dental_Vision
USR_067421,Basic_Health
USR_067422,Basic_Health
USR_067423,Basic_Health
USR_067424,Basic_Health
USR_067425,Basic_Health
USR_067426,Basic_Health
USR_067427,Health_Dental_Vision
USR_067428,Basic_Health
USR_067429,Health_Dental_Vision
USR_067430,Basic_Health
USR_067431,Basic_Health
USR_067432,Health_Dental_Vision
USR_067433,Basic_Health
USR_067434,Basic_Health
USR_067435,Auto_Liability_Basic
USR_067436,Health_Dental_Vision
USR_067437,Health_Dental_Vision
USR_067438,Basic_Health
USR_067439,Health_Dental_Vision
USR_067440,Basic_Health
USR_067441,Basic_Health
USR_067442,Basic_Health
USR_067443,Health_Dental_Vision
USR_067444,Auto_Liability_Basic
USR_067445,Family_Comprehensive
USR_067446,Health_Dental_Vision
USR_067447,Basic_Health
USR_067448,Health_Dental_Vision
USR_067449,Health_Dental_Vision
USR_067450,Basic_Health
USR_067451,Health_Dental_Vision
USR_067452,Basic_Health
USR_067453,Basic_Health
USR_067454,Basic_Health
USR_067455,Basic_Health
USR_067456,Basic_Health
USR_067457,Health_Dental_Vision
USR_067458,Basic_Health
USR_067459,Basic_Health
USR_067460,Basic_Health
USR_067461,Basic_Health
USR_067462,Basic_Health
USR_067463,Auto_Liability_Basic
USR_067464,Health_Dental_Vision
USR_067465,Basic_Health
USR_067466,Basic_Health
USR_067467,Basic_Health
USR_067468,Family_Comprehensive
USR_067469,Basic_Health
USR_067470,Basic_Health
USR_067471,Basic_Health
USR_067472,Health_Dental_Vision
USR_067473,Basic_Health
USR_067474,Basic_Health
USR_067475,Basic_Health
USR_067476,Basic_Health
USR_067477,Basic_Health
USR_067478,Family_Comprehensive
USR_067479,Basic_Health
USR_067480,Auto_Liability_Basic
USR_067481,Basic_Health
USR_067482,Health_Dental_Vision
USR_067483,Health_Dental_Vision
USR_067484,Basic_Health
USR_067485,Auto_Liability_Basic
USR_067486,Basic_Health
USR_067487,Basic_Health
USR_067488,Health_Dental_Vision
USR_067489,Health_Dental_Vision
USR_067490,Basic_Health
USR_067491,Basic_Health
USR_067492,Basic_Health
USR_067493,Health_Dental_Vision
USR_067494,Health_Dental_Vision
USR_067495,Basic_Health
USR_067496,Health_Dental_Vision
USR_067497,Basic_Health
USR_067498,Basic_Health
USR_067499,Basic_Health
USR_067500,Basic_Health
USR_067501,Basic_Health
USR_067502,Basic_Health
USR_067503,Basic_Health
USR_067504,Basic_Health
USR_067505,Basic_Health
USR_067506,Basic_Health
USR_067507,Premium_Health_Life
USR_067508,Basic_Health
USR_067509,Basic_Health
USR_067510,Auto_Liability_Basic
USR_067511,Basic_Health
USR_067512,Basic_Health
USR_067513,Health_Dental_Vision
USR_067514,Basic_Health
USR_067515,Basic_Health
USR_067516,Basic_Health
USR_067517,Health_Dental_Vision
USR_067518,Basic_Health
USR_067519,Basic_Health
USR_067520,Basic_Health
USR_067521,Health_Dental_Vision
USR_067522,Basic_Health
USR_067523,Basic_Health
USR_067524,Health_Dental_Vision
USR_067525,Basic_Health
USR_067526,Basic_Health
USR_067527,Basic_Health
USR_067528,Premium_Health_Life
USR_067529,Premium_Health_Life
USR_067530,Basic_Health
USR_067531,Basic_Health
USR_067532,Basic_Health
USR_067533,Basic_Health
USR_067534,Basic_Health
USR_067535,Health_Dental_Vision
USR_067536,Family_Comprehensive
USR_067537,Basic_Health
USR_067538,Health_Dental_Vision
USR_067539,Basic_Health
USR_067540,Basic_Health
USR_067541,Basic_Health
USR_067542,Basic_Health
USR_067543,Basic_Health
USR_067544,Basic_Health
USR_067545,Basic_Health
USR_067546,Health_Dental_Vision
USR_067547,Basic_Health
USR_067548,Health_Dental_Vision
USR_067549,Basic_Health
USR_067550,Basic_Health
USR_067551,Basic_Health
USR_067552,Basic_Health
USR_067553,Family_Comprehensive
USR_067554,Health_Dental_Vision
USR_067555,Basic_Health
USR_067556,Health_Dental_Vision
USR_067557,Basic_Health
USR_067558,Basic_Health
USR_067559,Basic_Health
USR_067560,Basic_Health
USR_067561,Basic_Health
USR_067562,Family_Comprehensive
USR_067563,Health_Dental_Vision
USR_067564,Basic_Health
USR_067565,Basic_Health
USR_067566,Basic_Health
USR_067567,Basic_Health
USR_067568,Basic_Health
USR_067569,Health_Dental_Vision
USR_067570,Basic_Health
USR_067571,Basic_Health
USR_067572,Basic_Health
USR_067573,Basic_Health
USR_067574,Basic_Health
USR_067575,Health_Dental_Vision
USR_067576,Basic_Health
USR_067577,Family_Comprehensive
USR_067578,Basic_Health
USR_067579,Basic_Health
USR_067580,Basic_Health
USR_067581,Health_Dental_Vision
USR_067582,Family_Comprehensive
USR_067583,Basic_Health
USR_067584,Health_Dental_Vision
USR_067585,Basic_Health
USR_067586,Auto_Comprehensive
USR_067587,Basic_Health
USR_067588,Basic_Health
USR_067589,Basic_Health
USR_067590,Basic_Health
USR_067591,Basic_Health
USR_067592,Family_Comprehensive
USR_067593,Health_Dental_Vision
USR_067594,Basic_Health
USR_067595,Basic_Health
USR_067596,Basic_Health
USR_067597,Premium_Health_Life
USR_067598,Health_Dental_Vision
USR_067599,Basic_Health
USR_067600,Basic_Health
USR_067601,Basic_Health
USR_067602,Auto_Liability_Basic
USR_067603,Basic_Health
USR_067604,Health_Dental_Vision
USR_067605,Basic_Health
USR_067606,Basic_Health
USR_067607,Basic_Health
USR_067608,Basic_Health
USR_067609,Auto_Liability_Basic
USR_067610,Basic_Health
USR_067611,Basic_Health
USR_067612,Health_Dental_Vision
USR_067613,Health_Dental_Vision
USR_067614,Health_Dental_Vision
USR_067615,Family_Comprehensive
USR_067616,Auto_Liability_Basic
USR_067617,Basic_Health
USR_067618,Basic_Health
USR_067619,Basic_Health
USR_067620,Basic_Health
USR_067621,Health_Dental_Vision
USR_067622,Basic_Health
USR_067623,Basic_Health
USR_067624,Basic_Health
USR_067625,Family_Comprehensive
USR_067626,Basic_Health
USR_067627,Basic_Health
USR_067628,Basic_Health
USR_067629,Basic_Health
USR_067630,Basic_Health
USR_067631,Auto_Liability_Basic
USR_067632,Premium_Health_Life
USR_067633,Basic_Health
USR_067634,Basic_Health
USR_067635,Basic_Health
USR_067636,Basic_Health
USR_067637,Basic_Health
USR_067638,Basic_Health
USR_067639,Basic_Health
USR_067640,Basic_Health
USR_067641,Basic_Health
USR_067642,Family_Comprehensive
USR_067643,Basic_Health
USR_067644,Basic_Health
USR_067645,Basic_Health
USR_067646,Basic_Health
USR_067647,Health_Dental_Vision
USR_067648,Family_Comprehensive
USR_067649,Health_Dental_Vision
USR_067650,Basic_Health
USR_067651,Basic_Health
USR_067652,Health_Dental_Vision
USR_067653,Basic_Health
USR_067654,Home_Premium
USR_067655,Health_Dental_Vision
USR_067656,Basic_Health
USR_067657,Health_Dental_Vision
USR_067658,Basic_Health
USR_067659,Basic_Health
USR_067660,Basic_Health
USR_067661,Basic_Health
USR_067662,Home_Standard
USR_067663,Basic_Health
USR_067664,Basic_Health
USR_067665,Basic_Health
USR_067666,Basic_Health
USR_067667,Basic_Health
USR_067668,Basic_Health
USR_067669,Health_Dental_Vision
USR_067670,Basic_Health
USR_067671,Basic_Health
USR_067672,Basic_Health
USR_067673,Basic_Health
USR_067674,Basic_Health
USR_067675,Basic_Health
USR_067676,Basic_Health
USR_067677,Basic_Health
USR_067678,Basic_Health
USR_067679,Basic_Health
USR_067680,Basic_Health
USR_067681,Auto_Liability_Basic
USR_067682,Basic_Health
USR_067683,Family_Comprehensive
USR_067684,Basic_Health
USR_067685,Basic_Health
USR_067686,Basic_Health
USR_067687,Auto_Liability_Basic
USR_067688,Basic_Health
USR_067689,Basic_Health
USR_067690,Basic_Health
USR_067691,Basic_Health
USR_067692,Basic_Health
USR_067693,Basic_Health
USR_067694,Auto_Liability_Basic
USR_067695,Basic_Health
USR_067696,Basic_Health
USR_067697,Basic_Health
USR_067698,Basic_Health
USR_067699,Basic_Health
USR_067700,Basic_Health
USR_067701,Basic_Health
USR_067702,Basic_Health
USR_067703,Basic_Health
USR_067704,Home_Standard
USR_067705,Basic_Health
USR_067706,Basic_Health
USR_067707,Auto_Liability_Basic
USR_067708,Family_Comprehensive
USR_067709,Basic_Health
USR_067710,Premium_Health_Life
USR_067711,Basic_Health
USR_067712,Basic_Health
USR_067713,Basic_Health
USR_067714,Basic_Health
USR_067715,Basic_Health
USR_067716,Basic_Health
USR_067717,Basic_Health
USR_067718,Premium_Health_Life
USR_067719,Basic_Health
USR_067720,Basic_Health
USR_067721,Basic_Health
USR_067722,Basic_Health
USR_067723,Basic_Health
USR_067724,Family_Comprehensive
USR_067725,Auto_Liability_Basic
USR_067726,Basic_Health
USR_067727,Health_Dental_Vision
USR_067728,Basic_Health
USR_067729,Family_Comprehensive
USR_067730,Basic_Health
USR_067731,Family_Comprehensive
USR_067732,Basic_Health
USR_067733,Basic_Health
USR_067734,Health_Dental_Vision
USR_067735,Basic_Health
USR_067736,Health_Dental_Vision
USR_067737,Basic_Health
USR_067738,Family_Comprehensive
USR_067739,Basic_Health
USR_067740,Basic_Health
USR_067741,Basic_Health
USR_067742,Auto_Liability_Basic
USR_067743,Health_Dental_Vision
USR_067744,Basic_Health
USR_067745,Basic_Health
USR_067746,Basic_Health
USR_067747,Basic_Health
USR_067748,Basic_Health
USR_067749,Health_Dental_Vision
USR_067750,Basic_Health
USR_067751,Basic_Health
USR_067752,Health_Dental_Vision
USR_067753,Health_Dental_Vision
USR_067754,Basic_Health
USR_067755,Health_Dental_Vision
USR_067756,Family_Comprehensive
USR_067757,Health_Dental_Vision
USR_067758,Basic_Health
USR_067759,Basic_Health
USR_067760,Basic_Health
USR_067761,Basic_Health
USR_067762,Basic_Health
USR_067763,Basic_Health
USR_067764,Health_Dental_Vision
USR_067765,Basic_Health
USR_067766,Basic_Health
USR_067767,Auto_Liability_Basic
USR_067768,Basic_Health
USR_067769,Health_Dental_Vision
USR_067770,Health_Dental_Vision
USR_067771,Basic_Health
USR_067772,Home_Standard
USR_067773,Basic_Health
USR_067774,Basic_Health
USR_067775,Health_Dental_Vision
USR_067776,Health_Dental_Vision
USR_067777,Basic_Health
USR_067778,Basic_Health
USR_067779,Premium_Health_Life
USR_067780,Health_Dental_Vision
USR_067781,Basic_Health
USR_067782,Basic_Health
USR_067783,Basic_Health
USR_067784,Basic_Health
USR_067785,Health_Dental_Vision
USR_067786,Basic_Health
USR_067787,Basic_Health
USR_067788,Basic_Health
USR_067789,Basic_Health
USR_067790,Basic_Health
USR_067791,Basic_Health
USR_067792,Basic_Health
USR_067793,Basic_Health
USR_067794,Basic_Health
USR_067795,Health_Dental_Vision
USR_067796,Basic_Health
USR_067797,Basic_Health
USR_067798,Auto_Liability_Basic
USR_067799,Basic_Health
USR_067800,Basic_Health
USR_067801,Basic_Health
USR_067802,Basic_Health
USR_067803,Basic_Health
USR_067804,Auto_Liability_Basic
USR_067805,Family_Comprehensive
USR_067806,Basic_Health
USR_067807,Basic_Health
USR_067808,Auto_Liability_Basic
USR_067809,Basic_Health
USR_067810,Health_Dental_Vision
USR_067811,Basic_Health
USR_067812,Basic_Health
USR_067813,Health_Dental_Vision
USR_067814,Basic_Health
USR_067815,Basic_Health
USR_067816,Basic_Health
USR_067817,Health_Dental_Vision
USR_067818,Basic_Health
USR_067819,Basic_Health
USR_067820,Basic_Health
USR_067821,Basic_Health
USR_067822,Basic_Health
USR_067823,Basic_Health
USR_067824,Basic_Health
USR_067825,Basic_Health
USR_067826,Basic_Health
USR_067827,Basic_Health
USR_067828,Basic_Health
USR_067829,Basic_Health
USR_067830,Family_Comprehensive
USR_067831,Basic_Health
USR_067832,Basic_Health
USR_067833,Basic_Health
USR_067834,Health_Dental_Vision
USR_067835,Basic_Health
USR_067836,Auto_Liability_Basic
USR_067837,Basic_Health
USR_067838,Basic_Health
USR_067839,Basic_Health
USR_067840,Health_Dental_Vision
USR_067841,Basic_Health
USR_067842,Basic_Health
USR_067843,Basic_Health
USR_067844,Basic_Health
USR_067845,Basic_Health
USR_067846,Basic_Health
USR_067847,Basic_Health
USR_067848,Basic_Health
USR_067849,Basic_Health
USR_067850,Health_Dental_Vision
USR_067851,Premium_Health_Life
USR_067852,Basic_Health
USR_067853,Basic_Health
USR_067854,Basic_Health
USR_067855,Basic_Health
USR_067856,Basic_Health
USR_067857,Basic_Health
USR_067858,Auto_Liability_Basic
USR_067859,Basic_Health
USR_067860,Health_Dental_Vision
USR_067861,Basic_Health
USR_067862,Health_Dental_Vision
USR_067863,Health_Dental_Vision
USR_067864,Basic_Health
USR_067865,Basic_Health
USR_067866,Family_Comprehensive
USR_067867,Basic_Health
USR_067868,Basic_Health
USR_067869,Basic_Health
USR_067870,Basic_Health
USR_067871,Basic_Health
USR_067872,Basic_Health
USR_067873,Basic_Health
USR_067874,Basic_Health
USR_067875,Basic_Health
USR_067876,Basic_Health
USR_067877,Basic_Health
USR_067878,Basic_Health
USR_067879,Basic_Health
USR_067880,Basic_Health
USR_067881,Health_Dental_Vision
USR_067882,Basic_Health
USR_067883,Health_Dental_Vision
USR_067884,Basic_Health
USR_067885,Health_Dental_Vision
USR_067886,Health_Dental_Vision
USR_067887,Basic_Health
USR_067888,Basic_Health
USR_067889,Basic_Health
USR_067890,Health_Dental_Vision
USR_067891,Family_Comprehensive
USR_067892,Family_Comprehensive
USR_067893,Health_Dental_Vision
USR_067894,Basic_Health
USR_067895,Premium_Health_Life
USR_067896,Home_Premium
USR_067897,Basic_Health
USR_067898,Health_Dental_Vision
USR_067899,Auto_Liability_Basic
USR_067900,Health_Dental_Vision
USR_067901,Health_Dental_Vision
USR_067902,Basic_Health
USR_067903,Basic_Health
USR_067904,Basic_Health
USR_067905,Health_Dental_Vision
USR_067906,Basic_Health
USR_067907,Family_Comprehensive
USR_067908,Basic_Health
USR_067909,Health_Dental_Vision
USR_067910,Basic_Health
USR_067911,Health_Dental_Vision
USR_067912,Health_Dental_Vision
USR_067913,Health_Dental_Vision
USR_067914,Family_Comprehensive
USR_067915,Basic_Health
USR_067916,Basic_Health
USR_067917,Health_Dental_Vision
USR_067918,Health_Dental_Vision
USR_067919,Basic_Health
USR_067920,Basic_Health
USR_067921,Basic_Health
USR_067922,Basic_Health
USR_067923,Basic_Health
USR_067924,Basic_Health
USR_067925,Health_Dental_Vision
USR_067926,Auto_Liability_Basic
USR_067927,Basic_Health
USR_067928,Basic_Health
USR_067929,Basic_Health
USR_067930,Basic_Health
USR_067931,Basic_Health
USR_067932,Family_Comprehensive
USR_067933,Home_Premium
USR_067934,Basic_Health
USR_067935,Family_Comprehensive
USR_067936,Basic_Health
USR_067937,Basic_Health
USR_067938,Health_Dental_Vision
USR_067939,Health_Dental_Vision
USR_067940,Basic_Health
USR_067941,Basic_Health
USR_067942,Basic_Health
USR_067943,Health_Dental_Vision
USR_067944,Basic_Health
USR_067945,Basic_Health
USR_067946,Basic_Health
USR_067947,Basic_Health
USR_067948,Basic_Health
USR_067949,Health_Dental_Vision
USR_067950,Family_Comprehensive
USR_067951,Basic_Health
USR_067952,Basic_Health
USR_067953,Basic_Health
USR_067954,Basic_Health
USR_067955,Basic_Health
USR_067956,Basic_Health
USR_067957,Family_Comprehensive
USR_067958,Basic_Health
USR_067959,Basic_Health
USR_067960,Basic_Health
USR_067961,Health_Dental_Vision
USR_067962,Basic_Health
USR_067963,Health_Dental_Vision
USR_067964,Basic_Health
USR_067965,Basic_Health
USR_067966,Auto_Liability_Basic
USR_067967,Basic_Health
USR_067968,Basic_Health
USR_067969,Basic_Health
USR_067970,Basic_Health
USR_067971,Basic_Health
USR_067972,Auto_Liability_Basic
USR_067973,Basic_Health
USR_067974,Basic_Health
USR_067975,Health_Dental_Vision
USR_067976,Auto_Liability_Basic
USR_067977,Basic_Health
USR_067978,Basic_Health
USR_067979,Basic_Health
USR_067980,Auto_Liability_Basic
USR_067981,Basic_Health
USR_067982,Basic_Health
USR_067983,Basic_Health
USR_067984,Basic_Health
USR_067985,Basic_Health
USR_067986,Basic_Health
USR_067987,Basic_Health
USR_067988,Health_Dental_Vision
USR_067989,Basic_Health
USR_067990,Health_Dental_Vision
USR_067991,Basic_Health
USR_067992,Auto_Liability_Basic
USR_067993,Basic_Health
USR_067994,Health_Dental_Vision
USR_067995,Health_Dental_Vision
USR_067996,Basic_Health
USR_067997,Health_Dental_Vision
USR_067998,Auto_Liability_Basic
USR_067999,Basic_Health
USR_068000,Basic_Health
USR_068001,Basic_Health
USR_068002,Health_Dental_Vision
USR_068003,Health_Dental_Vision
USR_068004,Health_Dental_Vision
USR_068005,Health_Dental_Vision
USR_068006,Basic_Health
USR_068007,Basic_Health
USR_068008,Health_Dental_Vision
USR_068009,Basic_Health
USR_068010,Basic_Health
USR_068011,Health_Dental_Vision
USR_068012,Health_Dental_Vision
USR_068013,Basic_Health
USR_068014,Basic_Health
USR_068015,Basic_Health
USR_068016,Family_Comprehensive
USR_068017,Health_Dental_Vision
USR_068018,Basic_Health
USR_068019,Basic_Health
USR_068020,Basic_Health
USR_068021,Basic_Health
USR_068022,Basic_Health
USR_068023,Basic_Health
USR_068024,Health_Dental_Vision
USR_068025,Basic_Health
USR_068026,Basic_Health
USR_068027,Health_Dental_Vision
USR_068028,Basic_Health
USR_068029,Basic_Health
USR_068030,Basic_Health
USR_068031,Basic_Health
USR_068032,Basic_Health
USR_068033,Basic_Health
USR_068034,Basic_Health
USR_068035,Basic_Health
USR_068036,Health_Dental_Vision
USR_068037,Basic_Health
USR_068038,Health_Dental_Vision
USR_068039,Basic_Health
USR_068040,Basic_Health
USR_068041,Basic_Health
USR_068042,Health_Dental_Vision
USR_068043,Family_Comprehensive
USR_068044,Health_Dental_Vision
USR_068045,Auto_Liability_Basic
USR_068046,Family_Comprehensive
USR_068047,Auto_Liability_Basic
USR_068048,Basic_Health
USR_068049,Premium_Health_Life
USR_068050,Health_Dental_Vision
USR_068051,Basic_Health
USR_068052,Basic_Health
USR_068053,Basic_Health
USR_068054,Health_Dental_Vision
USR_068055,Auto_Liability_Basic
USR_068056,Health_Dental_Vision
USR_068057,Basic_Health
USR_068058,Health_Dental_Vision
USR_068059,Basic_Health
USR_068060,Basic_Health
USR_068061,Basic_Health
USR_068062,Basic_Health
USR_068063,Basic_Health
USR_068064,Basic_Health
USR_068065,Basic_Health
USR_068066,Basic_Health
USR_068067,Basic_Health
USR_068068,Basic_Health
USR_068069,Auto_Liability_Basic
USR_068070,Basic_Health
USR_068071,Basic_Health
USR_068072,Health_Dental_Vision
USR_068073,Basic_Health
USR_068074,Basic_Health
USR_068075,Basic_Health
USR_068076,Basic_Health
USR_068077,Basic_Health
USR_068078,Health_Dental_Vision
USR_068079,Basic_Health
USR_068080,Basic_Health
USR_068081,Basic_Health
USR_068082,Health_Dental_Vision
USR_068083,Basic_Health
USR_068084,Health_Dental_Vision
USR_068085,Basic_Health
USR_068086,Basic_Health
USR_068087,Basic_Health
USR_068088,Health_Dental_Vision
USR_068089,Basic_Health
USR_068090,Basic_Health
USR_068091,Auto_Liability_Basic
USR_068092,Health_Dental_Vision
USR_068093,Basic_Health
USR_068094,Health_Dental_Vision
USR_068095,Basic_Health
USR_068096,Basic_Health
USR_068097,Basic_Health
USR_068098,Auto_Liability_Basic
USR_068099,Basic_Health
USR_068100,Basic_Health
USR_068101,Basic_Health
USR_068102,Family_Comprehensive
USR_068103,Health_Dental_Vision
USR_068104,Auto_Liability_Basic
USR_068105,Basic_Health
USR_068106,Basic_Health
USR_068107,Basic_Health
USR_068108,Basic_Health
USR_068109,Basic_Health
USR_068110,Basic_Health
USR_068111,Basic_Health
USR_068112,Basic_Health
USR_068113,Basic_Health
USR_068114,Health_Dental_Vision
USR_068115,Basic_Health
USR_068116,Premium_Health_Life
USR_068117,Basic_Health
USR_068118,Health_Dental_Vision
USR_068119,Home_Standard
USR_068120,Health_Dental_Vision
USR_068121,Auto_Liability_Basic
USR_068122,Basic_Health
USR_068123,Auto_Comprehensive
USR_068124,Home_Standard
USR_068125,Basic_Health
USR_068126,Family_Comprehensive
USR_068127,Auto_Liability_Basic
USR_068128,Basic_Health
USR_068129,Basic_Health
USR_068130,Family_Comprehensive
USR_068131,Health_Dental_Vision
USR_068132,Basic_Health
USR_068133,Health_Dental_Vision
USR_068134,Basic_Health
USR_068135,Basic_Health
USR_068136,Basic_Health
USR_068137,Basic_Health
USR_068138,Auto_Liability_Basic
USR_068139,Basic_Health
USR_068140,Basic_Health
USR_068141,Basic_Health
USR_068142,Basic_Health
USR_068143,Basic_Health
USR_068144,Basic_Health
USR_068145,Basic_Health
USR_068146,Health_Dental_Vision
USR_068147,Basic_Health
USR_068148,Basic_Health
USR_068149,Basic_Health
USR_068150,Health_Dental_Vision
USR_068151,Auto_Liability_Basic
USR_068152,Basic_Health
USR_068153,Health_Dental_Vision
USR_068154,Basic_Health
USR_068155,Basic_Health
USR_068156,Basic_Health
USR_068157,Health_Dental_Vision
USR_068158,Basic_Health
USR_068159,Health_Dental_Vision
USR_068160,Health_Dental_Vision
USR_068161,Family_Comprehensive
USR_068162,Basic_Health
USR_068163,Basic_Health
USR_068164,Basic_Health
USR_068165,Basic_Health
USR_068166,Basic_Health
USR_068167,Home_Standard
USR_068168,Basic_Health
USR_068169,Basic_Health
USR_068170,Basic_Health
USR_068171,Basic_Health
USR_068172,Health_Dental_Vision
USR_068173,Basic_Health
USR_068174,Auto_Comprehensive
USR_068175,Basic_Health
USR_068176,Premium_Health_Life
USR_068177,Auto_Liability_Basic
USR_068178,Basic_Health
USR_068179,Family_Comprehensive
USR_068180,Basic_Health
USR_068181,Basic_Health
USR_068182,Home_Standard
USR_068183,Family_Comprehensive
USR_068184,Basic_Health
USR_068185,Basic_Health
USR_068186,Basic_Health
USR_068187,Health_Dental_Vision
USR_068188,Health_Dental_Vision
USR_068189,Basic_Health
USR_068190,Family_Comprehensive
USR_068191,Health_Dental_Vision
USR_068192,Basic_Health
USR_068193,Health_Dental_Vision
USR_068194,Basic_Health
USR_068195,Basic_Health
USR_068196,Basic_Health
USR_068197,Auto_Liability_Basic
USR_068198,Basic_Health
USR_068199,Basic_Health
USR_068200,Basic_Health
USR_068201,Basic_Health
USR_068202,Basic_Health
USR_068203,Family_Comprehensive
USR_068204,Auto_Liability_Basic
USR_068205,Auto_Liability_Basic
USR_068206,Basic_Health
USR_068207,Family_Comprehensive
USR_068208,Basic_Health
USR_068209,Family_Comprehensive
USR_068210,Basic_Health
USR_068211,Basic_Health
USR_068212,Basic_Health
USR_068213,Health_Dental_Vision
USR_068214,Basic_Health
USR_068215,Basic_Health
USR_068216,Health_Dental_Vision
USR_068217,Basic_Health
USR_068218,Basic_Health
USR_068219,Health_Dental_Vision
USR_068220,Auto_Liability_Basic
USR_068221,Basic_Health
USR_068222,Basic_Health
USR_068223,Health_Dental_Vision
USR_068224,Health_Dental_Vision
USR_068225,Basic_Health
USR_068226,Basic_Health
USR_068227,Basic_Health
USR_068228,Basic_Health
USR_068229,Health_Dental_Vision
USR_068230,Basic_Health
USR_068231,Health_Dental_Vision
USR_068232,Auto_Liability_Basic
USR_068233,Basic_Health
USR_068234,Premium_Health_Life
USR_068235,Basic_Health
USR_068236,Auto_Liability_Basic
USR_068237,Basic_Health
USR_068238,Health_Dental_Vision
USR_068239,Auto_Liability_Basic
USR_068240,Basic_Health
USR_068241,Basic_Health
USR_068242,Basic_Health
USR_068243,Basic_Health
USR_068244,Basic_Health
USR_068245,Basic_Health
USR_068246,Basic_Health
USR_068247,Basic_Health
USR_068248,Health_Dental_Vision
USR_068249,Basic_Health
USR_068250,Basic_Health
USR_068251,Basic_Health
USR_068252,Basic_Health
USR_068253,Basic_Health
USR_068254,Basic_Health
USR_068255,Basic_Health
USR_068256,Basic_Health
USR_068257,Family_Comprehensive
USR_068258,Family_Comprehensive
USR_068259,Basic_Health
USR_068260,Basic_Health
USR_068261,Basic_Health
USR_068262,Basic_Health
USR_068263,Family_Comprehensive
USR_068264,Basic_Health
USR_068265,Health_Dental_Vision
USR_068266,Auto_Liability_Basic
USR_068267,Basic_Health
USR_068268,Basic_Health
USR_068269,Health_Dental_Vision
USR_068270,Basic_Health
USR_068271,Auto_Liability_Basic
USR_068272,Family_Comprehensive
USR_068273,Basic_Health
USR_068274,Basic_Health
USR_068275,Basic_Health
USR_068276,Basic_Health
USR_068277,Health_Dental_Vision
USR_068278,Premium_Health_Life
USR_068279,Family_Comprehensive
USR_068280,Basic_Health
USR_068281,Basic_Health
USR_068282,Basic_Health
USR_068283,Basic_Health
USR_068284,Basic_Health
USR_068285,Health_Dental_Vision
USR_068286,Basic_Health
USR_068287,Health_Dental_Vision
USR_068288,Auto_Liability_Basic
USR_068289,Family_Comprehensive
USR_068290,Basic_Health
USR_068291,Basic_Health
USR_068292,Basic_Health
USR_068293,Basic_Health
USR_068294,Health_Dental_Vision
USR_068295,Health_Dental_Vision
USR_068296,Basic_Health
USR_068297,Basic_Health
USR_068298,Basic_Health
USR_068299,Basic_Health
USR_068300,Basic_Health
USR_068301,Basic_Health
USR_068302,Basic_Health
USR_068303,Basic_Health
USR_068304,Basic_Health
USR_068305,Basic_Health
USR_068306,Health_Dental_Vision
USR_068307,Basic_Health
USR_068308,Basic_Health
USR_068309,Basic_Health
USR_068310,Health_Dental_Vision
USR_068311,Family_Comprehensive
USR_068312,Health_Dental_Vision
USR_068313,Basic_Health
USR_068314,Basic_Health
USR_068315,Basic_Health
USR_068316,Basic_Health
USR_068317,Basic_Health
USR_068318,Basic_Health
USR_068319,Basic_Health
USR_068320,Basic_Health
USR_068321,Basic_Health
USR_068322,Basic_Health
USR_068323,Basic_Health
USR_068324,Basic_Health
USR_068325,Basic_Health
USR_068326,Health_Dental_Vision
USR_068327,Basic_Health
USR_068328,Basic_Health
USR_068329,Family_Comprehensive
USR_068330,Basic_Health
USR_068331,Basic_Health
USR_068332,Family_Comprehensive
USR_068333,Health_Dental_Vision
USR_068334,Basic_Health
USR_068335,Basic_Health
USR_068336,Health_Dental_Vision
USR_068337,Basic_Health
USR_068338,Family_Comprehensive
USR_068339,Health_Dental_Vision
USR_068340,Basic_Health
USR_068341,Auto_Liability_Basic
USR_068342,Auto_Liability_Basic
USR_068343,Basic_Health
USR_068344,Family_Comprehensive
USR_068345,Basic_Health
USR_068346,Auto_Liability_Basic
USR_068347,Auto_Liability_Basic
USR_068348,Family_Comprehensive
USR_068349,Basic_Health
USR_068350,Basic_Health
USR_068351,Basic_Health
USR_068352,Basic_Health
USR_068353,Basic_Health
USR_068354,Basic_Health
USR_068355,Basic_Health
USR_068356,Home_Standard
USR_068357,Basic_Health
USR_068358,Basic_Health
USR_068359,Basic_Health
USR_068360,Basic_Health
USR_068361,Basic_Health
USR_068362,Health_Dental_Vision
USR_068363,Health_Dental_Vision
USR_068364,Basic_Health
USR_068365,Family_Comprehensive
USR_068366,Basic_Health
USR_068367,Basic_Health
USR_068368,Basic_Health
USR_068369,Health_Dental_Vision
USR_068370,Health_Dental_Vision
USR_068371,Basic_Health
USR_068372,Basic_Health
USR_068373,Basic_Health
USR_068374,Basic_Health
USR_068375,Auto_Liability_Basic
USR_068376,Basic_Health
USR_068377,Family_Comprehensive
USR_068378,Basic_Health
USR_068379,Auto_Liability_Basic
USR_068380,Basic_Health
USR_068381,Basic_Health
USR_068382,Basic_Health
USR_068383,Basic_Health
USR_068384,Basic_Health
USR_068385,Basic_Health
USR_068386,Basic_Health
USR_068387,Basic_Health
USR_068388,Basic_Health
USR_068389,Basic_Health
USR_068390,Basic_Health
USR_068391,Family_Comprehensive
USR_068392,Basic_Health
USR_068393,Auto_Comprehensive
USR_068394,Basic_Health
USR_068395,Premium_Health_Life
USR_068396,Basic_Health
USR_068397,Basic_Health
USR_068398,Auto_Liability_Basic
USR_068399,Basic_Health
USR_068400,Auto_Liability_Basic
USR_068401,Health_Dental_Vision
USR_068402,Basic_Health
USR_068403,Health_Dental_Vision
USR_068404,Auto_Liability_Basic
USR_068405,Family_Comprehensive
USR_068406,Auto_Liability_Basic
USR_068407,Basic_Health
USR_068408,Home_Standard
USR_068409,Basic_Health
USR_068410,Basic_Health
USR_068411,Health_Dental_Vision
USR_068412,Basic_Health
USR_068413,Basic_Health
USR_068414,Basic_Health
USR_068415,Premium_Health_Life
USR_068416,Basic_Health
USR_068417,Auto_Liability_Basic
USR_068418,Basic_Health
USR_068419,Health_Dental_Vision
USR_068420,Basic_Health
USR_068421,Basic_Health
USR_068422,Basic_Health
USR_068423,Basic_Health
USR_068424,Basic_Health
USR_068425,Basic_Health
USR_068426,Basic_Health
USR_068427,Health_Dental_Vision
USR_068428,Basic_Health
USR_068429,Basic_Health
USR_068430,Basic_Health
USR_068431,Basic_Health
USR_068432,Family_Comprehensive
USR_068433,Basic_Health
USR_068434,Health_Dental_Vision
USR_068435,Basic_Health
USR_068436,Auto_Liability_Basic
USR_068437,Basic_Health
USR_068438,Basic_Health
USR_068439,Basic_Health
USR_068440,Basic_Health
USR_068441,Basic_Health
USR_068442,Basic_Health
USR_068443,Health_Dental_Vision
USR_068444,Basic_Health
USR_068445,Auto_Liability_Basic
USR_068446,Health_Dental_Vision
USR_068447,Basic_Health
USR_068448,Basic_Health
USR_068449,Basic_Health
USR_068450,Family_Comprehensive
USR_068451,Basic_Health
USR_068452,Basic_Health
USR_068453,Basic_Health
USR_068454,Health_Dental_Vision
USR_068455,Basic_Health
USR_068456,Basic_Health
USR_068457,Basic_Health
USR_068458,Health_Dental_Vision
USR_068459,Basic_Health
USR_068460,Basic_Health
USR_068461,Basic_Health
USR_068462,Health_Dental_Vision
USR_068463,Basic_Health
USR_068464,Basic_Health
USR_068465,Family_Comprehensive
USR_068466,Health_Dental_Vision
USR_068467,Basic_Health
USR_068468,Basic_Health
USR_068469,Basic_Health
USR_068470,Basic_Health
USR_068471,Basic_Health
USR_068472,Basic_Health
USR_068473,Basic_Health
USR_068474,Basic_Health
USR_068475,Basic_Health
USR_068476,Basic_Health
USR_068477,Basic_Health
USR_068478,Basic_Health
USR_068479,Basic_Health
USR_068480,Basic_Health
USR_068481,Basic_Health
USR_068482,Basic_Health
USR_068483,Basic_Health
USR_068484,Family_Comprehensive
USR_068485,Basic_Health
USR_068486,Basic_Health
USR_068487,Health_Dental_Vision
USR_068488,Basic_Health
USR_068489,Family_Comprehensive
USR_068490,Health_Dental_Vision
USR_068491,Basic_Health
USR_068492,Basic_Health
USR_068493,Family_Comprehensive
USR_068494,Basic_Health
USR_068495,Basic_Health
USR_068496,Basic_Health
USR_068497,Basic_Health
USR_068498,Basic_Health
USR_068499,Basic_Health
USR_068500,Health_Dental_Vision
USR_068501,Health_Dental_Vision
USR_068502,Health_Dental_Vision
USR_068503,Health_Dental_Vision
USR_068504,Basic_Health
USR_068505,Basic_Health
USR_068506,Basic_Health
USR_068507,Basic_Health
USR_068508,Basic_Health
USR_068509,Basic_Health
USR_068510,Basic_Health
USR_068511,Basic_Health
USR_068512,Basic_Health
USR_068513,Home_Premium
USR_068514,Home_Standard
USR_068515,Health_Dental_Vision
USR_068516,Basic_Health
USR_068517,Basic_Health
USR_068518,Health_Dental_Vision
USR_068519,Health_Dental_Vision
USR_068520,Basic_Health
USR_068521,Basic_Health
USR_068522,Basic_Health
USR_068523,Basic_Health
USR_068524,Basic_Health
USR_068525,Basic_Health
USR_068526,Basic_Health
USR_068527,Basic_Health
USR_068528,Basic_Health
USR_068529,Basic_Health
USR_068530,Basic_Health
USR_068531,Basic_Health
USR_068532,Basic_Health
USR_068533,Basic_Health
USR_068534,Basic_Health
USR_068535,Basic_Health
USR_068536,Basic_Health
USR_068537,Basic_Health
USR_068538,Basic_Health
USR_068539,Basic_Health
USR_068540,Basic_Health
USR_068541,Basic_Health
USR_068542,Family_Comprehensive
USR_068543,Basic_Health
USR_068544,Basic_Health
USR_068545,Basic_Health
USR_068546,Basic_Health
USR_068547,Health_Dental_Vision
USR_068548,Auto_Liability_Basic
USR_068549,Basic_Health
USR_068550,Basic_Health
USR_068551,Basic_Health
USR_068552,Basic_Health
USR_068553,Basic_Health
USR_068554,Premium_Health_Life
USR_068555,Basic_Health
USR_068556,Basic_Health
USR_068557,Health_Dental_Vision
USR_068558,Basic_Health
USR_068559,Basic_Health
USR_068560,Health_Dental_Vision
USR_068561,Basic_Health
USR_068562,Basic_Health
USR_068563,Basic_Health
USR_068564,Basic_Health
USR_068565,Basic_Health
USR_068566,Basic_Health
USR_068567,Auto_Comprehensive
USR_068568,Family_Comprehensive
USR_068569,Health_Dental_Vision
USR_068570,Basic_Health
USR_068571,Basic_Health
USR_068572,Health_Dental_Vision
USR_068573,Basic_Health
USR_068574,Basic_Health
USR_068575,Auto_Liability_Basic
USR_068576,Basic_Health
USR_068577,Basic_Health
USR_068578,Basic_Health
USR_068579,Basic_Health
USR_068580,Basic_Health
USR_068581,Basic_Health
USR_068582,Basic_Health
USR_068583,Auto_Liability_Basic
USR_068584,Basic_Health
USR_068585,Health_Dental_Vision
USR_068586,Basic_Health
USR_068587,Basic_Health
USR_068588,Health_Dental_Vision
USR_068589,Basic_Health
USR_068590,Auto_Liability_Basic
USR_068591,Basic_Health
USR_068592,Family_Comprehensive
USR_068593,Basic_Health
USR_068594,Basic_Health
USR_068595,Basic_Health
USR_068596,Basic_Health
USR_068597,Home_Standard
USR_068598,Family_Comprehensive
USR_068599,Basic_Health
USR_068600,Family_Comprehensive
USR_068601,Basic_Health
USR_068602,Basic_Health
USR_068603,Basic_Health
USR_068604,Basic_Health
USR_068605,Basic_Health
USR_068606,Auto_Comprehensive
USR_068607,Basic_Health
USR_068608,Health_Dental_Vision
USR_068609,Basic_Health
USR_068610,Basic_Health
USR_068611,Premium_Health_Life
USR_068612,Basic_Health
USR_068613,Auto_Liability_Basic
USR_068614,Basic_Health
USR_068615,Health_Dental_Vision
USR_068616,Basic_Health
USR_068617,Basic_Health
USR_068618,Health_Dental_Vision
USR_068619,Basic_Health
USR_068620,Basic_Health
USR_068621,Basic_Health
USR_068622,Health_Dental_Vision
USR_068623,Basic_Health
USR_068624,Auto_Liability_Basic
USR_068625,Health_Dental_Vision
USR_068626,Basic_Health
USR_068627,Health_Dental_Vision
USR_068628,Auto_Liability_Basic
USR_068629,Health_Dental_Vision
USR_068630,Auto_Liability_Basic
USR_068631,Health_Dental_Vision
USR_068632,Basic_Health
USR_068633,Basic_Health
USR_068634,Basic_Health
USR_068635,Basic_Health
USR_068636,Health_Dental_Vision
USR_068637,Basic_Health
USR_068638,Basic_Health
USR_068639,Basic_Health
USR_068640,Health_Dental_Vision
USR_068641,Basic_Health
USR_068642,Basic_Health
USR_068643,Basic_Health
USR_068644,Health_Dental_Vision
USR_068645,Basic_Health
USR_068646,Basic_Health
USR_068647,Basic_Health
USR_068648,Basic_Health
USR_068649,Basic_Health
USR_068650,Basic_Health
USR_068651,Family_Comprehensive
USR_068652,Basic_Health
USR_068653,Basic_Health
USR_068654,Auto_Liability_Basic
USR_068655,Basic_Health
USR_068656,Basic_Health
USR_068657,Health_Dental_Vision
USR_068658,Basic_Health
USR_068659,Basic_Health
USR_068660,Basic_Health
USR_068661,Basic_Health
USR_068662,Health_Dental_Vision
USR_068663,Basic_Health
USR_068664,Family_Comprehensive
USR_068665,Health_Dental_Vision
USR_068666,Basic_Health
USR_068667,Family_Comprehensive
USR_068668,Family_Comprehensive
USR_068669,Basic_Health
USR_068670,Basic_Health
USR_068671,Basic_Health
USR_068672,Basic_Health
USR_068673,Auto_Liability_Basic
USR_068674,Basic_Health
USR_068675,Basic_Health
USR_068676,Basic_Health
USR_068677,Basic_Health
USR_068678,Basic_Health
USR_068679,Health_Dental_Vision
USR_068680,Basic_Health
USR_068681,Basic_Health
USR_068682,Basic_Health
USR_068683,Health_Dental_Vision
USR_068684,Auto_Liability_Basic
USR_068685,Family_Comprehensive
USR_068686,Basic_Health
USR_068687,Basic_Health
USR_068688,Basic_Health
USR_068689,Basic_Health
USR_068690,Home_Premium
USR_068691,Basic_Health
USR_068692,Health_Dental_Vision
USR_068693,Basic_Health
USR_068694,Basic_Health
USR_068695,Basic_Health
USR_068696,Family_Comprehensive
USR_068697,Basic_Health
USR_068698,Health_Dental_Vision
USR_068699,Basic_Health
USR_068700,Health_Dental_Vision
USR_068701,Health_Dental_Vision
USR_068702,Health_Dental_Vision
USR_068703,Health_Dental_Vision
USR_068704,Basic_Health
USR_068705,Basic_Health
USR_068706,Basic_Health
USR_068707,Basic_Health
USR_068708,Basic_Health
USR_068709,Health_Dental_Vision
USR_068710,Basic_Health
USR_068711,Basic_Health
USR_068712,Basic_Health
USR_068713,Basic_Health
USR_068714,Basic_Health
USR_068715,Health_Dental_Vision
USR_068716,Basic_Health
USR_068717,Basic_Health
USR_068718,Basic_Health
USR_068719,Health_Dental_Vision
USR_068720,Basic_Health
USR_068721,Premium_Health_Life
USR_068722,Basic_Health
USR_068723,Basic_Health
USR_068724,Health_Dental_Vision
USR_068725,Basic_Health
USR_068726,Basic_Health
USR_068727,Auto_Liability_Basic
USR_068728,Basic_Health
USR_068729,Basic_Health
USR_068730,Basic_Health
USR_068731,Basic_Health
USR_068732,Basic_Health
USR_068733,Basic_Health
USR_068734,Basic_Health
USR_068735,Basic_Health
USR_068736,Basic_Health
USR_068737,Basic_Health
USR_068738,Basic_Health
USR_068739,Auto_Liability_Basic
USR_068740,Basic_Health
USR_068741,Health_Dental_Vision
USR_068742,Basic_Health
USR_068743,Health_Dental_Vision
USR_068744,Family_Comprehensive
USR_068745,Basic_Health
USR_068746,Basic_Health
USR_068747,Health_Dental_Vision
USR_068748,Basic_Health
USR_068749,Family_Comprehensive
USR_068750,Basic_Health
USR_068751,Basic_Health
USR_068752,Family_Comprehensive
USR_068753,Basic_Health
USR_068754,Health_Dental_Vision
USR_068755,Family_Comprehensive
USR_068756,Basic_Health
USR_068757,Basic_Health
USR_068758,Basic_Health
USR_068759,Health_Dental_Vision
USR_068760,Basic_Health
USR_068761,Health_Dental_Vision
USR_068762,Basic_Health
USR_068763,Basic_Health
USR_068764,Auto_Liability_Basic
USR_068765,Basic_Health
USR_068766,Basic_Health
USR_068767,Basic_Health
USR_068768,Home_Premium
USR_068769,Premium_Health_Life
USR_068770,Basic_Health
USR_068771,Basic_Health
USR_068772,Basic_Health
USR_068773,Basic_Health
USR_068774,Basic_Health
USR_068775,Home_Standard
USR_068776,Basic_Health
USR_068777,Auto_Liability_Basic
USR_068778,Basic_Health
USR_068779,Basic_Health
USR_068780,Basic_Health
USR_068781,Auto_Liability_Basic
USR_068782,Basic_Health
USR_068783,Basic_Health
USR_068784,Basic_Health
USR_068785,Basic_Health
USR_068786,Basic_Health
USR_068787,Basic_Health
USR_068788,Health_Dental_Vision
USR_068789,Basic_Health
USR_068790,Health_Dental_Vision
USR_068791,Health_Dental_Vision
USR_068792,Auto_Liability_Basic
USR_068793,Basic_Health
USR_068794,Basic_Health
USR_068795,Family_Comprehensive
USR_068796,Family_Comprehensive
USR_068797,Auto_Liability_Basic
USR_068798,Auto_Liability_Basic
USR_068799,Family_Comprehensive
USR_068800,Family_Comprehensive
USR_068801,Basic_Health
USR_068802,Basic_Health
USR_068803,Family_Comprehensive
USR_068804,Basic_Health
USR_068805,Basic_Health
USR_068806,Basic_Health
USR_068807,Health_Dental_Vision
USR_068808,Basic_Health
USR_068809,Basic_Health
USR_068810,Basic_Health
USR_068811,Basic_Health
USR_068812,Premium_Health_Life
USR_068813,Auto_Liability_Basic
USR_068814,Basic_Health
USR_068815,Basic_Health
USR_068816,Health_Dental_Vision
USR_068817,Basic_Health
USR_068818,Basic_Health
USR_068819,Basic_Health
USR_068820,Basic_Health
USR_068821,Basic_Health
USR_068822,Basic_Health
USR_068823,Basic_Health
USR_068824,Basic_Health
USR_068825,Basic_Health
USR_068826,Basic_Health
USR_068827,Basic_Health
USR_068828,Basic_Health
USR_068829,Health_Dental_Vision
USR_068830,Basic_Health
USR_068831,Basic_Health
USR_068832,Home_Premium
USR_068833,Basic_Health
USR_068834,Basic_Health
USR_068835,Health_Dental_Vision
USR_068836,Basic_Health
USR_068837,Basic_Health
USR_068838,Basic_Health
USR_068839,Basic_Health
USR_068840,Basic_Health
USR_068841,Health_Dental_Vision
USR_068842,Basic_Health
USR_068843,Basic_Health
USR_068844,Basic_Health
USR_068845,Health_Dental_Vision
USR_068846,Basic_Health
USR_068847,Health_Dental_Vision
USR_068848,Basic_Health
USR_068849,Auto_Comprehensive
USR_068850,Basic_Health
USR_068851,Basic_Health
USR_068852,Basic_Health
USR_068853,Basic_Health
USR_068854,Basic_Health
USR_068855,Basic_Health
USR_068856,Health_Dental_Vision
USR_068857,Basic_Health
USR_068858,Basic_Health
USR_068859,Basic_Health
USR_068860,Basic_Health
USR_068861,Basic_Health
USR_068862,Family_Comprehensive
USR_068863,Home_Standard
USR_068864,Basic_Health
USR_068865,Auto_Liability_Basic
USR_068866,Basic_Health
USR_068867,Basic_Health
USR_068868,Basic_Health
USR_068869,Basic_Health
USR_068870,Health_Dental_Vision
USR_068871,Basic_Health
USR_068872,Family_Comprehensive
USR_068873,Premium_Health_Life
USR_068874,Basic_Health
USR_068875,Basic_Health
USR_068876,Auto_Comprehensive
USR_068877,Basic_Health
USR_068878,Basic_Health
USR_068879,Basic_Health
USR_068880,Health_Dental_Vision
USR_068881,Basic_Health
USR_068882,Basic_Health
USR_068883,Health_Dental_Vision
USR_068884,Basic_Health
USR_068885,Health_Dental_Vision
USR_068886,Health_Dental_Vision
USR_068887,Basic_Health
USR_068888,Basic_Health
USR_068889,Health_Dental_Vision
USR_068890,Home_Standard
USR_068891,Basic_Health
USR_068892,Basic_Health
USR_068893,Health_Dental_Vision
USR_068894,Basic_Health
USR_068895,Basic_Health
USR_068896,Basic_Health
USR_068897,Basic_Health
USR_068898,Auto_Liability_Basic
USR_068899,Basic_Health
USR_068900,Basic_Health
USR_068901,Basic_Health
USR_068902,Health_Dental_Vision
USR_068903,Basic_Health
USR_068904,Health_Dental_Vision
USR_068905,Basic_Health
USR_068906,Basic_Health
USR_068907,Auto_Liability_Basic
USR_068908,Basic_Health
USR_068909,Health_Dental_Vision
USR_068910,Basic_Health
USR_068911,Health_Dental_Vision
USR_068912,Basic_Health
USR_068913,Basic_Health
USR_068914,Basic_Health
USR_068915,Family_Comprehensive
USR_068916,Home_Premium
USR_068917,Basic_Health
USR_068918,Basic_Health
USR_068919,Basic_Health
USR_068920,Premium_Health_Life
USR_068921,Basic_Health
USR_068922,Basic_Health
USR_068923,Basic_Health
USR_068924,Health_Dental_Vision
USR_068925,Basic_Health
USR_068926,Basic_Health
USR_068927,Health_Dental_Vision
USR_068928,Basic_Health
USR_068929,Basic_Health
USR_068930,Basic_Health
USR_068931,Basic_Health
USR_068932,Basic_Health
USR_068933,Basic_Health
USR_068934,Health_Dental_Vision
USR_068935,Basic_Health
USR_068936,Basic_Health
USR_068937,Basic_Health
USR_068938,Basic_Health
USR_068939,Basic_Health
USR_068940,Basic_Health
USR_068941,Basic_Health
USR_068942,Basic_Health
USR_068943,Basic_Health
USR_068944,Basic_Health
USR_068945,Basic_Health
USR_068946,Basic_Health
USR_068947,Auto_Comprehensive
USR_068948,Health_Dental_Vision
USR_068949,Basic_Health
USR_068950,Basic_Health
USR_068951,Premium_Health_Life
USR_068952,Basic_Health
USR_068953,Basic_Health
USR_068954,Basic_Health
USR_068955,Family_Comprehensive
USR_068956,Basic_Health
USR_068957,Health_Dental_Vision
USR_068958,Basic_Health
USR_068959,Health_Dental_Vision
USR_068960,Health_Dental_Vision
USR_068961,Basic_Health
USR_068962,Basic_Health
USR_068963,Basic_Health
USR_068964,Basic_Health
USR_068965,Basic_Health
USR_068966,Basic_Health
USR_068967,Basic_Health
USR_068968,Health_Dental_Vision
USR_068969,Basic_Health
USR_068970,Basic_Health
USR_068971,Auto_Comprehensive
USR_068972,Family_Comprehensive
USR_068973,Basic_Health
USR_068974,Basic_Health
USR_068975,Health_Dental_Vision
USR_068976,Basic_Health
USR_068977,Basic_Health
USR_068978,Basic_Health
USR_068979,Basic_Health
USR_068980,Family_Comprehensive
USR_068981,Basic_Health
USR_068982,Basic_Health
USR_068983,Basic_Health
USR_068984,Basic_Health
USR_068985,Basic_Health
USR_068986,Health_Dental_Vision
USR_068987,Family_Comprehensive
USR_068988,Family_Comprehensive
USR_068989,Basic_Health
USR_068990,Family_Comprehensive
USR_068991,Premium_Health_Life
USR_068992,Basic_Health
USR_068993,Basic_Health
USR_068994,Basic_Health
USR_068995,Health_Dental_Vision
USR_068996,Basic_Health
USR_068997,Health_Dental_Vision
USR_068998,Basic_Health
USR_068999,Basic_Health
USR_069000,Family_Comprehensive
USR_069001,Basic_Health
USR_069002,Basic_Health
USR_069003,Basic_Health
USR_069004,Basic_Health
USR_069005,Health_Dental_Vision
USR_069006,Health_Dental_Vision
USR_069007,Basic_Health
USR_069008,Basic_Health
USR_069009,Basic_Health
USR_069010,Basic_Health
USR_069011,Health_Dental_Vision
USR_069012,Health_Dental_Vision
USR_069013,Basic_Health
USR_069014,Basic_Health
USR_069015,Basic_Health
USR_069016,Basic_Health
USR_069017,Basic_Health
USR_069018,Basic_Health
USR_069019,Basic_Health
USR_069020,Health_Dental_Vision
USR_069021,Basic_Health
USR_069022,Basic_Health
USR_069023,Basic_Health
USR_069024,Basic_Health
USR_069025,Basic_Health
USR_069026,Basic_Health
USR_069027,Basic_Health
USR_069028,Basic_Health
USR_069029,Basic_Health
USR_069030,Basic_Health
USR_069031,Basic_Health
USR_069032,Basic_Health
USR_069033,Basic_Health
USR_069034,Basic_Health
USR_069035,Family_Comprehensive
USR_069036,Basic_Health
USR_069037,Basic_Health
USR_069038,Basic_Health
USR_069039,Basic_Health
USR_069040,Auto_Liability_Basic
USR_069041,Family_Comprehensive
USR_069042,Family_Comprehensive
USR_069043,Health_Dental_Vision
USR_069044,Basic_Health
USR_069045,Family_Comprehensive
USR_069046,Basic_Health
USR_069047,Basic_Health
USR_069048,Basic_Health
USR_069049,Basic_Health
USR_069050,Basic_Health
USR_069051,Health_Dental_Vision
USR_069052,Health_Dental_Vision
USR_069053,Health_Dental_Vision
USR_069054,Basic_Health
USR_069055,Basic_Health
USR_069056,Basic_Health
USR_069057,Basic_Health
USR_069058,Basic_Health
USR_069059,Basic_Health
USR_069060,Basic_Health
USR_069061,Basic_Health
USR_069062,Basic_Health
USR_069063,Basic_Health
USR_069064,Family_Comprehensive
USR_069065,Basic_Health
USR_069066,Health_Dental_Vision
USR_069067,Basic_Health
USR_069068,Basic_Health
USR_069069,Basic_Health
USR_069070,Premium_Health_Life
USR_069071,Basic_Health
USR_069072,Family_Comprehensive
USR_069073,Basic_Health
USR_069074,Family_Comprehensive
USR_069075,Basic_Health
USR_069076,Health_Dental_Vision
USR_069077,Family_Comprehensive
USR_069078,Basic_Health
USR_069079,Basic_Health
USR_069080,Family_Comprehensive
USR_069081,Basic_Health
USR_069082,Basic_Health
USR_069083,Basic_Health
USR_069084,Basic_Health
USR_069085,Health_Dental_Vision
USR_069086,Auto_Liability_Basic
USR_069087,Health_Dental_Vision
USR_069088,Basic_Health
USR_069089,Basic_Health
USR_069090,Basic_Health
USR_069091,Basic_Health
USR_069092,Basic_Health
USR_069093,Basic_Health
USR_069094,Family_Comprehensive
USR_069095,Basic_Health
USR_069096,Basic_Health
USR_069097,Basic_Health
USR_069098,Basic_Health
USR_069099,Basic_Health
USR_069100,Basic_Health
USR_069101,Health_Dental_Vision
USR_069102,Basic_Health
USR_069103,Basic_Health
USR_069104,Basic_Health
USR_069105,Premium_Health_Life
USR_069106,Basic_Health
USR_069107,Basic_Health
USR_069108,Basic_Health
USR_069109,Basic_Health
USR_069110,Basic_Health
USR_069111,Health_Dental_Vision
USR_069112,Auto_Liability_Basic
USR_069113,Health_Dental_Vision
USR_069114,Basic_Health
USR_069115,Basic_Health
USR_069116,Basic_Health
USR_069117,Basic_Health
USR_069118,Basic_Health
USR_069119,Basic_Health
USR_069120,Basic_Health
USR_069121,Basic_Health
USR_069122,Family_Comprehensive
USR_069123,Basic_Health
USR_069124,Basic_Health
USR_069125,Basic_Health
USR_069126,Basic_Health
USR_069127,Basic_Health
USR_069128,Auto_Comprehensive
USR_069129,Health_Dental_Vision
USR_069130,Basic_Health
USR_069131,Basic_Health
USR_069132,Basic_Health
USR_069133,Auto_Liability_Basic
USR_069134,Basic_Health
USR_069135,Health_Dental_Vision
USR_069136,Basic_Health
USR_069137,Basic_Health
USR_069138,Basic_Health
USR_069139,Health_Dental_Vision
USR_069140,Health_Dental_Vision
USR_069141,Basic_Health
USR_069142,Basic_Health
USR_069143,Basic_Health
USR_069144,Basic_Health
USR_069145,Health_Dental_Vision
USR_069146,Health_Dental_Vision
USR_069147,Basic_Health
USR_069148,Basic_Health
USR_069149,Basic_Health
USR_069150,Basic_Health
USR_069151,Family_Comprehensive
USR_069152,Home_Premium
USR_069153,Health_Dental_Vision
USR_069154,Auto_Liability_Basic
USR_069155,Basic_Health
USR_069156,Health_Dental_Vision
USR_069157,Basic_Health
USR_069158,Basic_Health
USR_069159,Health_Dental_Vision
USR_069160,Basic_Health
USR_069161,Basic_Health
USR_069162,Basic_Health
USR_069163,Basic_Health
USR_069164,Health_Dental_Vision
USR_069165,Basic_Health
USR_069166,Auto_Liability_Basic
USR_069167,Health_Dental_Vision
USR_069168,Basic_Health
USR_069169,Auto_Liability_Basic
USR_069170,Health_Dental_Vision
USR_069171,Basic_Health
USR_069172,Basic_Health
USR_069173,Health_Dental_Vision
USR_069174,Basic_Health
USR_069175,Basic_Health
USR_069176,Basic_Health
USR_069177,Basic_Health
USR_069178,Basic_Health
USR_069179,Basic_Health
USR_069180,Basic_Health
USR_069181,Health_Dental_Vision
USR_069182,Basic_Health
USR_069183,Basic_Health
USR_069184,Basic_Health
USR_069185,Basic_Health
USR_069186,Basic_Health
USR_069187,Health_Dental_Vision
USR_069188,Premium_Health_Life
USR_069189,Auto_Liability_Basic
USR_069190,Basic_Health
USR_069191,Basic_Health
USR_069192,Basic_Health
USR_069193,Family_Comprehensive
USR_069194,Basic_Health
USR_069195,Basic_Health
USR_069196,Basic_Health
USR_069197,Basic_Health
USR_069198,Auto_Liability_Basic
USR_069199,Basic_Health
USR_069200,Basic_Health
USR_069201,Basic_Health
USR_069202,Basic_Health
USR_069203,Basic_Health
USR_069204,Family_Comprehensive
USR_069205,Basic_Health
USR_069206,Basic_Health
USR_069207,Basic_Health
USR_069208,Health_Dental_Vision
USR_069209,Basic_Health
USR_069210,Health_Dental_Vision
USR_069211,Basic_Health
USR_069212,Basic_Health
USR_069213,Basic_Health
USR_069214,Basic_Health
USR_069215,Health_Dental_Vision
USR_069216,Basic_Health
USR_069217,Health_Dental_Vision
USR_069218,Health_Dental_Vision
USR_069219,Basic_Health
USR_069220,Health_Dental_Vision
USR_069221,Basic_Health
USR_069222,Family_Comprehensive
USR_069223,Basic_Health
USR_069224,Basic_Health
USR_069225,Basic_Health
USR_069226,Health_Dental_Vision
USR_069227,Basic_Health
USR_069228,Basic_Health
USR_069229,Basic_Health
USR_069230,Basic_Health
USR_069231,Health_Dental_Vision
USR_069232,Family_Comprehensive
USR_069233,Premium_Health_Life
USR_069234,Basic_Health
USR_069235,Family_Comprehensive
USR_069236,Health_Dental_Vision
USR_069237,Basic_Health
USR_069238,Health_Dental_Vision
USR_069239,Basic_Health
USR_069240,Basic_Health
USR_069241,Basic_Health
USR_069242,Basic_Health
USR_069243,Basic_Health
USR_069244,Premium_Health_Life
USR_069245,Basic_Health
USR_069246,Basic_Health
USR_069247,Health_Dental_Vision
USR_069248,Basic_Health
USR_069249,Health_Dental_Vision
USR_069250,Basic_Health
USR_069251,Basic_Health
USR_069252,Basic_Health
USR_069253,Basic_Health
USR_069254,Basic_Health
USR_069255,Auto_Liability_Basic
USR_069256,Basic_Health
USR_069257,Family_Comprehensive
USR_069258,Basic_Health
USR_069259,Basic_Health
USR_069260,Health_Dental_Vision
USR_069261,Basic_Health
USR_069262,Basic_Health
USR_069263,Basic_Health
USR_069264,Basic_Health
USR_069265,Basic_Health
USR_069266,Health_Dental_Vision
USR_069267,Basic_Health
USR_069268,Family_Comprehensive
USR_069269,Basic_Health
USR_069270,Health_Dental_Vision
USR_069271,Health_Dental_Vision
USR_069272,Basic_Health
USR_069273,Health_Dental_Vision
USR_069274,Auto_Liability_Basic
USR_069275,Basic_Health
USR_069276,Basic_Health
USR_069277,Family_Comprehensive
USR_069278,Basic_Health
USR_069279,Basic_Health
USR_069280,Health_Dental_Vision
USR_069281,Basic_Health
USR_069282,Basic_Health
USR_069283,Family_Comprehensive
USR_069284,Health_Dental_Vision
USR_069285,Basic_Health
USR_069286,Health_Dental_Vision
USR_069287,Basic_Health
USR_069288,Basic_Health
USR_069289,Basic_Health
USR_069290,Basic_Health
USR_069291,Health_Dental_Vision
USR_069292,Basic_Health
USR_069293,Basic_Health
USR_069294,Health_Dental_Vision
USR_069295,Basic_Health
USR_069296,Basic_Health
USR_069297,Health_Dental_Vision
USR_069298,Basic_Health
USR_069299,Basic_Health
USR_069300,Auto_Liability_Basic
USR_069301,Basic_Health
USR_069302,Basic_Health
USR_069303,Family_Comprehensive
USR_069304,Family_Comprehensive
USR_069305,Health_Dental_Vision
USR_069306,Basic_Health
USR_069307,Basic_Health
USR_069308,Basic_Health
USR_069309,Basic_Health
USR_069310,Basic_Health
USR_069311,Health_Dental_Vision
USR_069312,Auto_Liability_Basic
USR_069313,Basic_Health
USR_069314,Basic_Health
USR_069315,Basic_Health
USR_069316,Auto_Liability_Basic
USR_069317,Health_Dental_Vision
USR_069318,Basic_Health
USR_069319,Basic_Health
USR_069320,Family_Comprehensive
USR_069321,Basic_Health
USR_069322,Basic_Health
USR_069323,Basic_Health
USR_069324,Family_Comprehensive
USR_069325,Basic_Health
USR_069326,Basic_Health
USR_069327,Basic_Health
USR_069328,Basic_Health
USR_069329,Basic_Health
USR_069330,Basic_Health
USR_069331,Basic_Health
USR_069332,Basic_Health
USR_069333,Basic_Health
USR_069334,Basic_Health
USR_069335,Basic_Health
USR_069336,Basic_Health
USR_069337,Basic_Health
USR_069338,Basic_Health
USR_069339,Health_Dental_Vision
USR_069340,Health_Dental_Vision
USR_069341,Basic_Health
USR_069342,Basic_Health
USR_069343,Basic_Health
USR_069344,Basic_Health
USR_069345,Health_Dental_Vision
USR_069346,Basic_Health
USR_069347,Premium_Health_Life
USR_069348,Basic_Health
USR_069349,Basic_Health
USR_069350,Premium_Health_Life
USR_069351,Health_Dental_Vision
USR_069352,Basic_Health
USR_069353,Basic_Health
USR_069354,Basic_Health
USR_069355,Family_Comprehensive
USR_069356,Basic_Health
USR_069357,Health_Dental_Vision
USR_069358,Health_Dental_Vision
USR_069359,Basic_Health
USR_069360,Family_Comprehensive
USR_069361,Basic_Health
USR_069362,Family_Comprehensive
USR_069363,Basic_Health
USR_069364,Health_Dental_Vision
USR_069365,Basic_Health
USR_069366,Basic_Health
USR_069367,Basic_Health
USR_069368,Health_Dental_Vision
USR_069369,Basic_Health
USR_069370,Health_Dental_Vision
USR_069371,Basic_Health
USR_069372,Health_Dental_Vision
USR_069373,Basic_Health
USR_069374,Family_Comprehensive
USR_069375,Basic_Health
USR_069376,Basic_Health
USR_069377,Basic_Health
USR_069378,Basic_Health
USR_069379,Basic_Health
USR_069380,Health_Dental_Vision
USR_069381,Basic_Health
USR_069382,Basic_Health
USR_069383,Basic_Health
USR_069384,Basic_Health
USR_069385,Health_Dental_Vision
USR_069386,Basic_Health
USR_069387,Health_Dental_Vision
USR_069388,Basic_Health
USR_069389,Basic_Health
USR_069390,Basic_Health
USR_069391,Health_Dental_Vision
USR_069392,Basic_Health
USR_069393,Basic_Health
USR_069394,Basic_Health
USR_069395,Basic_Health
USR_069396,Health_Dental_Vision
USR_069397,Health_Dental_Vision
USR_069398,Health_Dental_Vision
USR_069399,Basic_Health
USR_069400,Basic_Health
USR_069401,Family_Comprehensive
USR_069402,Basic_Health
USR_069403,Basic_Health
USR_069404,Basic_Health
USR_069405,Basic_Health
USR_069406,Basic_Health
USR_069407,Basic_Health
USR_069408,Basic_Health
USR_069409,Basic_Health
USR_069410,Health_Dental_Vision
USR_069411,Auto_Liability_Basic
USR_069412,Basic_Health
USR_069413,Health_Dental_Vision
USR_069414,Basic_Health
USR_069415,Health_Dental_Vision
USR_069416,Health_Dental_Vision
USR_069417,Health_Dental_Vision
USR_069418,Health_Dental_Vision
USR_069419,Basic_Health
USR_069420,Basic_Health
USR_069421,Basic_Health
USR_069422,Basic_Health
USR_069423,Basic_Health
USR_069424,Basic_Health
USR_069425,Auto_Liability_Basic
USR_069426,Basic_Health
USR_069427,Family_Comprehensive
USR_069428,Basic_Health
USR_069429,Basic_Health
USR_069430,Basic_Health
USR_069431,Basic_Health
USR_069432,Basic_Health
USR_069433,Basic_Health
USR_069434,Basic_Health
USR_069435,Premium_Health_Life
USR_069436,Health_Dental_Vision
USR_069437,Basic_Health
USR_069438,Premium_Health_Life
USR_069439,Home_Premium
USR_069440,Basic_Health
USR_069441,Home_Standard
USR_069442,Basic_Health
USR_069443,Basic_Health
USR_069444,Health_Dental_Vision
USR_069445,Basic_Health
USR_069446,Auto_Comprehensive
USR_069447,Basic_Health
USR_069448,Health_Dental_Vision
USR_069449,Health_Dental_Vision
USR_069450,Basic_Health
USR_069451,Basic_Health
USR_069452,Health_Dental_Vision
USR_069453,Basic_Health
USR_069454,Health_Dental_Vision
USR_069455,Health_Dental_Vision
USR_069456,Basic_Health
USR_069457,Basic_Health
USR_069458,Home_Standard
USR_069459,Basic_Health
USR_069460,Health_Dental_Vision
USR_069461,Basic_Health
USR_069462,Basic_Health
USR_069463,Basic_Health
USR_069464,Basic_Health
USR_069465,Basic_Health
USR_069466,Health_Dental_Vision
USR_069467,Premium_Health_Life
USR_069468,Basic_Health
USR_069469,Health_Dental_Vision
USR_069470,Health_Dental_Vision
USR_069471,Basic_Health
USR_069472,Basic_Health
USR_069473,Health_Dental_Vision
USR_069474,Basic_Health
USR_069475,Basic_Health
USR_069476,Health_Dental_Vision
USR_069477,Basic_Health
USR_069478,Basic_Health
USR_069479,Basic_Health
USR_069480,Basic_Health
USR_069481,Basic_Health
USR_069482,Basic_Health
USR_069483,Basic_Health
USR_069484,Basic_Health
USR_069485,Basic_Health
USR_069486,Basic_Health
USR_069487,Basic_Health
USR_069488,Basic_Health
USR_069489,Auto_Liability_Basic
USR_069490,Basic_Health
USR_069491,Basic_Health
USR_069492,Basic_Health
USR_069493,Basic_Health
USR_069494,Auto_Liability_Basic
USR_069495,Basic_Health
USR_069496,Basic_Health
USR_069497,Basic_Health
USR_069498,Basic_Health
USR_069499,Basic_Health
USR_069500,Basic_Health
USR_069501,Basic_Health
USR_069502,Health_Dental_Vision
USR_069503,Basic_Health
USR_069504,Home_Premium
USR_069505,Basic_Health
USR_069506,Basic_Health
USR_069507,Basic_Health
USR_069508,Health_Dental_Vision
USR_069509,Basic_Health
USR_069510,Basic_Health
USR_069511,Basic_Health
USR_069512,Basic_Health
USR_069513,Basic_Health
USR_069514,Auto_Liability_Basic
USR_069515,Basic_Health
USR_069516,Basic_Health
USR_069517,Basic_Health
USR_069518,Basic_Health
USR_069519,Basic_Health
USR_069520,Basic_Health
USR_069521,Basic_Health
USR_069522,Family_Comprehensive
USR_069523,Basic_Health
USR_069524,Health_Dental_Vision
USR_069525,Basic_Health
USR_069526,Basic_Health
USR_069527,Basic_Health
USR_069528,Basic_Health
USR_069529,Auto_Liability_Basic
USR_069530,Basic_Health
USR_069531,Health_Dental_Vision
USR_069532,Family_Comprehensive
USR_069533,Basic_Health
USR_069534,Basic_Health
USR_069535,Basic_Health
USR_069536,Basic_Health
USR_069537,Basic_Health
USR_069538,Basic_Health
USR_069539,Basic_Health
USR_069540,Basic_Health
USR_069541,Health_Dental_Vision
USR_069542,Basic_Health
USR_069543,Basic_Health
USR_069544,Basic_Health
USR_069545,Basic_Health
USR_069546,Basic_Health
USR_069547,Basic_Health
USR_069548,Basic_Health
USR_069549,Auto_Liability_Basic
USR_069550,Basic_Health
USR_069551,Basic_Health
USR_069552,Basic_Health
USR_069553,Basic_Health
USR_069554,Basic_Health
USR_069555,Basic_Health
USR_069556,Health_Dental_Vision
USR_069557,Basic_Health
USR_069558,Basic_Health
USR_069559,Basic_Health
USR_069560,Basic_Health
USR_069561,Basic_Health
USR_069562,Basic_Health
USR_069563,Basic_Health
USR_069564,Basic_Health
USR_069565,Basic_Health
USR_069566,Basic_Health
USR_069567,Health_Dental_Vision
USR_069568,Basic_Health
USR_069569,Basic_Health
USR_069570,Basic_Health
USR_069571,Basic_Health
USR_069572,Basic_Health
USR_069573,Basic_Health
USR_069574,Health_Dental_Vision
USR_069575,Health_Dental_Vision
USR_069576,Health_Dental_Vision
USR_069577,Basic_Health
USR_069578,Basic_Health
USR_069579,Auto_Liability_Basic
USR_069580,Basic_Health
USR_069581,Health_Dental_Vision
USR_069582,Basic_Health
USR_069583,Basic_Health
USR_069584,Premium_Health_Life
USR_069585,Basic_Health
USR_069586,Basic_Health
USR_069587,Basic_Health
USR_069588,Basic_Health
USR_069589,Basic_Health
USR_069590,Health_Dental_Vision
USR_069591,Basic_Health
USR_069592,Basic_Health
USR_069593,Basic_Health
USR_069594,Premium_Health_Life
USR_069595,Family_Comprehensive
USR_069596,Basic_Health
USR_069597,Family_Comprehensive
USR_069598,Basic_Health
USR_069599,Auto_Liability_Basic
USR_069600,Basic_Health
USR_069601,Basic_Health
USR_069602,Basic_Health
USR_069603,Basic_Health
USR_069604,Basic_Health
USR_069605,Health_Dental_Vision
USR_069606,Basic_Health
USR_069607,Basic_Health
USR_069608,Basic_Health
USR_069609,Basic_Health
USR_069610,Basic_Health
USR_069611,Auto_Comprehensive
USR_069612,Basic_Health
USR_069613,Health_Dental_Vision
USR_069614,Basic_Health
USR_069615,Basic_Health
USR_069616,Basic_Health
USR_069617,Premium_Health_Life
USR_069618,Basic_Health
USR_069619,Basic_Health
USR_069620,Basic_Health
USR_069621,Basic_Health
USR_069622,Basic_Health
USR_069623,Basic_Health
USR_069624,Basic_Health
USR_069625,Basic_Health
USR_069626,Basic_Health
USR_069627,Basic_Health
USR_069628,Basic_Health
USR_069629,Basic_Health
USR_069630,Basic_Health
USR_069631,Basic_Health
USR_069632,Basic_Health
USR_069633,Basic_Health
USR_069634,Basic_Health
USR_069635,Basic_Health
USR_069636,Basic_Health
USR_069637,Health_Dental_Vision
USR_069638,Basic_Health
USR_069639,Basic_Health
USR_069640,Basic_Health
USR_069641,Health_Dental_Vision
USR_069642,Basic_Health
USR_069643,Basic_Health
USR_069644,Basic_Health
USR_069645,Basic_Health
USR_069646,Basic_Health
USR_069647,Health_Dental_Vision
USR_069648,Basic_Health
USR_069649,Auto_Comprehensive
USR_069650,Basic_Health
USR_069651,Basic_Health
USR_069652,Basic_Health
USR_069653,Basic_Health
USR_069654,Family_Comprehensive
USR_069655,Basic_Health
USR_069656,Basic_Health
USR_069657,Basic_Health
USR_069658,Basic_Health
USR_069659,Basic_Health
USR_069660,Basic_Health
USR_069661,Health_Dental_Vision
USR_069662,Basic_Health
USR_069663,Basic_Health
USR_069664,Basic_Health
USR_069665,Auto_Liability_Basic
USR_069666,Basic_Health
USR_069667,Basic_Health
USR_069668,Basic_Health
USR_069669,Basic_Health
USR_069670,Family_Comprehensive
USR_069671,Basic_Health
USR_069672,Basic_Health
USR_069673,Basic_Health
USR_069674,Family_Comprehensive
USR_069675,Basic_Health
USR_069676,Health_Dental_Vision
USR_069677,Basic_Health
USR_069678,Basic_Health
USR_069679,Auto_Liability_Basic
USR_069680,Basic_Health
USR_069681,Health_Dental_Vision
USR_069682,Basic_Health
USR_069683,Health_Dental_Vision
USR_069684,Basic_Health
USR_069685,Basic_Health
USR_069686,Basic_Health
USR_069687,Basic_Health
USR_069688,Health_Dental_Vision
USR_069689,Health_Dental_Vision
USR_069690,Auto_Liability_Basic
USR_069691,Basic_Health
USR_069692,Basic_Health
USR_069693,Basic_Health
USR_069694,Basic_Health
USR_069695,Basic_Health
USR_069696,Basic_Health
USR_069697,Basic_Health
USR_069698,Basic_Health
USR_069699,Basic_Health
USR_069700,Basic_Health
USR_069701,Basic_Health
USR_069702,Basic_Health
USR_069703,Health_Dental_Vision
USR_069704,Basic_Health
USR_069705,Premium_Health_Life
USR_069706,Basic_Health
USR_069707,Premium_Health_Life
USR_069708,Basic_Health
USR_069709,Basic_Health
USR_069710,Basic_Health
USR_069711,Family_Comprehensive
USR_069712,Health_Dental_Vision
USR_069713,Basic_Health
USR_069714,Basic_Health
USR_069715,Basic_Health
USR_069716,Basic_Health
USR_069717,Basic_Health
USR_069718,Home_Standard
USR_069719,Family_Comprehensive
USR_069720,Auto_Liability_Basic
USR_069721,Basic_Health
USR_069722,Basic_Health
USR_069723,Health_Dental_Vision
USR_069724,Basic_Health
USR_069725,Health_Dental_Vision
USR_069726,Basic_Health
USR_069727,Basic_Health
USR_069728,Basic_Health
USR_069729,Health_Dental_Vision
USR_069730,Basic_Health
USR_069731,Health_Dental_Vision
USR_069732,Basic_Health
USR_069733,Family_Comprehensive
USR_069734,Basic_Health
USR_069735,Family_Comprehensive
USR_069736,Health_Dental_Vision
USR_069737,Basic_Health
USR_069738,Basic_Health
USR_069739,Family_Comprehensive
USR_069740,Basic_Health
USR_069741,Basic_Health
USR_069742,Family_Comprehensive
USR_069743,Basic_Health
USR_069744,Health_Dental_Vision
USR_069745,Basic_Health
USR_069746,Basic_Health
USR_069747,Family_Comprehensive
USR_069748,Basic_Health
USR_069749,Basic_Health
USR_069750,Health_Dental_Vision
USR_069751,Basic_Health
USR_069752,Basic_Health
USR_069753,Health_Dental_Vision
USR_069754,Basic_Health
USR_069755,Basic_Health
USR_069756,Family_Comprehensive
USR_069757,Family_Comprehensive
USR_069758,Basic_Health
USR_069759,Basic_Health
USR_069760,Basic_Health
USR_069761,Health_Dental_Vision
USR_069762,Basic_Health
USR_069763,Auto_Liability_Basic
USR_069764,Basic_Health
USR_069765,Basic_Health
USR_069766,Health_Dental_Vision
USR_069767,Basic_Health
USR_069768,Basic_Health
USR_069769,Basic_Health
USR_069770,Basic_Health
USR_069771,Basic_Health
USR_069772,Basic_Health
USR_069773,Basic_Health
USR_069774,Basic_Health
USR_069775,Health_Dental_Vision
USR_069776,Basic_Health
USR_069777,Basic_Health
USR_069778,Health_Dental_Vision
USR_069779,Basic_Health
USR_069780,Basic_Health
USR_069781,Basic_Health
USR_069782,Basic_Health
USR_069783,Basic_Health
USR_069784,Basic_Health
USR_069785,Basic_Health
USR_069786,Health_Dental_Vision
USR_069787,Basic_Health
USR_069788,Basic_Health
USR_069789,Basic_Health
USR_069790,Health_Dental_Vision
USR_069791,Basic_Health
USR_069792,Basic_Health
USR_069793,Basic_Health
USR_069794,Basic_Health
USR_069795,Basic_Health
USR_069796,Basic_Health
USR_069797,Basic_Health
USR_069798,Basic_Health
USR_069799,Basic_Health
USR_069800,Basic_Health
USR_069801,Basic_Health
USR_069802,Basic_Health
USR_069803,Family_Comprehensive
USR_069804,Basic_Health
USR_069805,Family_Comprehensive
USR_069806,Auto_Liability_Basic
USR_069807,Basic_Health
USR_069808,Health_Dental_Vision
USR_069809,Auto_Liability_Basic
USR_069810,Basic_Health
USR_069811,Basic_Health
USR_069812,Basic_Health
USR_069813,Basic_Health
USR_069814,Basic_Health
USR_069815,Basic_Health
USR_069816,Basic_Health
USR_069817,Basic_Health
USR_069818,Basic_Health
USR_069819,Basic_Health
USR_069820,Basic_Health
USR_069821,Health_Dental_Vision
USR_069822,Basic_Health
USR_069823,Health_Dental_Vision
USR_069824,Health_Dental_Vision
USR_069825,Basic_Health
USR_069826,Health_Dental_Vision
USR_069827,Health_Dental_Vision
USR_069828,Basic_Health
USR_069829,Basic_Health
USR_069830,Basic_Health
USR_069831,Basic_Health
USR_069832,Basic_Health
USR_069833,Health_Dental_Vision
USR_069834,Health_Dental_Vision
USR_069835,Basic_Health
USR_069836,Health_Dental_Vision
USR_069837,Basic_Health
USR_069838,Health_Dental_Vision
USR_069839,Auto_Liability_Basic
USR_069840,Basic_Health
USR_069841,Basic_Health
USR_069842,Basic_Health
USR_069843,Health_Dental_Vision
USR_069844,Health_Dental_Vision
USR_069845,Basic_Health
USR_069846,Auto_Liability_Basic
USR_069847,Basic_Health
USR_069848,Basic_Health
USR_069849,Basic_Health
USR_069850,Basic_Health
USR_069851,Premium_Health_Life
USR_069852,Health_Dental_Vision
USR_069853,Auto_Liability_Basic
USR_069854,Family_Comprehensive
USR_069855,Basic_Health
USR_069856,Basic_Health
USR_069857,Basic_Health
USR_069858,Basic_Health
USR_069859,Health_Dental_Vision
USR_069860,Basic_Health
USR_069861,Basic_Health
USR_069862,Premium_Health_Life
USR_069863,Premium_Health_Life
USR_069864,Basic_Health
USR_069865,Home_Standard
USR_069866,Health_Dental_Vision
USR_069867,Basic_Health
USR_069868,Basic_Health
USR_069869,Basic_Health
USR_069870,Basic_Health
USR_069871,Basic_Health
USR_069872,Basic_Health
USR_069873,Basic_Health
USR_069874,Basic_Health
USR_069875,Basic_Health
USR_069876,Basic_Health
USR_069877,Basic_Health
USR_069878,Basic_Health
USR_069879,Basic_Health
USR_069880,Basic_Health
USR_069881,Basic_Health
USR_069882,Basic_Health
USR_069883,Basic_Health
USR_069884,Basic_Health
USR_069885,Basic_Health
USR_069886,Basic_Health
USR_069887,Basic_Health
USR_069888,Basic_Health
USR_069889,Basic_Health
USR_069890,Family_Comprehensive
USR_069891,Basic_Health
USR_069892,Basic_Health
USR_069893,Basic_Health
USR_069894,Basic_Health
USR_069895,Basic_Health
USR_069896,Basic_Health
USR_069897,Health_Dental_Vision
USR_069898,Basic_Health
USR_069899,Family_Comprehensive
USR_069900,Basic_Health
USR_069901,Basic_Health
USR_069902,Basic_Health
USR_069903,Basic_Health
USR_069904,Basic_Health
USR_069905,Health_Dental_Vision
USR_069906,Basic_Health
USR_069907,Basic_Health
USR_069908,Basic_Health
USR_069909,Basic_Health
USR_069910,Basic_Health
USR_069911,Health_Dental_Vision
USR_069912,Basic_Health
USR_069913,Basic_Health
USR_069914,Basic_Health
USR_069915,Basic_Health
USR_069916,Auto_Liability_Basic
USR_069917,Basic_Health
USR_069918,Family_Comprehensive
USR_069919,Health_Dental_Vision
USR_069920,Basic_Health
USR_069921,Basic_Health
USR_069922,Basic_Health
USR_069923,Health_Dental_Vision
USR_069924,Basic_Health
USR_069925,Basic_Health
USR_069926,Health_Dental_Vision
USR_069927,Family_Comprehensive
USR_069928,Home_Premium
USR_069929,Basic_Health
USR_069930,Health_Dental_Vision
USR_069931,Basic_Health
USR_069932,Basic_Health
USR_069933,Basic_Health
USR_069934,Basic_Health
USR_069935,Basic_Health
USR_069936,Basic_Health
USR_069937,Basic_Health
USR_069938,Health_Dental_Vision
USR_069939,Basic_Health
USR_069940,Health_Dental_Vision
USR_069941,Basic_Health
USR_069942,Basic_Health
USR_069943,Basic_Health
USR_069944,Basic_Health
USR_069945,Health_Dental_Vision
USR_069946,Basic_Health
USR_069947,Basic_Health
USR_069948,Basic_Health
USR_069949,Basic_Health
USR_069950,Health_Dental_Vision
USR_069951,Health_Dental_Vision
USR_069952,Basic_Health
USR_069953,Basic_Health
USR_069954,Health_Dental_Vision
USR_069955,Basic_Health
USR_069956,Basic_Health
USR_069957,Basic_Health
USR_069958,Health_Dental_Vision
USR_069959,Health_Dental_Vision
USR_069960,Basic_Health
USR_069961,Basic_Health
USR_069962,Basic_Health
USR_069963,Basic_Health
USR_069964,Basic_Health
USR_069965,Basic_Health
USR_069966,Basic_Health
USR_069967,Basic_Health
USR_069968,Basic_Health
USR_069969,Basic_Health
USR_069970,Health_Dental_Vision
USR_069971,Family_Comprehensive
USR_069972,Basic_Health
USR_069973,Basic_Health
USR_069974,Family_Comprehensive
USR_069975,Health_Dental_Vision
USR_069976,Health_Dental_Vision
USR_069977,Basic_Health
USR_069978,Health_Dental_Vision
USR_069979,Health_Dental_Vision
USR_069980,Basic_Health
USR_069981,Basic_Health
USR_069982,Basic_Health
USR_069983,Basic_Health
USR_069984,Basic_Health
USR_069985,Basic_Health
USR_069986,Basic_Health
USR_069987,Basic_Health
USR_069988,Auto_Liability_Basic
USR_069989,Basic_Health
USR_069990,Family_Comprehensive
USR_069991,Basic_Health
USR_069992,Basic_Health
USR_069993,Basic_Health
USR_069994,Health_Dental_Vision
USR_069995,Auto_Liability_Basic
USR_069996,Health_Dental_Vision
USR_069997,Home_Standard
USR_069998,Basic_Health
USR_069999,Basic_Health
USR_070000,Basic_Health
USR_070001,Basic_Health
USR_070002,Basic_Health
USR_070003,Basic_Health
USR_070004,Basic_Health
USR_070005,Basic_Health
USR_070006,Basic_Health
USR_070007,Basic_Health
USR_070008,Basic_Health
USR_070009,Basic_Health
USR_070010,Basic_Health
USR_070011,Basic_Health
USR_070012,Basic_Health
USR_070013,Health_Dental_Vision
USR_070014,Basic_Health
USR_070015,Basic_Health
USR_070016,Health_Dental_Vision
USR_070017,Health_Dental_Vision
USR_070018,Home_Premium
USR_070019,Basic_Health
USR_070020,Basic_Health
USR_070021,Basic_Health
USR_070022,Health_Dental_Vision
USR_070023,Home_Standard
USR_070024,Basic_Health
USR_070025,Family_Comprehensive
USR_070026,Basic_Health
USR_070027,Basic_Health
USR_070028,Auto_Liability_Basic
USR_070029,Basic_Health
USR_070030,Health_Dental_Vision
USR_070031,Basic_Health
USR_070032,Basic_Health
USR_070033,Basic_Health
USR_070034,Basic_Health
USR_070035,Basic_Health
USR_070036,Basic_Health
USR_070037,Premium_Health_Life
USR_070038,Basic_Health
USR_070039,Basic_Health
USR_070040,Health_Dental_Vision
USR_070041,Basic_Health
USR_070042,Basic_Health
USR_070043,Premium_Health_Life
USR_070044,Basic_Health
USR_070045,Basic_Health
USR_070046,Basic_Health
USR_070047,Health_Dental_Vision
USR_070048,Basic_Health
USR_070049,Family_Comprehensive
USR_070050,Basic_Health
USR_070051,Basic_Health
USR_070052,Health_Dental_Vision
USR_070053,Basic_Health
USR_070054,Family_Comprehensive
USR_070055,Auto_Comprehensive
USR_070056,Basic_Health
USR_070057,Basic_Health
USR_070058,Basic_Health
USR_070059,Health_Dental_Vision
USR_070060,Basic_Health
USR_070061,Basic_Health
USR_070062,Basic_Health
USR_070063,Basic_Health
USR_070064,Basic_Health
USR_070065,Basic_Health
USR_070066,Basic_Health
USR_070067,Health_Dental_Vision
USR_070068,Basic_Health
USR_070069,Basic_Health
USR_070070,Basic_Health
USR_070071,Auto_Liability_Basic
USR_070072,Basic_Health
USR_070073,Family_Comprehensive
USR_070074,Premium_Health_Life
USR_070075,Basic_Health
USR_070076,Basic_Health
USR_070077,Premium_Health_Life
USR_070078,Home_Standard
USR_070079,Basic_Health
USR_070080,Auto_Liability_Basic
USR_070081,Basic_Health
USR_070082,Basic_Health
USR_070083,Basic_Health
USR_070084,Basic_Health
USR_070085,Health_Dental_Vision
USR_070086,Basic_Health
USR_070087,Health_Dental_Vision
USR_070088,Basic_Health
USR_070089,Auto_Liability_Basic
USR_070090,Basic_Health
USR_070091,Auto_Liability_Basic
USR_070092,Health_Dental_Vision
USR_070093,Basic_Health
USR_070094,Basic_Health
USR_070095,Basic_Health
USR_070096,Basic_Health
USR_070097,Basic_Health
USR_070098,Basic_Health
USR_070099,Basic_Health
USR_070100,Basic_Health
USR_070101,Basic_Health
USR_070102,Basic_Health
USR_070103,Basic_Health
USR_070104,Auto_Liability_Basic
USR_070105,Auto_Liability_Basic
USR_070106,Basic_Health
USR_070107,Health_Dental_Vision
USR_070108,Basic_Health
USR_070109,Basic_Health
USR_070110,Home_Standard
USR_070111,Basic_Health
USR_070112,Basic_Health
USR_070113,Basic_Health
USR_070114,Basic_Health
USR_070115,Basic_Health
USR_070116,Basic_Health
USR_070117,Basic_Health
USR_070118,Basic_Health
USR_070119,Basic_Health
USR_070120,Basic_Health
USR_070121,Basic_Health
USR_070122,Health_Dental_Vision
USR_070123,Basic_Health
USR_070124,Basic_Health
USR_070125,Basic_Health
USR_070126,Basic_Health
USR_070127,Basic_Health
USR_070128,Basic_Health
USR_070129,Basic_Health
USR_070130,Basic_Health
USR_070131,Basic_Health
USR_070132,Basic_Health
USR_070133,Basic_Health
USR_070134,Basic_Health
USR_070135,Basic_Health
USR_070136,Basic_Health
USR_070137,Family_Comprehensive
USR_070138,Basic_Health
USR_070139,Family_Comprehensive
USR_070140,Family_Comprehensive
USR_070141,Basic_Health
USR_070142,Basic_Health
USR_070143,Health_Dental_Vision
USR_070144,Premium_Health_Life
USR_070145,Basic_Health
USR_070146,Basic_Health
USR_070147,Basic_Health
USR_070148,Basic_Health
USR_070149,Auto_Liability_Basic
USR_070150,Basic_Health
USR_070151,Home_Standard
USR_070152,Basic_Health
USR_070153,Basic_Health
USR_070154,Health_Dental_Vision
USR_070155,Health_Dental_Vision
USR_070156,Health_Dental_Vision
USR_070157,Basic_Health
USR_070158,Basic_Health
USR_070159,Family_Comprehensive
USR_070160,Basic_Health
USR_070161,Basic_Health
USR_070162,Health_Dental_Vision
USR_070163,Health_Dental_Vision
USR_070164,Health_Dental_Vision
USR_070165,Basic_Health
USR_070166,Health_Dental_Vision
USR_070167,Basic_Health
USR_070168,Basic_Health
USR_070169,Health_Dental_Vision
USR_070170,Family_Comprehensive
USR_070171,Basic_Health
USR_070172,Basic_Health
USR_070173,Basic_Health
USR_070174,Basic_Health
USR_070175,Basic_Health
USR_070176,Basic_Health
USR_070177,Basic_Health
USR_070178,Basic_Health
USR_070179,Health_Dental_Vision
USR_070180,Basic_Health
USR_070181,Health_Dental_Vision
USR_070182,Basic_Health
USR_070183,Basic_Health
USR_070184,Basic_Health
USR_070185,Basic_Health
USR_070186,Basic_Health
USR_070187,Health_Dental_Vision
USR_070188,Health_Dental_Vision
USR_070189,Basic_Health
USR_070190,Basic_Health
USR_070191,Basic_Health
USR_070192,Basic_Health
USR_070193,Basic_Health
USR_070194,Premium_Health_Life
USR_070195,Basic_Health
USR_070196,Basic_Health
USR_070197,Health_Dental_Vision
USR_070198,Health_Dental_Vision
USR_070199,Health_Dental_Vision
USR_070200,Basic_Health
USR_070201,Basic_Health
USR_070202,Basic_Health
USR_070203,Basic_Health
USR_070204,Basic_Health
USR_070205,Basic_Health
USR_070206,Basic_Health
USR_070207,Basic_Health
USR_070208,Basic_Health
USR_070209,Basic_Health
USR_070210,Basic_Health
USR_070211,Basic_Health
USR_070212,Health_Dental_Vision
USR_070213,Health_Dental_Vision
USR_070214,Basic_Health
USR_070215,Basic_Health
USR_070216,Basic_Health
USR_070217,Basic_Health
USR_070218,Basic_Health
USR_070219,Basic_Health
USR_070220,Basic_Health
USR_070221,Basic_Health
USR_070222,Basic_Health
USR_070223,Auto_Liability_Basic
USR_070224,Basic_Health
USR_070225,Basic_Health
USR_070226,Health_Dental_Vision
USR_070227,Home_Standard
USR_070228,Basic_Health
USR_070229,Family_Comprehensive
USR_070230,Basic_Health
USR_070231,Auto_Liability_Basic
USR_070232,Basic_Health
USR_070233,Basic_Health
USR_070234,Basic_Health
USR_070235,Basic_Health
USR_070236,Basic_Health
USR_070237,Basic_Health
USR_070238,Health_Dental_Vision
USR_070239,Basic_Health
USR_070240,Auto_Liability_Basic
USR_070241,Basic_Health
USR_070242,Basic_Health
USR_070243,Auto_Liability_Basic
USR_070244,Basic_Health
USR_070245,Basic_Health
USR_070246,Basic_Health
USR_070247,Family_Comprehensive
USR_070248,Basic_Health
USR_070249,Basic_Health
USR_070250,Auto_Liability_Basic
USR_070251,Basic_Health
USR_070252,Health_Dental_Vision
USR_070253,Basic_Health
USR_070254,Basic_Health
USR_070255,Basic_Health
USR_070256,Health_Dental_Vision
USR_070257,Basic_Health
USR_070258,Basic_Health
USR_070259,Basic_Health
USR_070260,Basic_Health
USR_070261,Health_Dental_Vision
USR_070262,Basic_Health
USR_070263,Basic_Health
USR_070264,Premium_Health_Life
USR_070265,Family_Comprehensive
USR_070266,Health_Dental_Vision
USR_070267,Family_Comprehensive
USR_070268,Basic_Health
USR_070269,Auto_Comprehensive
USR_070270,Basic_Health
USR_070271,Basic_Health
USR_070272,Family_Comprehensive
USR_070273,Basic_Health
USR_070274,Basic_Health
USR_070275,Health_Dental_Vision
USR_070276,Basic_Health
USR_070277,Health_Dental_Vision
USR_070278,Basic_Health
USR_070279,Basic_Health
USR_070280,Basic_Health
USR_070281,Family_Comprehensive
USR_070282,Family_Comprehensive
USR_070283,Basic_Health
USR_070284,Basic_Health
USR_070285,Family_Comprehensive
USR_070286,Family_Comprehensive
USR_070287,Auto_Liability_Basic
USR_070288,Basic_Health
USR_070289,Basic_Health
USR_070290,Basic_Health
USR_070291,Basic_Health
USR_070292,Health_Dental_Vision
USR_070293,Basic_Health
USR_070294,Basic_Health
USR_070295,Basic_Health
USR_070296,Basic_Health
USR_070297,Basic_Health
USR_070298,Basic_Health
USR_070299,Basic_Health
USR_070300,Health_Dental_Vision
USR_070301,Basic_Health
USR_070302,Basic_Health
USR_070303,Basic_Health
USR_070304,Auto_Liability_Basic
USR_070305,Basic_Health
USR_070306,Basic_Health
USR_070307,Health_Dental_Vision
USR_070308,Health_Dental_Vision
USR_070309,Basic_Health
USR_070310,Basic_Health
USR_070311,Health_Dental_Vision
USR_070312,Basic_Health
USR_070313,Basic_Health
USR_070314,Basic_Health
USR_070315,Basic_Health
USR_070316,Basic_Health
USR_070317,Basic_Health
USR_070318,Health_Dental_Vision
USR_070319,Basic_Health
USR_070320,Basic_Health
USR_070321,Basic_Health
USR_070322,Basic_Health
USR_070323,Health_Dental_Vision
USR_070324,Basic_Health
USR_070325,Basic_Health
USR_070326,Auto_Liability_Basic
USR_070327,Health_Dental_Vision
USR_070328,Health_Dental_Vision
USR_070329,Basic_Health
USR_070330,Health_Dental_Vision
USR_070331,Family_Comprehensive
USR_070332,Basic_Health
USR_070333,Basic_Health
USR_070334,Basic_Health
USR_070335,Basic_Health
USR_070336,Basic_Health
USR_070337,Basic_Health
USR_070338,Basic_Health
USR_070339,Health_Dental_Vision
USR_070340,Basic_Health
USR_070341,Health_Dental_Vision
USR_070342,Basic_Health
USR_070343,Auto_Liability_Basic
USR_070344,Basic_Health
USR_070345,Basic_Health
USR_070346,Basic_Health
USR_070347,Basic_Health
USR_070348,Family_Comprehensive
USR_070349,Auto_Liability_Basic
USR_070350,Health_Dental_Vision
USR_070351,Health_Dental_Vision
USR_070352,Basic_Health
USR_070353,Basic_Health
USR_070354,Basic_Health
USR_070355,Basic_Health
USR_070356,Family_Comprehensive
USR_070357,Auto_Liability_Basic
USR_070358,Basic_Health
USR_070359,Health_Dental_Vision
USR_070360,Basic_Health
USR_070361,Health_Dental_Vision
USR_070362,Basic_Health
USR_070363,Basic_Health
USR_070364,Health_Dental_Vision
USR_070365,Basic_Health
USR_070366,Basic_Health
USR_070367,Basic_Health
USR_070368,Basic_Health
USR_070369,Health_Dental_Vision
USR_070370,Basic_Health
USR_070371,Basic_Health
USR_070372,Basic_Health
USR_070373,Health_Dental_Vision
USR_070374,Basic_Health
USR_070375,Basic_Health
USR_070376,Basic_Health
USR_070377,Basic_Health
USR_070378,Basic_Health
USR_070379,Basic_Health
USR_070380,Premium_Health_Life
USR_070381,Basic_Health
USR_070382,Health_Dental_Vision
USR_070383,Basic_Health
USR_070384,Basic_Health
USR_070385,Family_Comprehensive
USR_070386,Health_Dental_Vision
USR_070387,Basic_Health
USR_070388,Basic_Health
USR_070389,Basic_Health
USR_070390,Basic_Health
USR_070391,Basic_Health
USR_070392,Basic_Health
USR_070393,Basic_Health
USR_070394,Health_Dental_Vision
USR_070395,Basic_Health
USR_070396,Basic_Health
USR_070397,Basic_Health
USR_070398,Basic_Health
USR_070399,Basic_Health
USR_070400,Health_Dental_Vision
USR_070401,Basic_Health
USR_070402,Basic_Health
USR_070403,Health_Dental_Vision
USR_070404,Health_Dental_Vision
USR_070405,Basic_Health
USR_070406,Basic_Health
USR_070407,Basic_Health
USR_070408,Basic_Health
USR_070409,Basic_Health
USR_070410,Basic_Health
USR_070411,Basic_Health
USR_070412,Health_Dental_Vision
USR_070413,Basic_Health
USR_070414,Health_Dental_Vision
USR_070415,Basic_Health
USR_070416,Health_Dental_Vision
USR_070417,Basic_Health
USR_070418,Basic_Health
USR_070419,Basic_Health
USR_070420,Basic_Health
USR_070421,Family_Comprehensive
USR_070422,Basic_Health
USR_070423,Basic_Health
USR_070424,Basic_Health
USR_070425,Family_Comprehensive
USR_070426,Health_Dental_Vision
USR_070427,Basic_Health
USR_070428,Home_Standard
USR_070429,Basic_Health
USR_070430,Family_Comprehensive
USR_070431,Basic_Health
USR_070432,Basic_Health
USR_070433,Basic_Health
USR_070434,Basic_Health
USR_070435,Basic_Health
USR_070436,Basic_Health
USR_070437,Basic_Health
USR_070438,Health_Dental_Vision
USR_070439,Basic_Health
USR_070440,Basic_Health
USR_070441,Basic_Health
USR_070442,Basic_Health
USR_070443,Basic_Health
USR_070444,Basic_Health
USR_070445,Auto_Liability_Basic
USR_070446,Health_Dental_Vision
USR_070447,Basic_Health
USR_070448,Basic_Health
USR_070449,Basic_Health
USR_070450,Health_Dental_Vision
USR_070451,Basic_Health
USR_070452,Basic_Health
USR_070453,Basic_Health
USR_070454,Basic_Health
USR_070455,Auto_Liability_Basic
USR_070456,Auto_Liability_Basic
USR_070457,Basic_Health
USR_070458,Auto_Comprehensive
USR_070459,Health_Dental_Vision
USR_070460,Basic_Health
USR_070461,Health_Dental_Vision
USR_070462,Basic_Health
USR_070463,Health_Dental_Vision
USR_070464,Auto_Liability_Basic
USR_070465,Health_Dental_Vision
USR_070466,Family_Comprehensive
USR_070467,Basic_Health
USR_070468,Premium_Health_Life
USR_070469,Health_Dental_Vision
USR_070470,Basic_Health
USR_070471,Health_Dental_Vision
USR_070472,Health_Dental_Vision
USR_070473,Health_Dental_Vision
USR_070474,Basic_Health
USR_070475,Health_Dental_Vision
USR_070476,Auto_Liability_Basic
USR_070477,Health_Dental_Vision
USR_070478,Auto_Liability_Basic
USR_070479,Basic_Health
USR_070480,Basic_Health
USR_070481,Health_Dental_Vision
USR_070482,Family_Comprehensive
USR_070483,Basic_Health
USR_070484,Basic_Health
USR_070485,Basic_Health
USR_070486,Health_Dental_Vision
USR_070487,Basic_Health
USR_070488,Basic_Health
USR_070489,Basic_Health
USR_070490,Basic_Health
USR_070491,Basic_Health
USR_070492,Basic_Health
USR_070493,Basic_Health
USR_070494,Basic_Health
USR_070495,Basic_Health
USR_070496,Health_Dental_Vision
USR_070497,Basic_Health
USR_070498,Auto_Liability_Basic
USR_070499,Basic_Health
USR_070500,Family_Comprehensive
USR_070501,Basic_Health
USR_070502,Health_Dental_Vision
USR_070503,Auto_Liability_Basic
USR_070504,Basic_Health
USR_070505,Basic_Health
USR_070506,Health_Dental_Vision
USR_070507,Basic_Health
USR_070508,Basic_Health
USR_070509,Auto_Liability_Basic
USR_070510,Family_Comprehensive
USR_070511,Basic_Health
USR_070512,Basic_Health
USR_070513,Basic_Health
USR_070514,Health_Dental_Vision
USR_070515,Family_Comprehensive
USR_070516,Home_Standard
USR_070517,Basic_Health
USR_070518,Basic_Health
USR_070519,Family_Comprehensive
USR_070520,Premium_Health_Life
USR_070521,Basic_Health
USR_070522,Family_Comprehensive
USR_070523,Basic_Health
USR_070524,Basic_Health
USR_070525,Basic_Health
USR_070526,Basic_Health
USR_070527,Health_Dental_Vision
USR_070528,Auto_Liability_Basic
USR_070529,Basic_Health
USR_070530,Family_Comprehensive
USR_070531,Basic_Health
USR_070532,Basic_Health
USR_070533,Health_Dental_Vision
USR_070534,Basic_Health
USR_070535,Health_Dental_Vision
USR_070536,Basic_Health
USR_070537,Basic_Health
USR_070538,Basic_Health
USR_070539,Auto_Liability_Basic
USR_070540,Health_Dental_Vision
USR_070541,Basic_Health
USR_070542,Basic_Health
USR_070543,Basic_Health
USR_070544,Health_Dental_Vision
USR_070545,Basic_Health
USR_070546,Basic_Health
USR_070547,Basic_Health
USR_070548,Health_Dental_Vision
USR_070549,Basic_Health
USR_070550,Basic_Health
USR_070551,Basic_Health
USR_070552,Basic_Health
USR_070553,Basic_Health
USR_070554,Health_Dental_Vision
USR_070555,Basic_Health
USR_070556,Basic_Health
USR_070557,Auto_Liability_Basic
USR_070558,Health_Dental_Vision
USR_070559,Health_Dental_Vision
USR_070560,Basic_Health
USR_070561,Basic_Health
USR_070562,Basic_Health
USR_070563,Basic_Health
USR_070564,Basic_Health
USR_070565,Family_Comprehensive
USR_070566,Basic_Health
USR_070567,Basic_Health
USR_070568,Basic_Health
USR_070569,Basic_Health
USR_070570,Basic_Health
USR_070571,Basic_Health
USR_070572,Basic_Health
USR_070573,Health_Dental_Vision
USR_070574,Basic_Health
USR_070575,Basic_Health
USR_070576,Basic_Health
USR_070577,Health_Dental_Vision
USR_070578,Health_Dental_Vision
USR_070579,Family_Comprehensive
USR_070580,Basic_Health
USR_070581,Health_Dental_Vision
USR_070582,Basic_Health
USR_070583,Basic_Health
USR_070584,Basic_Health
USR_070585,Basic_Health
USR_070586,Health_Dental_Vision
USR_070587,Basic_Health
USR_070588,Basic_Health
USR_070589,Basic_Health
USR_070590,Basic_Health
USR_070591,Basic_Health
USR_070592,Basic_Health
USR_070593,Health_Dental_Vision
USR_070594,Basic_Health
USR_070595,Family_Comprehensive
USR_070596,Basic_Health
USR_070597,Basic_Health
USR_070598,Basic_Health
USR_070599,Basic_Health
USR_070600,Auto_Liability_Basic
USR_070601,Basic_Health
USR_070602,Basic_Health
USR_070603,Health_Dental_Vision
USR_070604,Basic_Health
USR_070605,Basic_Health
USR_070606,Basic_Health
USR_070607,Home_Premium
USR_070608,Basic_Health
USR_070609,Basic_Health
USR_070610,Basic_Health
USR_070611,Basic_Health
USR_070612,Basic_Health
USR_070613,Health_Dental_Vision
USR_070614,Basic_Health
USR_070615,Health_Dental_Vision
USR_070616,Basic_Health
USR_070617,Basic_Health
USR_070618,Basic_Health
USR_070619,Health_Dental_Vision
USR_070620,Basic_Health
USR_070621,Health_Dental_Vision
USR_070622,Basic_Health
USR_070623,Family_Comprehensive
USR_070624,Health_Dental_Vision
USR_070625,Basic_Health
USR_070626,Basic_Health
USR_070627,Premium_Health_Life
USR_070628,Basic_Health
USR_070629,Basic_Health
USR_070630,Basic_Health
USR_070631,Basic_Health
USR_070632,Health_Dental_Vision
USR_070633,Basic_Health
USR_070634,Auto_Liability_Basic
USR_070635,Basic_Health
USR_070636,Basic_Health
USR_070637,Auto_Liability_Basic
USR_070638,Basic_Health
USR_070639,Health_Dental_Vision
USR_070640,Basic_Health
USR_070641,Basic_Health
USR_070642,Family_Comprehensive
USR_070643,Basic_Health
USR_070644,Basic_Health
USR_070645,Health_Dental_Vision
USR_070646,Basic_Health
USR_070647,Basic_Health
USR_070648,Health_Dental_Vision
USR_070649,Basic_Health
USR_070650,Basic_Health
USR_070651,Auto_Liability_Basic
USR_070652,Basic_Health
USR_070653,Basic_Health
USR_070654,Family_Comprehensive
USR_070655,Health_Dental_Vision
USR_070656,Basic_Health
USR_070657,Basic_Health
USR_070658,Basic_Health
USR_070659,Basic_Health
USR_070660,Family_Comprehensive
USR_070661,Basic_Health
USR_070662,Basic_Health
USR_070663,Health_Dental_Vision
USR_070664,Basic_Health
USR_070665,Basic_Health
USR_070666,Basic_Health
USR_070667,Basic_Health
USR_070668,Basic_Health
USR_070669,Basic_Health
USR_070670,Basic_Health
USR_070671,Basic_Health
USR_070672,Basic_Health
USR_070673,Basic_Health
USR_070674,Basic_Health
USR_070675,Basic_Health
USR_070676,Health_Dental_Vision
USR_070677,Basic_Health
USR_070678,Basic_Health
USR_070679,Basic_Health
USR_070680,Basic_Health
USR_070681,Basic_Health
USR_070682,Basic_Health
USR_070683,Basic_Health
USR_070684,Basic_Health
USR_070685,Basic_Health
USR_070686,Basic_Health
USR_070687,Basic_Health
USR_070688,Auto_Liability_Basic
USR_070689,Basic_Health
USR_070690,Basic_Health
USR_070691,Basic_Health
USR_070692,Basic_Health
USR_070693,Basic_Health
USR_070694,Basic_Health
USR_070695,Basic_Health
USR_070696,Basic_Health
USR_070697,Basic_Health
USR_070698,Health_Dental_Vision
USR_070699,Basic_Health
USR_070700,Basic_Health
USR_070701,Basic_Health
USR_070702,Basic_Health
USR_070703,Basic_Health
USR_070704,Basic_Health
USR_070705,Basic_Health
USR_070706,Basic_Health
USR_070707,Basic_Health
USR_070708,Health_Dental_Vision
USR_070709,Basic_Health
USR_070710,Basic_Health
USR_070711,Basic_Health
USR_070712,Health_Dental_Vision
USR_070713,Basic_Health
USR_070714,Home_Standard
USR_070715,Basic_Health
USR_070716,Basic_Health
USR_070717,Basic_Health
USR_070718,Basic_Health
USR_070719,Basic_Health
USR_070720,Auto_Liability_Basic
USR_070721,Auto_Liability_Basic
USR_070722,Basic_Health
USR_070723,Basic_Health
USR_070724,Basic_Health
USR_070725,Basic_Health
USR_070726,Health_Dental_Vision
USR_070727,Basic_Health
USR_070728,Basic_Health
USR_070729,Health_Dental_Vision
USR_070730,Basic_Health
USR_070731,Basic_Health
USR_070732,Basic_Health
USR_070733,Basic_Health
USR_070734,Basic_Health
USR_070735,Health_Dental_Vision
USR_070736,Basic_Health
USR_070737,Health_Dental_Vision
USR_070738,Basic_Health
USR_070739,Basic_Health
USR_070740,Basic_Health
USR_070741,Basic_Health
USR_070742,Basic_Health
USR_070743,Home_Standard
USR_070744,Auto_Liability_Basic
USR_070745,Basic_Health
USR_070746,Basic_Health
USR_070747,Basic_Health
USR_070748,Basic_Health
USR_070749,Basic_Health
USR_070750,Basic_Health
USR_070751,Health_Dental_Vision
USR_070752,Health_Dental_Vision
USR_070753,Health_Dental_Vision
USR_070754,Basic_Health
USR_070755,Basic_Health
USR_070756,Basic_Health
USR_070757,Basic_Health
USR_070758,Basic_Health
USR_070759,Basic_Health
USR_070760,Health_Dental_Vision
USR_070761,Basic_Health
USR_070762,Basic_Health
USR_070763,Basic_Health
USR_070764,Basic_Health
USR_070765,Health_Dental_Vision
USR_070766,Auto_Liability_Basic
USR_070767,Family_Comprehensive
USR_070768,Basic_Health
USR_070769,Home_Standard
USR_070770,Basic_Health
USR_070771,Health_Dental_Vision
USR_070772,Basic_Health
USR_070773,Basic_Health
USR_070774,Basic_Health
USR_070775,Basic_Health
USR_070776,Auto_Liability_Basic
USR_070777,Basic_Health
USR_070778,Basic_Health
USR_070779,Family_Comprehensive
USR_070780,Basic_Health
USR_070781,Family_Comprehensive
USR_070782,Basic_Health
USR_070783,Health_Dental_Vision
USR_070784,Basic_Health
USR_070785,Health_Dental_Vision
USR_070786,Basic_Health
USR_070787,Health_Dental_Vision
USR_070788,Basic_Health
USR_070789,Auto_Liability_Basic
USR_070790,Basic_Health
USR_070791,Basic_Health
USR_070792,Basic_Health
USR_070793,Basic_Health
USR_070794,Basic_Health
USR_070795,Auto_Liability_Basic
USR_070796,Basic_Health
USR_070797,Family_Comprehensive
USR_070798,Basic_Health
USR_070799,Health_Dental_Vision
USR_070800,Basic_Health
USR_070801,Health_Dental_Vision
USR_070802,Basic_Health
USR_070803,Basic_Health
USR_070804,Auto_Liability_Basic
USR_070805,Basic_Health
USR_070806,Family_Comprehensive
USR_070807,Auto_Liability_Basic
USR_070808,Basic_Health
USR_070809,Basic_Health
USR_070810,Basic_Health
USR_070811,Basic_Health
USR_070812,Basic_Health
USR_070813,Home_Standard
USR_070814,Basic_Health
USR_070815,Health_Dental_Vision
USR_070816,Basic_Health
USR_070817,Family_Comprehensive
USR_070818,Basic_Health
USR_070819,Basic_Health
USR_070820,Basic_Health
USR_070821,Family_Comprehensive
USR_070822,Basic_Health
USR_070823,Basic_Health
USR_070824,Basic_Health
USR_070825,Auto_Liability_Basic
USR_070826,Basic_Health
USR_070827,Basic_Health
USR_070828,Health_Dental_Vision
USR_070829,Basic_Health
USR_070830,Basic_Health
USR_070831,Health_Dental_Vision
USR_070832,Basic_Health
USR_070833,Auto_Liability_Basic
USR_070834,Family_Comprehensive
USR_070835,Basic_Health
USR_070836,Basic_Health
USR_070837,Basic_Health
USR_070838,Health_Dental_Vision
USR_070839,Basic_Health
USR_070840,Basic_Health
USR_070841,Basic_Health
USR_070842,Basic_Health
USR_070843,Basic_Health
USR_070844,Health_Dental_Vision
USR_070845,Basic_Health
USR_070846,Premium_Health_Life
USR_070847,Basic_Health
USR_070848,Basic_Health
USR_070849,Health_Dental_Vision
USR_070850,Basic_Health
USR_070851,Family_Comprehensive
USR_070852,Basic_Health
USR_070853,Auto_Liability_Basic
USR_070854,Health_Dental_Vision
USR_070855,Basic_Health
USR_070856,Basic_Health
USR_070857,Basic_Health
USR_070858,Basic_Health
USR_070859,Family_Comprehensive
USR_070860,Health_Dental_Vision
USR_070861,Basic_Health
USR_070862,Health_Dental_Vision
USR_070863,Auto_Liability_Basic
USR_070864,Basic_Health
USR_070865,Basic_Health
USR_070866,Basic_Health
USR_070867,Family_Comprehensive
USR_070868,Basic_Health
USR_070869,Basic_Health
USR_070870,Health_Dental_Vision
USR_070871,Basic_Health
USR_070872,Basic_Health
USR_070873,Basic_Health
USR_070874,Family_Comprehensive
USR_070875,Health_Dental_Vision
USR_070876,Basic_Health
USR_070877,Basic_Health
USR_070878,Health_Dental_Vision
USR_070879,Basic_Health
USR_070880,Basic_Health
USR_070881,Auto_Liability_Basic
USR_070882,Premium_Health_Life
USR_070883,Basic_Health
USR_070884,Basic_Health
USR_070885,Auto_Liability_Basic
USR_070886,Basic_Health
USR_070887,Family_Comprehensive
USR_070888,Basic_Health
USR_070889,Health_Dental_Vision
USR_070890,Basic_Health
USR_070891,Basic_Health
USR_070892,Basic_Health
USR_070893,Basic_Health
USR_070894,Basic_Health
USR_070895,Basic_Health
USR_070896,Basic_Health
USR_070897,Health_Dental_Vision
USR_070898,Basic_Health
USR_070899,Health_Dental_Vision
USR_070900,Basic_Health
USR_070901,Basic_Health
USR_070902,Basic_Health
USR_070903,Basic_Health
USR_070904,Basic_Health
USR_070905,Basic_Health
USR_070906,Basic_Health
USR_070907,Basic_Health
USR_070908,Basic_Health
USR_070909,Basic_Health
USR_070910,Family_Comprehensive
USR_070911,Basic_Health
USR_070912,Basic_Health
USR_070913,Health_Dental_Vision
USR_070914,Basic_Health
USR_070915,Basic_Health
USR_070916,Auto_Liability_Basic
USR_070917,Auto_Liability_Basic
USR_070918,Family_Comprehensive
USR_070919,Basic_Health
USR_070920,Health_Dental_Vision
USR_070921,Basic_Health
USR_070922,Family_Comprehensive
USR_070923,Health_Dental_Vision
USR_070924,Basic_Health
USR_070925,Health_Dental_Vision
USR_070926,Basic_Health
USR_070927,Basic_Health
USR_070928,Family_Comprehensive
USR_070929,Basic_Health
USR_070930,Health_Dental_Vision
USR_070931,Health_Dental_Vision
USR_070932,Basic_Health
USR_070933,Basic_Health
USR_070934,Home_Premium
USR_070935,Basic_Health
USR_070936,Basic_Health
USR_070937,Basic_Health
USR_070938,Family_Comprehensive
USR_070939,Basic_Health
USR_070940,Basic_Health
USR_070941,Basic_Health
USR_070942,Health_Dental_Vision
USR_070943,Premium_Health_Life
USR_070944,Basic_Health
USR_070945,Family_Comprehensive
USR_070946,Health_Dental_Vision
USR_070947,Basic_Health
USR_070948,Basic_Health
USR_070949,Basic_Health
USR_070950,Basic_Health
USR_070951,Basic_Health
USR_070952,Basic_Health
USR_070953,Basic_Health
USR_070954,Basic_Health
USR_070955,Family_Comprehensive
USR_070956,Basic_Health
USR_070957,Basic_Health
USR_070958,Basic_Health
USR_070959,Basic_Health
USR_070960,Health_Dental_Vision
USR_070961,Basic_Health
USR_070962,Basic_Health
USR_070963,Basic_Health
USR_070964,Basic_Health
USR_070965,Basic_Health
USR_070966,Basic_Health
USR_070967,Basic_Health
USR_070968,Health_Dental_Vision
USR_070969,Basic_Health
USR_070970,Family_Comprehensive
USR_070971,Basic_Health
USR_070972,Health_Dental_Vision
USR_070973,Basic_Health
USR_070974,Basic_Health
USR_070975,Family_Comprehensive
USR_070976,Auto_Liability_Basic
USR_070977,Health_Dental_Vision
USR_070978,Basic_Health
USR_070979,Health_Dental_Vision
USR_070980,Premium_Health_Life
USR_070981,Health_Dental_Vision
USR_070982,Basic_Health
USR_070983,Basic_Health
USR_070984,Premium_Health_Life
USR_070985,Basic_Health
USR_070986,Auto_Liability_Basic
USR_070987,Basic_Health
USR_070988,Basic_Health
USR_070989,Basic_Health
USR_070990,Basic_Health
USR_070991,Basic_Health
USR_070992,Basic_Health
USR_070993,Basic_Health
USR_070994,Basic_Health
USR_070995,Auto_Liability_Basic
USR_070996,Basic_Health
USR_070997,Health_Dental_Vision
USR_070998,Health_Dental_Vision
USR_070999,Basic_Health
USR_071000,Basic_Health
USR_071001,Basic_Health
USR_071002,Basic_Health
USR_071003,Basic_Health
USR_071004,Basic_Health
USR_071005,Health_Dental_Vision
USR_071006,Basic_Health
USR_071007,Basic_Health
USR_071008,Auto_Liability_Basic
USR_071009,Basic_Health
USR_071010,Health_Dental_Vision
USR_071011,Basic_Health
USR_071012,Basic_Health
USR_071013,Basic_Health
USR_071014,Basic_Health
USR_071015,Auto_Comprehensive
USR_071016,Basic_Health
USR_071017,Family_Comprehensive
USR_071018,Basic_Health
USR_071019,Basic_Health
USR_071020,Home_Standard
USR_071021,Basic_Health
USR_071022,Basic_Health
USR_071023,Basic_Health
USR_071024,Family_Comprehensive
USR_071025,Health_Dental_Vision
USR_071026,Basic_Health
USR_071027,Basic_Health
USR_071028,Basic_Health
USR_071029,Basic_Health
USR_071030,Basic_Health
USR_071031,Basic_Health
USR_071032,Basic_Health
USR_071033,Health_Dental_Vision
USR_071034,Basic_Health
USR_071035,Basic_Health
USR_071036,Health_Dental_Vision
USR_071037,Basic_Health
USR_071038,Basic_Health
USR_071039,Basic_Health
USR_071040,Basic_Health
USR_071041,Basic_Health
USR_071042,Basic_Health
USR_071043,Basic_Health
USR_071044,Family_Comprehensive
USR_071045,Basic_Health
USR_071046,Basic_Health
USR_071047,Basic_Health
USR_071048,Basic_Health
USR_071049,Basic_Health
USR_071050,Home_Premium
USR_071051,Family_Comprehensive
USR_071052,Basic_Health
USR_071053,Basic_Health
USR_071054,Family_Comprehensive
USR_071055,Basic_Health
USR_071056,Basic_Health
USR_071057,Health_Dental_Vision
USR_071058,Basic_Health
USR_071059,Family_Comprehensive
USR_071060,Basic_Health
USR_071061,Basic_Health
USR_071062,Auto_Liability_Basic
USR_071063,Basic_Health
USR_071064,Basic_Health
USR_071065,Basic_Health
USR_071066,Basic_Health
USR_071067,Family_Comprehensive
USR_071068,Health_Dental_Vision
USR_071069,Premium_Health_Life
USR_071070,Basic_Health
USR_071071,Basic_Health
USR_071072,Basic_Health
USR_071073,Family_Comprehensive
USR_071074,Health_Dental_Vision
USR_071075,Basic_Health
USR_071076,Health_Dental_Vision
USR_071077,Basic_Health
USR_071078,Basic_Health
USR_071079,Family_Comprehensive
USR_071080,Basic_Health
USR_071081,Health_Dental_Vision
USR_071082,Basic_Health
USR_071083,Basic_Health
USR_071084,Basic_Health
USR_071085,Basic_Health
USR_071086,Family_Comprehensive
USR_071087,Basic_Health
USR_071088,Basic_Health
USR_071089,Basic_Health
USR_071090,Health_Dental_Vision
USR_071091,Family_Comprehensive
USR_071092,Basic_Health
USR_071093,Health_Dental_Vision
USR_071094,Basic_Health
USR_071095,Health_Dental_Vision
USR_071096,Basic_Health
USR_071097,Basic_Health
USR_071098,Basic_Health
USR_071099,Basic_Health
USR_071100,Basic_Health
USR_071101,Basic_Health
USR_071102,Basic_Health
USR_071103,Basic_Health
USR_071104,Basic_Health
USR_071105,Basic_Health
USR_071106,Basic_Health
USR_071107,Basic_Health
USR_071108,Health_Dental_Vision
USR_071109,Basic_Health
USR_071110,Health_Dental_Vision
USR_071111,Basic_Health
USR_071112,Basic_Health
USR_071113,Basic_Health
USR_071114,Basic_Health
USR_071115,Basic_Health
USR_071116,Basic_Health
USR_071117,Basic_Health
USR_071118,Health_Dental_Vision
USR_071119,Basic_Health
USR_071120,Auto_Liability_Basic
USR_071121,Basic_Health
USR_071122,Basic_Health
USR_071123,Health_Dental_Vision
USR_071124,Basic_Health
USR_071125,Health_Dental_Vision
USR_071126,Health_Dental_Vision
USR_071127,Basic_Health
USR_071128,Basic_Health
USR_071129,Basic_Health
USR_071130,Basic_Health
USR_071131,Basic_Health
USR_071132,Basic_Health
USR_071133,Basic_Health
USR_071134,Basic_Health
USR_071135,Health_Dental_Vision
USR_071136,Basic_Health
USR_071137,Health_Dental_Vision
USR_071138,Basic_Health
USR_071139,Basic_Health
USR_071140,Health_Dental_Vision
USR_071141,Health_Dental_Vision
USR_071142,Family_Comprehensive
USR_071143,Basic_Health
USR_071144,Basic_Health
USR_071145,Basic_Health
USR_071146,Basic_Health
USR_071147,Health_Dental_Vision
USR_071148,Auto_Liability_Basic
USR_071149,Basic_Health
USR_071150,Health_Dental_Vision
USR_071151,Home_Standard
USR_071152,Auto_Liability_Basic
USR_071153,Basic_Health
USR_071154,Basic_Health
USR_071155,Health_Dental_Vision
USR_071156,Basic_Health
USR_071157,Basic_Health
USR_071158,Basic_Health
USR_071159,Basic_Health
USR_071160,Basic_Health
USR_071161,Health_Dental_Vision
USR_071162,Premium_Health_Life
USR_071163,Health_Dental_Vision
USR_071164,Basic_Health
USR_071165,Basic_Health
USR_071166,Basic_Health
USR_071167,Home_Standard
USR_071168,Basic_Health
USR_071169,Family_Comprehensive
USR_071170,Health_Dental_Vision
USR_071171,Basic_Health
USR_071172,Auto_Liability_Basic
USR_071173,Family_Comprehensive
USR_071174,Health_Dental_Vision
USR_071175,Basic_Health
USR_071176,Basic_Health
USR_071177,Basic_Health
USR_071178,Basic_Health
USR_071179,Basic_Health
USR_071180,Health_Dental_Vision
USR_071181,Health_Dental_Vision
USR_071182,Basic_Health
USR_071183,Basic_Health
USR_071184,Basic_Health
USR_071185,Basic_Health
USR_071186,Basic_Health
USR_071187,Basic_Health
USR_071188,Basic_Health
USR_071189,Basic_Health
USR_071190,Health_Dental_Vision
USR_071191,Basic_Health
USR_071192,Health_Dental_Vision
USR_071193,Health_Dental_Vision
USR_071194,Basic_Health
USR_071195,Basic_Health
USR_071196,Basic_Health
USR_071197,Basic_Health
USR_071198,Basic_Health
USR_071199,Basic_Health
USR_071200,Health_Dental_Vision
USR_071201,Basic_Health
USR_071202,Basic_Health
USR_071203,Basic_Health
USR_071204,Family_Comprehensive
USR_071205,Family_Comprehensive
USR_071206,Basic_Health
USR_071207,Family_Comprehensive
USR_071208,Health_Dental_Vision
USR_071209,Basic_Health
USR_071210,Home_Standard
USR_071211,Basic_Health
USR_071212,Basic_Health
USR_071213,Basic_Health
USR_071214,Health_Dental_Vision
USR_071215,Basic_Health
USR_071216,Basic_Health
USR_071217,Family_Comprehensive
USR_071218,Basic_Health
USR_071219,Health_Dental_Vision
USR_071220,Premium_Health_Life
USR_071221,Basic_Health
USR_071222,Basic_Health
USR_071223,Basic_Health
USR_071224,Auto_Liability_Basic
USR_071225,Basic_Health
USR_071226,Basic_Health
USR_071227,Basic_Health
USR_071228,Basic_Health
USR_071229,Family_Comprehensive
USR_071230,Basic_Health
USR_071231,Basic_Health
USR_071232,Family_Comprehensive
USR_071233,Basic_Health
USR_071234,Basic_Health
USR_071235,Family_Comprehensive
USR_071236,Basic_Health
USR_071237,Basic_Health
USR_071238,Basic_Health
USR_071239,Basic_Health
USR_071240,Basic_Health
USR_071241,Health_Dental_Vision
USR_071242,Basic_Health
USR_071243,Basic_Health
USR_071244,Health_Dental_Vision
USR_071245,Basic_Health
USR_071246,Family_Comprehensive
USR_071247,Auto_Liability_Basic
USR_071248,Basic_Health
USR_071249,Family_Comprehensive
USR_071250,Health_Dental_Vision
USR_071251,Basic_Health
USR_071252,Health_Dental_Vision
USR_071253,Basic_Health
USR_071254,Basic_Health
USR_071255,Basic_Health
USR_071256,Family_Comprehensive
USR_071257,Basic_Health
USR_071258,Health_Dental_Vision
USR_071259,Health_Dental_Vision
USR_071260,Basic_Health
USR_071261,Basic_Health
USR_071262,Basic_Health
USR_071263,Basic_Health
USR_071264,Basic_Health
USR_071265,Basic_Health
USR_071266,Basic_Health
USR_071267,Basic_Health
USR_071268,Premium_Health_Life
USR_071269,Basic_Health
USR_071270,Health_Dental_Vision
USR_071271,Basic_Health
USR_071272,Health_Dental_Vision
USR_071273,Family_Comprehensive
USR_071274,Basic_Health
USR_071275,Basic_Health
USR_071276,Family_Comprehensive
USR_071277,Basic_Health
USR_071278,Basic_Health
USR_071279,Basic_Health
USR_071280,Health_Dental_Vision
USR_071281,Auto_Liability_Basic
USR_071282,Basic_Health
USR_071283,Family_Comprehensive
USR_071284,Basic_Health
USR_071285,Basic_Health
USR_071286,Basic_Health
USR_071287,Basic_Health
USR_071288,Basic_Health
USR_071289,Basic_Health
USR_071290,Basic_Health
USR_071291,Basic_Health
USR_071292,Basic_Health
USR_071293,Basic_Health
USR_071294,Basic_Health
USR_071295,Basic_Health
USR_071296,Premium_Health_Life
USR_071297,Home_Premium
USR_071298,Basic_Health
USR_071299,Basic_Health
USR_071300,Family_Comprehensive
USR_071301,Basic_Health
USR_071302,Auto_Liability_Basic
USR_071303,Auto_Liability_Basic
USR_071304,Premium_Health_Life
USR_071305,Health_Dental_Vision
USR_071306,Auto_Liability_Basic
USR_071307,Basic_Health
USR_071308,Premium_Health_Life
USR_071309,Basic_Health
USR_071310,Auto_Liability_Basic
USR_071311,Basic_Health
USR_071312,Basic_Health
USR_071313,Basic_Health
USR_071314,Basic_Health
USR_071315,Basic_Health
USR_071316,Basic_Health
USR_071317,Basic_Health
USR_071318,Basic_Health
USR_071319,Basic_Health
USR_071320,Basic_Health
USR_071321,Basic_Health
USR_071322,Basic_Health
USR_071323,Basic_Health
USR_071324,Auto_Liability_Basic
USR_071325,Auto_Liability_Basic
USR_071326,Basic_Health
USR_071327,Basic_Health
USR_071328,Basic_Health
USR_071329,Basic_Health
USR_071330,Basic_Health
USR_071331,Premium_Health_Life
USR_071332,Health_Dental_Vision
USR_071333,Basic_Health
USR_071334,Basic_Health
USR_071335,Basic_Health
USR_071336,Family_Comprehensive
USR_071337,Health_Dental_Vision
USR_071338,Basic_Health
USR_071339,Basic_Health
USR_071340,Family_Comprehensive
USR_071341,Basic_Health
USR_071342,Basic_Health
USR_071343,Basic_Health
USR_071344,Basic_Health
USR_071345,Basic_Health
USR_071346,Basic_Health
USR_071347,Basic_Health
USR_071348,Basic_Health
USR_071349,Basic_Health
USR_071350,Health_Dental_Vision
USR_071351,Basic_Health
USR_071352,Health_Dental_Vision
USR_071353,Health_Dental_Vision
USR_071354,Basic_Health
USR_071355,Family_Comprehensive
USR_071356,Basic_Health
USR_071357,Basic_Health
USR_071358,Basic_Health
USR_071359,Basic_Health
USR_071360,Basic_Health
USR_071361,Health_Dental_Vision
USR_071362,Basic_Health
USR_071363,Auto_Liability_Basic
USR_071364,Basic_Health
USR_071365,Family_Comprehensive
USR_071366,Health_Dental_Vision
USR_071367,Basic_Health
USR_071368,Family_Comprehensive
USR_071369,Basic_Health
USR_071370,Basic_Health
USR_071371,Basic_Health
USR_071372,Basic_Health
USR_071373,Basic_Health
USR_071374,Basic_Health
USR_071375,Basic_Health
USR_071376,Premium_Health_Life
USR_071377,Basic_Health
USR_071378,Basic_Health
USR_071379,Auto_Liability_Basic
USR_071380,Auto_Liability_Basic
USR_071381,Family_Comprehensive
USR_071382,Basic_Health
USR_071383,Basic_Health
USR_071384,Basic_Health
USR_071385,Health_Dental_Vision
USR_071386,Basic_Health
USR_071387,Family_Comprehensive
USR_071388,Basic_Health
USR_071389,Auto_Liability_Basic
USR_071390,Basic_Health
USR_071391,Auto_Liability_Basic
USR_071392,Health_Dental_Vision
USR_071393,Basic_Health
USR_071394,Basic_Health
USR_071395,Health_Dental_Vision
USR_071396,Basic_Health
USR_071397,Health_Dental_Vision
USR_071398,Basic_Health
USR_071399,Basic_Health
USR_071400,Basic_Health
USR_071401,Basic_Health
USR_071402,Basic_Health
USR_071403,Basic_Health
USR_071404,Basic_Health
USR_071405,Auto_Liability_Basic
USR_071406,Health_Dental_Vision
USR_071407,Basic_Health
USR_071408,Basic_Health
USR_071409,Basic_Health
USR_071410,Basic_Health
USR_071411,Basic_Health
USR_071412,Basic_Health
USR_071413,Basic_Health
USR_071414,Basic_Health
USR_071415,Auto_Liability_Basic
USR_071416,Health_Dental_Vision
USR_071417,Health_Dental_Vision
USR_071418,Basic_Health
USR_071419,Basic_Health
USR_071420,Basic_Health
USR_071421,Basic_Health
USR_071422,Basic_Health
USR_071423,Health_Dental_Vision
USR_071424,Basic_Health
USR_071425,Basic_Health
USR_071426,Basic_Health
USR_071427,Basic_Health
USR_071428,Basic_Health
USR_071429,Home_Premium
USR_071430,Basic_Health
USR_071431,Family_Comprehensive
USR_071432,Health_Dental_Vision
USR_071433,Basic_Health
USR_071434,Basic_Health
USR_071435,Basic_Health
USR_071436,Basic_Health
USR_071437,Home_Standard
USR_071438,Basic_Health
USR_071439,Basic_Health
USR_071440,Basic_Health
USR_071441,Basic_Health
USR_071442,Basic_Health
USR_071443,Health_Dental_Vision
USR_071444,Auto_Liability_Basic
USR_071445,Family_Comprehensive
USR_071446,Family_Comprehensive
USR_071447,Basic_Health
USR_071448,Basic_Health
USR_071449,Basic_Health
USR_071450,Family_Comprehensive
USR_071451,Basic_Health
USR_071452,Health_Dental_Vision
USR_071453,Basic_Health
USR_071454,Basic_Health
USR_071455,Health_Dental_Vision
USR_071456,Basic_Health
USR_071457,Health_Dental_Vision
USR_071458,Basic_Health
USR_071459,Basic_Health
USR_071460,Basic_Health
USR_071461,Basic_Health
USR_071462,Basic_Health
USR_071463,Basic_Health
USR_071464,Basic_Health
USR_071465,Basic_Health
USR_071466,Basic_Health
USR_071467,Health_Dental_Vision
USR_071468,Basic_Health
USR_071469,Basic_Health
USR_071470,Basic_Health
USR_071471,Basic_Health
USR_071472,Health_Dental_Vision
USR_071473,Basic_Health
USR_071474,Auto_Liability_Basic
USR_071475,Auto_Liability_Basic
USR_071476,Health_Dental_Vision
USR_071477,Basic_Health
USR_071478,Health_Dental_Vision
USR_071479,Basic_Health
USR_071480,Family_Comprehensive
USR_071481,Premium_Health_Life
USR_071482,Basic_Health
USR_071483,Basic_Health
USR_071484,Basic_Health
USR_071485,Premium_Health_Life
USR_071486,Basic_Health
USR_071487,Basic_Health
USR_071488,Basic_Health
USR_071489,Auto_Liability_Basic
USR_071490,Basic_Health
USR_071491,Basic_Health
USR_071492,Family_Comprehensive
USR_071493,Basic_Health
USR_071494,Basic_Health
USR_071495,Basic_Health
USR_071496,Family_Comprehensive
USR_071497,Basic_Health
USR_071498,Health_Dental_Vision
USR_071499,Health_Dental_Vision
USR_071500,Basic_Health
USR_071501,Basic_Health
USR_071502,Basic_Health
USR_071503,Health_Dental_Vision
USR_071504,Basic_Health
USR_071505,Home_Premium
USR_071506,Health_Dental_Vision
USR_071507,Basic_Health
USR_071508,Basic_Health
USR_071509,Health_Dental_Vision
USR_071510,Basic_Health
USR_071511,Family_Comprehensive
USR_071512,Health_Dental_Vision
USR_071513,Basic_Health
USR_071514,Home_Premium
USR_071515,Health_Dental_Vision
USR_071516,Basic_Health
USR_071517,Basic_Health
USR_071518,Auto_Liability_Basic
USR_071519,Basic_Health
USR_071520,Basic_Health
USR_071521,Health_Dental_Vision
USR_071522,Health_Dental_Vision
USR_071523,Basic_Health
USR_071524,Health_Dental_Vision
USR_071525,Basic_Health
USR_071526,Basic_Health
USR_071527,Basic_Health
USR_071528,Basic_Health
USR_071529,Health_Dental_Vision
USR_071530,Basic_Health
USR_071531,Basic_Health
USR_071532,Family_Comprehensive
USR_071533,Health_Dental_Vision
USR_071534,Basic_Health
USR_071535,Health_Dental_Vision
USR_071536,Basic_Health
USR_071537,Basic_Health
USR_071538,Health_Dental_Vision
USR_071539,Basic_Health
USR_071540,Health_Dental_Vision
USR_071541,Home_Standard
USR_071542,Basic_Health
USR_071543,Basic_Health
USR_071544,Basic_Health
USR_071545,Health_Dental_Vision
USR_071546,Basic_Health
USR_071547,Basic_Health
USR_071548,Basic_Health
USR_071549,Basic_Health
USR_071550,Basic_Health
USR_071551,Basic_Health
USR_071552,Basic_Health
USR_071553,Basic_Health
USR_071554,Auto_Liability_Basic
USR_071555,Basic_Health
USR_071556,Basic_Health
USR_071557,Basic_Health
USR_071558,Health_Dental_Vision
USR_071559,Basic_Health
USR_071560,Basic_Health
USR_071561,Basic_Health
USR_071562,Basic_Health
USR_071563,Health_Dental_Vision
USR_071564,Basic_Health
USR_071565,Health_Dental_Vision
USR_071566,Basic_Health
USR_071567,Health_Dental_Vision
USR_071568,Basic_Health
USR_071569,Basic_Health
USR_071570,Basic_Health
USR_071571,Basic_Health
USR_071572,Basic_Health
USR_071573,Health_Dental_Vision
USR_071574,Health_Dental_Vision
USR_071575,Health_Dental_Vision
USR_071576,Auto_Liability_Basic
USR_071577,Premium_Health_Life
USR_071578,Basic_Health
USR_071579,Health_Dental_Vision
USR_071580,Health_Dental_Vision
USR_071581,Basic_Health
USR_071582,Basic_Health
USR_071583,Basic_Health
USR_071584,Basic_Health
USR_071585,Basic_Health
USR_071586,Health_Dental_Vision
USR_071587,Family_Comprehensive
USR_071588,Basic_Health
USR_071589,Basic_Health
USR_071590,Auto_Liability_Basic
USR_071591,Health_Dental_Vision
USR_071592,Basic_Health
USR_071593,Basic_Health
USR_071594,Basic_Health
USR_071595,Basic_Health
USR_071596,Health_Dental_Vision
USR_071597,Health_Dental_Vision
USR_071598,Basic_Health
USR_071599,Basic_Health
USR_071600,Health_Dental_Vision
USR_071601,Basic_Health
USR_071602,Basic_Health
USR_071603,Basic_Health
USR_071604,Basic_Health
USR_071605,Basic_Health
USR_071606,Premium_Health_Life
USR_071607,Basic_Health
USR_071608,Basic_Health
USR_071609,Basic_Health
USR_071610,Family_Comprehensive
USR_071611,Basic_Health
USR_071612,Basic_Health
USR_071613,Basic_Health
USR_071614,Basic_Health
USR_071615,Basic_Health
USR_071616,Basic_Health
USR_071617,Home_Premium
USR_071618,Family_Comprehensive
USR_071619,Basic_Health
USR_071620,Health_Dental_Vision
USR_071621,Basic_Health
USR_071622,Basic_Health
USR_071623,Family_Comprehensive
USR_071624,Basic_Health
USR_071625,Health_Dental_Vision
USR_071626,Basic_Health
USR_071627,Basic_Health
USR_071628,Basic_Health
USR_071629,Basic_Health
USR_071630,Health_Dental_Vision
USR_071631,Basic_Health
USR_071632,Basic_Health
USR_071633,Basic_Health
USR_071634,Basic_Health
USR_071635,Basic_Health
USR_071636,Health_Dental_Vision
USR_071637,Health_Dental_Vision
USR_071638,Basic_Health
USR_071639,Basic_Health
USR_071640,Basic_Health
USR_071641,Basic_Health
USR_071642,Basic_Health
USR_071643,Basic_Health
USR_071644,Basic_Health
USR_071645,Basic_Health
USR_071646,Basic_Health
USR_071647,Basic_Health
USR_071648,Basic_Health
USR_071649,Auto_Liability_Basic
USR_071650,Auto_Liability_Basic
USR_071651,Health_Dental_Vision
USR_071652,Basic_Health
USR_071653,Basic_Health
USR_071654,Basic_Health
USR_071655,Health_Dental_Vision
USR_071656,Family_Comprehensive
USR_071657,Basic_Health
USR_071658,Basic_Health
USR_071659,Health_Dental_Vision
USR_071660,Basic_Health
USR_071661,Basic_Health
USR_071662,Basic_Health
USR_071663,Basic_Health
USR_071664,Basic_Health
USR_071665,Basic_Health
USR_071666,Basic_Health
USR_071667,Basic_Health
USR_071668,Basic_Health
USR_071669,Basic_Health
USR_071670,Basic_Health
USR_071671,Health_Dental_Vision
USR_071672,Basic_Health
USR_071673,Auto_Liability_Basic
USR_071674,Health_Dental_Vision
USR_071675,Basic_Health
USR_071676,Basic_Health
USR_071677,Basic_Health
USR_071678,Basic_Health
USR_071679,Basic_Health
USR_071680,Basic_Health
USR_071681,Basic_Health
USR_071682,Basic_Health
USR_071683,Basic_Health
USR_071684,Health_Dental_Vision
USR_071685,Basic_Health
USR_071686,Basic_Health
USR_071687,Basic_Health
USR_071688,Basic_Health
USR_071689,Basic_Health
USR_071690,Basic_Health
USR_071691,Basic_Health
USR_071692,Basic_Health
USR_071693,Auto_Liability_Basic
USR_071694,Health_Dental_Vision
USR_071695,Basic_Health
USR_071696,Basic_Health
USR_071697,Family_Comprehensive
USR_071698,Home_Premium
USR_071699,Auto_Liability_Basic
USR_071700,Basic_Health
USR_071701,Basic_Health
USR_071702,Health_Dental_Vision
USR_071703,Basic_Health
USR_071704,Basic_Health
USR_071705,Basic_Health
USR_071706,Basic_Health
USR_071707,Health_Dental_Vision
USR_071708,Basic_Health
USR_071709,Health_Dental_Vision
USR_071710,Basic_Health
USR_071711,Basic_Health
USR_071712,Basic_Health
USR_071713,Basic_Health
USR_071714,Basic_Health
USR_071715,Basic_Health
USR_071716,Basic_Health
USR_071717,Premium_Health_Life
USR_071718,Health_Dental_Vision
USR_071719,Basic_Health
USR_071720,Basic_Health
USR_071721,Basic_Health
USR_071722,Basic_Health
USR_071723,Basic_Health
USR_071724,Basic_Health
USR_071725,Basic_Health
USR_071726,Basic_Health
USR_071727,Basic_Health
USR_071728,Basic_Health
USR_071729,Family_Comprehensive
USR_071730,Health_Dental_Vision
USR_071731,Basic_Health
USR_071732,Basic_Health
USR_071733,Basic_Health
USR_071734,Auto_Liability_Basic
USR_071735,Auto_Liability_Basic
USR_071736,Family_Comprehensive
USR_071737,Health_Dental_Vision
USR_071738,Health_Dental_Vision
USR_071739,Basic_Health
USR_071740,Basic_Health
USR_071741,Health_Dental_Vision
USR_071742,Health_Dental_Vision
USR_071743,Basic_Health
USR_071744,Basic_Health
USR_071745,Basic_Health
USR_071746,Basic_Health
USR_071747,Home_Premium
USR_071748,Health_Dental_Vision
USR_071749,Basic_Health
USR_071750,Health_Dental_Vision
USR_071751,Basic_Health
USR_071752,Basic_Health
USR_071753,Basic_Health
USR_071754,Basic_Health
USR_071755,Basic_Health
USR_071756,Basic_Health
USR_071757,Family_Comprehensive
USR_071758,Basic_Health
USR_071759,Basic_Health
USR_071760,Basic_Health
USR_071761,Basic_Health
USR_071762,Basic_Health
USR_071763,Basic_Health
USR_071764,Basic_Health
USR_071765,Basic_Health
USR_071766,Basic_Health
USR_071767,Basic_Health
USR_071768,Auto_Liability_Basic
USR_071769,Health_Dental_Vision
USR_071770,Basic_Health
USR_071771,Health_Dental_Vision
USR_071772,Basic_Health
USR_071773,Basic_Health
USR_071774,Basic_Health
USR_071775,Health_Dental_Vision
USR_071776,Basic_Health
USR_071777,Basic_Health
USR_071778,Health_Dental_Vision
USR_071779,Basic_Health
USR_071780,Basic_Health
USR_071781,Basic_Health
USR_071782,Basic_Health
USR_071783,Health_Dental_Vision
USR_071784,Health_Dental_Vision
USR_071785,Auto_Liability_Basic
USR_071786,Basic_Health
USR_071787,Basic_Health
USR_071788,Basic_Health
USR_071789,Basic_Health
USR_071790,Family_Comprehensive
USR_071791,Family_Comprehensive
USR_071792,Basic_Health
USR_071793,Basic_Health
USR_071794,Health_Dental_Vision
USR_071795,Health_Dental_Vision
USR_071796,Basic_Health
USR_071797,Basic_Health
USR_071798,Basic_Health
USR_071799,Basic_Health
USR_071800,Family_Comprehensive
USR_071801,Basic_Health
USR_071802,Basic_Health
USR_071803,Basic_Health
USR_071804,Basic_Health
USR_071805,Basic_Health
USR_071806,Basic_Health
USR_071807,Basic_Health
USR_071808,Basic_Health
USR_071809,Basic_Health
USR_071810,Basic_Health
USR_071811,Family_Comprehensive
USR_071812,Premium_Health_Life
USR_071813,Premium_Health_Life
USR_071814,Basic_Health
USR_071815,Basic_Health
USR_071816,Basic_Health
USR_071817,Basic_Health
USR_071818,Premium_Health_Life
USR_071819,Basic_Health
USR_071820,Basic_Health
USR_071821,Basic_Health
USR_071822,Basic_Health
USR_071823,Family_Comprehensive
USR_071824,Basic_Health
USR_071825,Basic_Health
USR_071826,Basic_Health
USR_071827,Health_Dental_Vision
USR_071828,Basic_Health
USR_071829,Basic_Health
USR_071830,Health_Dental_Vision
USR_071831,Health_Dental_Vision
USR_071832,Basic_Health
USR_071833,Health_Dental_Vision
USR_071834,Basic_Health
USR_071835,Premium_Health_Life
USR_071836,Basic_Health
USR_071837,Basic_Health
USR_071838,Basic_Health
USR_071839,Basic_Health
USR_071840,Basic_Health
USR_071841,Health_Dental_Vision
USR_071842,Family_Comprehensive
USR_071843,Basic_Health
USR_071844,Basic_Health
USR_071845,Basic_Health
USR_071846,Health_Dental_Vision
USR_071847,Basic_Health
USR_071848,Health_Dental_Vision
USR_071849,Basic_Health
USR_071850,Auto_Liability_Basic
USR_071851,Basic_Health
USR_071852,Family_Comprehensive
USR_071853,Premium_Health_Life
USR_071854,Basic_Health
USR_071855,Basic_Health
USR_071856,Basic_Health
USR_071857,Basic_Health
USR_071858,Basic_Health
USR_071859,Basic_Health
USR_071860,Basic_Health
USR_071861,Basic_Health
USR_071862,Basic_Health
USR_071863,Basic_Health
USR_071864,Health_Dental_Vision
USR_071865,Basic_Health
USR_071866,Basic_Health
USR_071867,Basic_Health
USR_071868,Basic_Health
USR_071869,Basic_Health
USR_071870,Auto_Liability_Basic
USR_071871,Basic_Health
USR_071872,Basic_Health
USR_071873,Basic_Health
USR_071874,Basic_Health
USR_071875,Basic_Health
USR_071876,Basic_Health
USR_071877,Basic_Health
USR_071878,Basic_Health
USR_071879,Basic_Health
USR_071880,Basic_Health
USR_071881,Basic_Health
USR_071882,Basic_Health
USR_071883,Health_Dental_Vision
USR_071884,Basic_Health
USR_071885,Health_Dental_Vision
USR_071886,Health_Dental_Vision
USR_071887,Basic_Health
USR_071888,Health_Dental_Vision
USR_071889,Basic_Health
USR_071890,Basic_Health
USR_071891,Premium_Health_Life
USR_071892,Basic_Health
USR_071893,Basic_Health
USR_071894,Basic_Health
USR_071895,Basic_Health
USR_071896,Basic_Health
USR_071897,Family_Comprehensive
USR_071898,Basic_Health
USR_071899,Basic_Health
USR_071900,Basic_Health
USR_071901,Auto_Liability_Basic
USR_071902,Health_Dental_Vision
USR_071903,Basic_Health
USR_071904,Health_Dental_Vision
USR_071905,Family_Comprehensive
USR_071906,Basic_Health
USR_071907,Health_Dental_Vision
USR_071908,Health_Dental_Vision
USR_071909,Basic_Health
USR_071910,Basic_Health
USR_071911,Health_Dental_Vision
USR_071912,Family_Comprehensive
USR_071913,Health_Dental_Vision
USR_071914,Health_Dental_Vision
USR_071915,Premium_Health_Life
USR_071916,Premium_Health_Life
USR_071917,Family_Comprehensive
USR_071918,Basic_Health
USR_071919,Auto_Liability_Basic
USR_071920,Basic_Health
USR_071921,Basic_Health
USR_071922,Basic_Health
USR_071923,Basic_Health
USR_071924,Basic_Health
USR_071925,Health_Dental_Vision
USR_071926,Basic_Health
USR_071927,Health_Dental_Vision
USR_071928,Health_Dental_Vision
USR_071929,Basic_Health
USR_071930,Basic_Health
USR_071931,Basic_Health
USR_071932,Basic_Health
USR_071933,Health_Dental_Vision
USR_071934,Basic_Health
USR_071935,Health_Dental_Vision
USR_071936,Basic_Health
USR_071937,Basic_Health
USR_071938,Basic_Health
USR_071939,Basic_Health
USR_071940,Basic_Health
USR_071941,Basic_Health
USR_071942,Basic_Health
USR_071943,Auto_Comprehensive
USR_071944,Basic_Health
USR_071945,Basic_Health
USR_071946,Basic_Health
USR_071947,Basic_Health
USR_071948,Basic_Health
USR_071949,Basic_Health
USR_071950,Basic_Health
USR_071951,Health_Dental_Vision
USR_071952,Health_Dental_Vision
USR_071953,Basic_Health
USR_071954,Basic_Health
USR_071955,Basic_Health
USR_071956,Basic_Health
USR_071957,Basic_Health
USR_071958,Health_Dental_Vision
USR_071959,Basic_Health
USR_071960,Basic_Health
USR_071961,Family_Comprehensive
USR_071962,Home_Standard
USR_071963,Basic_Health
USR_071964,Family_Comprehensive
USR_071965,Basic_Health
USR_071966,Health_Dental_Vision
USR_071967,Basic_Health
USR_071968,Basic_Health
USR_071969,Basic_Health
USR_071970,Health_Dental_Vision
USR_071971,Basic_Health
USR_071972,Basic_Health
USR_071973,Basic_Health
USR_071974,Premium_Health_Life
USR_071975,Auto_Liability_Basic
USR_071976,Basic_Health
USR_071977,Basic_Health
USR_071978,Health_Dental_Vision
USR_071979,Basic_Health
USR_071980,Basic_Health
USR_071981,Basic_Health
USR_071982,Basic_Health
USR_071983,Basic_Health
USR_071984,Basic_Health
USR_071985,Basic_Health
USR_071986,Premium_Health_Life
USR_071987,Basic_Health
USR_071988,Family_Comprehensive
USR_071989,Basic_Health
USR_071990,Basic_Health
USR_071991,Basic_Health
USR_071992,Basic_Health
USR_071993,Basic_Health
USR_071994,Basic_Health
USR_071995,Premium_Health_Life
USR_071996,Family_Comprehensive
USR_071997,Family_Comprehensive
USR_071998,Basic_Health
USR_071999,Basic_Health
USR_072000,Basic_Health
USR_072001,Health_Dental_Vision
USR_072002,Basic_Health
USR_072003,Basic_Health
USR_072004,Health_Dental_Vision
USR_072005,Basic_Health
USR_072006,Basic_Health
USR_072007,Basic_Health
USR_072008,Health_Dental_Vision
USR_072009,Health_Dental_Vision
USR_072010,Basic_Health
USR_072011,Basic_Health
USR_072012,Home_Standard
USR_072013,Health_Dental_Vision
USR_072014,Basic_Health
USR_072015,Health_Dental_Vision
USR_072016,Basic_Health
USR_072017,Basic_Health
USR_072018,Auto_Liability_Basic
USR_072019,Health_Dental_Vision
USR_072020,Family_Comprehensive
USR_072021,Basic_Health
USR_072022,Basic_Health
USR_072023,Family_Comprehensive
USR_072024,Health_Dental_Vision
USR_072025,Basic_Health
USR_072026,Basic_Health
USR_072027,Basic_Health
USR_072028,Basic_Health
USR_072029,Basic_Health
USR_072030,Basic_Health
USR_072031,Basic_Health
USR_072032,Premium_Health_Life
USR_072033,Basic_Health
USR_072034,Health_Dental_Vision
USR_072035,Basic_Health
USR_072036,Basic_Health
USR_072037,Health_Dental_Vision
USR_072038,Basic_Health
USR_072039,Health_Dental_Vision
USR_072040,Family_Comprehensive
USR_072041,Basic_Health
USR_072042,Basic_Health
USR_072043,Basic_Health
USR_072044,Auto_Liability_Basic
USR_072045,Family_Comprehensive
USR_072046,Home_Standard
USR_072047,Basic_Health
USR_072048,Auto_Liability_Basic
USR_072049,Basic_Health
USR_072050,Basic_Health
USR_072051,Health_Dental_Vision
USR_072052,Basic_Health
USR_072053,Basic_Health
USR_072054,Basic_Health
USR_072055,Auto_Liability_Basic
USR_072056,Health_Dental_Vision
USR_072057,Basic_Health
USR_072058,Family_Comprehensive
USR_072059,Health_Dental_Vision
USR_072060,Health_Dental_Vision
USR_072061,Basic_Health
USR_072062,Basic_Health
USR_072063,Basic_Health
USR_072064,Health_Dental_Vision
USR_072065,Health_Dental_Vision
USR_072066,Health_Dental_Vision
USR_072067,Health_Dental_Vision
USR_072068,Family_Comprehensive
USR_072069,Health_Dental_Vision
USR_072070,Basic_Health
USR_072071,Basic_Health
USR_072072,Basic_Health
USR_072073,Basic_Health
USR_072074,Health_Dental_Vision
USR_072075,Basic_Health
USR_072076,Basic_Health
USR_072077,Basic_Health
USR_072078,Basic_Health
USR_072079,Health_Dental_Vision
USR_072080,Health_Dental_Vision
USR_072081,Basic_Health
USR_072082,Basic_Health
USR_072083,Health_Dental_Vision
USR_072084,Basic_Health
USR_072085,Basic_Health
USR_072086,Basic_Health
USR_072087,Health_Dental_Vision
USR_072088,Basic_Health
USR_072089,Health_Dental_Vision
USR_072090,Auto_Liability_Basic
USR_072091,Health_Dental_Vision
USR_072092,Basic_Health
USR_072093,Basic_Health
USR_072094,Basic_Health
USR_072095,Basic_Health
USR_072096,Basic_Health
USR_072097,Basic_Health
USR_072098,Health_Dental_Vision
USR_072099,Health_Dental_Vision
USR_072100,Basic_Health
USR_072101,Basic_Health
USR_072102,Basic_Health
USR_072103,Health_Dental_Vision
USR_072104,Health_Dental_Vision
USR_072105,Basic_Health
USR_072106,Basic_Health
USR_072107,Health_Dental_Vision
USR_072108,Family_Comprehensive
USR_072109,Basic_Health
USR_072110,Basic_Health
USR_072111,Basic_Health
USR_072112,Basic_Health
USR_072113,Auto_Liability_Basic
USR_072114,Basic_Health
USR_072115,Health_Dental_Vision
USR_072116,Auto_Comprehensive
USR_072117,Basic_Health
USR_072118,Basic_Health
USR_072119,Auto_Liability_Basic
USR_072120,Auto_Liability_Basic
USR_072121,Basic_Health
USR_072122,Basic_Health
USR_072123,Basic_Health
USR_072124,Basic_Health
USR_072125,Basic_Health
USR_072126,Auto_Liability_Basic
USR_072127,Basic_Health
USR_072128,Health_Dental_Vision
USR_072129,Health_Dental_Vision
USR_072130,Auto_Liability_Basic
USR_072131,Basic_Health
USR_072132,Basic_Health
USR_072133,Basic_Health
USR_072134,Health_Dental_Vision
USR_072135,Basic_Health
USR_072136,Basic_Health
USR_072137,Basic_Health
USR_072138,Basic_Health
USR_072139,Auto_Liability_Basic
USR_072140,Basic_Health
USR_072141,Basic_Health
USR_072142,Health_Dental_Vision
USR_072143,Basic_Health
USR_072144,Basic_Health
USR_072145,Health_Dental_Vision
USR_072146,Basic_Health
USR_072147,Basic_Health
USR_072148,Basic_Health
USR_072149,Health_Dental_Vision
USR_072150,Basic_Health
USR_072151,Basic_Health
USR_072152,Basic_Health
USR_072153,Basic_Health
USR_072154,Basic_Health
USR_072155,Health_Dental_Vision
USR_072156,Basic_Health
USR_072157,Health_Dental_Vision
USR_072158,Basic_Health
USR_072159,Health_Dental_Vision
USR_072160,Basic_Health
USR_072161,Auto_Liability_Basic
USR_072162,Basic_Health
USR_072163,Basic_Health
USR_072164,Basic_Health
USR_072165,Health_Dental_Vision
USR_072166,Family_Comprehensive
USR_072167,Basic_Health
USR_072168,Auto_Liability_Basic
USR_072169,Basic_Health
USR_072170,Basic_Health
USR_072171,Basic_Health
USR_072172,Family_Comprehensive
USR_072173,Basic_Health
USR_072174,Home_Standard
USR_072175,Basic_Health
USR_072176,Basic_Health
USR_072177,Basic_Health
USR_072178,Premium_Health_Life
USR_072179,Home_Standard
USR_072180,Auto_Liability_Basic
USR_072181,Basic_Health
USR_072182,Health_Dental_Vision
USR_072183,Basic_Health
USR_072184,Basic_Health
USR_072185,Basic_Health
USR_072186,Family_Comprehensive
USR_072187,Health_Dental_Vision
USR_072188,Basic_Health
USR_072189,Basic_Health
USR_072190,Basic_Health
USR_072191,Basic_Health
USR_072192,Basic_Health
USR_072193,Basic_Health
USR_072194,Basic_Health
USR_072195,Basic_Health
USR_072196,Basic_Health
USR_072197,Basic_Health
USR_072198,Basic_Health
USR_072199,Basic_Health
USR_072200,Basic_Health
USR_072201,Health_Dental_Vision
USR_072202,Basic_Health
USR_072203,Basic_Health
USR_072204,Health_Dental_Vision
USR_072205,Basic_Health
USR_072206,Health_Dental_Vision
USR_072207,Basic_Health
USR_072208,Basic_Health
USR_072209,Basic_Health
USR_072210,Basic_Health
USR_072211,Basic_Health
USR_072212,Basic_Health
USR_072213,Health_Dental_Vision
USR_072214,Basic_Health
USR_072215,Health_Dental_Vision
USR_072216,Health_Dental_Vision
USR_072217,Basic_Health
USR_072218,Health_Dental_Vision
USR_072219,Basic_Health
USR_072220,Basic_Health
USR_072221,Health_Dental_Vision
USR_072222,Basic_Health
USR_072223,Basic_Health
USR_072224,Basic_Health
USR_072225,Home_Premium
USR_072226,Auto_Liability_Basic
USR_072227,Basic_Health
USR_072228,Auto_Liability_Basic
USR_072229,Basic_Health
USR_072230,Health_Dental_Vision
USR_072231,Basic_Health
USR_072232,Basic_Health
USR_072233,Premium_Health_Life
USR_072234,Basic_Health
USR_072235,Basic_Health
USR_072236,Basic_Health
USR_072237,Health_Dental_Vision
USR_072238,Basic_Health
USR_072239,Basic_Health
USR_072240,Basic_Health
USR_072241,Basic_Health
USR_072242,Basic_Health
USR_072243,Basic_Health
USR_072244,Basic_Health
USR_072245,Health_Dental_Vision
USR_072246,Basic_Health
USR_072247,Basic_Health
USR_072248,Basic_Health
USR_072249,Basic_Health
USR_072250,Basic_Health
USR_072251,Basic_Health
USR_072252,Basic_Health
USR_072253,Health_Dental_Vision
USR_072254,Auto_Liability_Basic
USR_072255,Family_Comprehensive
USR_072256,Basic_Health
USR_072257,Basic_Health
USR_072258,Basic_Health
USR_072259,Basic_Health
USR_072260,Basic_Health
USR_072261,Family_Comprehensive
USR_072262,Home_Premium
USR_072263,Basic_Health
USR_072264,Health_Dental_Vision
USR_072265,Basic_Health
USR_072266,Health_Dental_Vision
USR_072267,Basic_Health
USR_072268,Basic_Health
USR_072269,Basic_Health
USR_072270,Health_Dental_Vision
USR_072271,Basic_Health
USR_072272,Basic_Health
USR_072273,Basic_Health
USR_072274,Basic_Health
USR_072275,Basic_Health
USR_072276,Basic_Health
USR_072277,Basic_Health
USR_072278,Basic_Health
USR_072279,Basic_Health
USR_072280,Auto_Liability_Basic
USR_072281,Basic_Health
USR_072282,Basic_Health
USR_072283,Basic_Health
USR_072284,Health_Dental_Vision
USR_072285,Basic_Health
USR_072286,Basic_Health
USR_072287,Basic_Health
USR_072288,Basic_Health
USR_072289,Basic_Health
USR_072290,Basic_Health
USR_072291,Basic_Health
USR_072292,Basic_Health
USR_072293,Family_Comprehensive
USR_072294,Basic_Health
USR_072295,Health_Dental_Vision
USR_072296,Basic_Health
USR_072297,Basic_Health
USR_072298,Family_Comprehensive
USR_072299,Basic_Health
USR_072300,Health_Dental_Vision
USR_072301,Basic_Health
USR_072302,Basic_Health
USR_072303,Auto_Liability_Basic
USR_072304,Health_Dental_Vision
USR_072305,Basic_Health
USR_072306,Health_Dental_Vision
USR_072307,Basic_Health
USR_072308,Family_Comprehensive
USR_072309,Basic_Health
USR_072310,Basic_Health
USR_072311,Basic_Health
USR_072312,Auto_Liability_Basic
USR_072313,Basic_Health
USR_072314,Health_Dental_Vision
USR_072315,Basic_Health
USR_072316,Basic_Health
USR_072317,Basic_Health
USR_072318,Basic_Health
USR_072319,Auto_Comprehensive
USR_072320,Basic_Health
USR_072321,Basic_Health
USR_072322,Health_Dental_Vision
USR_072323,Family_Comprehensive
USR_072324,Basic_Health
USR_072325,Health_Dental_Vision
USR_072326,Basic_Health
USR_072327,Basic_Health
USR_072328,Auto_Liability_Basic
USR_072329,Auto_Liability_Basic
USR_072330,Basic_Health
USR_072331,Auto_Liability_Basic
USR_072332,Basic_Health
USR_072333,Family_Comprehensive
USR_072334,Basic_Health
USR_072335,Basic_Health
USR_072336,Basic_Health
USR_072337,Family_Comprehensive
USR_072338,Basic_Health
USR_072339,Basic_Health
USR_072340,Basic_Health
USR_072341,Basic_Health
USR_072342,Basic_Health
USR_072343,Basic_Health
USR_072344,Basic_Health
USR_072345,Basic_Health
USR_072346,Basic_Health
USR_072347,Basic_Health
USR_072348,Basic_Health
USR_072349,Basic_Health
USR_072350,Health_Dental_Vision
USR_072351,Health_Dental_Vision
USR_072352,Basic_Health
USR_072353,Basic_Health
USR_072354,Premium_Health_Life
USR_072355,Basic_Health
USR_072356,Basic_Health
USR_072357,Basic_Health
USR_072358,Basic_Health
USR_072359,Family_Comprehensive
USR_072360,Basic_Health
USR_072361,Health_Dental_Vision
USR_072362,Basic_Health
USR_072363,Basic_Health
USR_072364,Basic_Health
USR_072365,Health_Dental_Vision
USR_072366,Basic_Health
USR_072367,Health_Dental_Vision
USR_072368,Basic_Health
USR_072369,Basic_Health
USR_072370,Health_Dental_Vision
USR_072371,Basic_Health
USR_072372,Basic_Health
USR_072373,Basic_Health
USR_072374,Basic_Health
USR_072375,Basic_Health
USR_072376,Basic_Health
USR_072377,Basic_Health
USR_072378,Premium_Health_Life
USR_072379,Health_Dental_Vision
USR_072380,Basic_Health
USR_072381,Basic_Health
USR_072382,Health_Dental_Vision
USR_072383,Health_Dental_Vision
USR_072384,Basic_Health
USR_072385,Health_Dental_Vision
USR_072386,Basic_Health
USR_072387,Basic_Health
USR_072388,Basic_Health
USR_072389,Health_Dental_Vision
USR_072390,Health_Dental_Vision
USR_072391,Basic_Health
USR_072392,Basic_Health
USR_072393,Basic_Health
USR_072394,Auto_Liability_Basic
USR_072395,Basic_Health
USR_072396,Basic_Health
USR_072397,Auto_Liability_Basic
USR_072398,Health_Dental_Vision
USR_072399,Family_Comprehensive
USR_072400,Basic_Health
USR_072401,Health_Dental_Vision
USR_072402,Basic_Health
USR_072403,Health_Dental_Vision
USR_072404,Basic_Health
USR_072405,Health_Dental_Vision
USR_072406,Basic_Health
USR_072407,Health_Dental_Vision
USR_072408,Basic_Health
USR_072409,Basic_Health
USR_072410,Basic_Health
USR_072411,Basic_Health
USR_072412,Health_Dental_Vision
USR_072413,Home_Standard
USR_072414,Basic_Health
USR_072415,Basic_Health
USR_072416,Health_Dental_Vision
USR_072417,Basic_Health
USR_072418,Basic_Health
USR_072419,Basic_Health
USR_072420,Health_Dental_Vision
USR_072421,Basic_Health
USR_072422,Health_Dental_Vision
USR_072423,Basic_Health
USR_072424,Auto_Liability_Basic
USR_072425,Basic_Health
USR_072426,Health_Dental_Vision
USR_072427,Basic_Health
USR_072428,Health_Dental_Vision
USR_072429,Basic_Health
USR_072430,Basic_Health
USR_072431,Basic_Health
USR_072432,Family_Comprehensive
USR_072433,Basic_Health
USR_072434,Basic_Health
USR_072435,Basic_Health
USR_072436,Basic_Health
USR_072437,Family_Comprehensive
USR_072438,Auto_Liability_Basic
USR_072439,Basic_Health
USR_072440,Auto_Comprehensive
USR_072441,Basic_Health
USR_072442,Auto_Liability_Basic
USR_072443,Home_Standard
USR_072444,Family_Comprehensive
USR_072445,Basic_Health
USR_072446,Home_Standard
USR_072447,Basic_Health
USR_072448,Health_Dental_Vision
USR_072449,Basic_Health
USR_072450,Basic_Health
USR_072451,Basic_Health
USR_072452,Basic_Health
USR_072453,Family_Comprehensive
USR_072454,Basic_Health
USR_072455,Family_Comprehensive
USR_072456,Basic_Health
USR_072457,Basic_Health
USR_072458,Family_Comprehensive
USR_072459,Basic_Health
USR_072460,Basic_Health
USR_072461,Family_Comprehensive
USR_072462,Basic_Health
USR_072463,Health_Dental_Vision
USR_072464,Basic_Health
USR_072465,Basic_Health
USR_072466,Basic_Health
USR_072467,Basic_Health
USR_072468,Basic_Health
USR_072469,Basic_Health
USR_072470,Health_Dental_Vision
USR_072471,Basic_Health
USR_072472,Basic_Health
USR_072473,Basic_Health
USR_072474,Basic_Health
USR_072475,Basic_Health
USR_072476,Basic_Health
USR_072477,Basic_Health
USR_072478,Basic_Health
USR_072479,Basic_Health
USR_072480,Health_Dental_Vision
USR_072481,Basic_Health
USR_072482,Basic_Health
USR_072483,Basic_Health
USR_072484,Basic_Health
USR_072485,Basic_Health
USR_072486,Health_Dental_Vision
USR_072487,Home_Premium
USR_072488,Health_Dental_Vision
USR_072489,Basic_Health
USR_072490,Family_Comprehensive
USR_072491,Basic_Health
USR_072492,Basic_Health
USR_072493,Auto_Liability_Basic
USR_072494,Basic_Health
USR_072495,Basic_Health
USR_072496,Basic_Health
USR_072497,Health_Dental_Vision
USR_072498,Basic_Health
USR_072499,Basic_Health
USR_072500,Basic_Health
USR_072501,Basic_Health
USR_072502,Health_Dental_Vision
USR_072503,Auto_Liability_Basic
USR_072504,Basic_Health
USR_072505,Family_Comprehensive
USR_072506,Basic_Health
USR_072507,Health_Dental_Vision
USR_072508,Auto_Liability_Basic
USR_072509,Basic_Health
USR_072510,Basic_Health
USR_072511,Basic_Health
USR_072512,Health_Dental_Vision
USR_072513,Health_Dental_Vision
USR_072514,Basic_Health
USR_072515,Health_Dental_Vision
USR_072516,Home_Standard
USR_072517,Home_Premium
USR_072518,Basic_Health
USR_072519,Basic_Health
USR_072520,Basic_Health
USR_072521,Basic_Health
USR_072522,Basic_Health
USR_072523,Health_Dental_Vision
USR_072524,Health_Dental_Vision
USR_072525,Basic_Health
USR_072526,Basic_Health
USR_072527,Family_Comprehensive
USR_072528,Auto_Liability_Basic
USR_072529,Basic_Health
USR_072530,Basic_Health
USR_072531,Health_Dental_Vision
USR_072532,Basic_Health
USR_072533,Basic_Health
USR_072534,Basic_Health
USR_072535,Basic_Health
USR_072536,Family_Comprehensive
USR_072537,Health_Dental_Vision
USR_072538,Basic_Health
USR_072539,Basic_Health
USR_072540,Basic_Health
USR_072541,Basic_Health
USR_072542,Basic_Health
USR_072543,Basic_Health
USR_072544,Health_Dental_Vision
USR_072545,Basic_Health
USR_072546,Basic_Health
USR_072547,Health_Dental_Vision
USR_072548,Basic_Health
USR_072549,Basic_Health
USR_072550,Basic_Health
USR_072551,Auto_Liability_Basic
USR_072552,Basic_Health
USR_072553,Basic_Health
USR_072554,Health_Dental_Vision
USR_072555,Basic_Health
USR_072556,Basic_Health
USR_072557,Basic_Health
USR_072558,Health_Dental_Vision
USR_072559,Basic_Health
USR_072560,Basic_Health
USR_072561,Basic_Health
USR_072562,Basic_Health
USR_072563,Health_Dental_Vision
USR_072564,Health_Dental_Vision
USR_072565,Health_Dental_Vision
USR_072566,Basic_Health
USR_072567,Family_Comprehensive
USR_072568,Health_Dental_Vision
USR_072569,Premium_Health_Life
USR_072570,Basic_Health
USR_072571,Health_Dental_Vision
USR_072572,Basic_Health
USR_072573,Family_Comprehensive
USR_072574,Health_Dental_Vision
USR_072575,Basic_Health
USR_072576,Basic_Health
USR_072577,Health_Dental_Vision
USR_072578,Health_Dental_Vision
USR_072579,Basic_Health
USR_072580,Basic_Health
USR_072581,Health_Dental_Vision
USR_072582,Basic_Health
USR_072583,Health_Dental_Vision
USR_072584,Basic_Health
USR_072585,Basic_Health
USR_072586,Basic_Health
USR_072587,Basic_Health
USR_072588,Basic_Health
USR_072589,Health_Dental_Vision
USR_072590,Health_Dental_Vision
USR_072591,Basic_Health
USR_072592,Basic_Health
USR_072593,Auto_Liability_Basic
USR_072594,Basic_Health
USR_072595,Basic_Health
USR_072596,Auto_Liability_Basic
USR_072597,Basic_Health
USR_072598,Basic_Health
USR_072599,Basic_Health
USR_072600,Basic_Health
USR_072601,Basic_Health
USR_072602,Basic_Health
USR_072603,Basic_Health
USR_072604,Basic_Health
USR_072605,Basic_Health
USR_072606,Basic_Health
USR_072607,Basic_Health
USR_072608,Health_Dental_Vision
USR_072609,Health_Dental_Vision
USR_072610,Basic_Health
USR_072611,Basic_Health
USR_072612,Basic_Health
USR_072613,Health_Dental_Vision
USR_072614,Basic_Health
USR_072615,Health_Dental_Vision
USR_072616,Basic_Health
USR_072617,Family_Comprehensive
USR_072618,Health_Dental_Vision
USR_072619,Basic_Health
USR_072620,Basic_Health
USR_072621,Health_Dental_Vision
USR_072622,Basic_Health
USR_072623,Auto_Liability_Basic
USR_072624,Basic_Health
USR_072625,Basic_Health
USR_072626,Basic_Health
USR_072627,Basic_Health
USR_072628,Basic_Health
USR_072629,Family_Comprehensive
USR_072630,Basic_Health
USR_072631,Health_Dental_Vision
USR_072632,Basic_Health
USR_072633,Basic_Health
USR_072634,Basic_Health
USR_072635,Basic_Health
USR_072636,Basic_Health
USR_072637,Basic_Health
USR_072638,Basic_Health
USR_072639,Basic_Health
USR_072640,Basic_Health
USR_072641,Premium_Health_Life
USR_072642,Basic_Health
USR_072643,Basic_Health
USR_072644,Health_Dental_Vision
USR_072645,Basic_Health
USR_072646,Health_Dental_Vision
USR_072647,Basic_Health
USR_072648,Health_Dental_Vision
USR_072649,Basic_Health
USR_072650,Basic_Health
USR_072651,Health_Dental_Vision
USR_072652,Basic_Health
USR_072653,Basic_Health
USR_072654,Basic_Health
USR_072655,Basic_Health
USR_072656,Health_Dental_Vision
USR_072657,Family_Comprehensive
USR_072658,Basic_Health
USR_072659,Basic_Health
USR_072660,Basic_Health
USR_072661,Family_Comprehensive
USR_072662,Health_Dental_Vision
USR_072663,Basic_Health
USR_072664,Basic_Health
USR_072665,Basic_Health
USR_072666,Basic_Health
USR_072667,Basic_Health
USR_072668,Health_Dental_Vision
USR_072669,Basic_Health
USR_072670,Health_Dental_Vision
USR_072671,Basic_Health
USR_072672,Basic_Health
USR_072673,Health_Dental_Vision
USR_072674,Basic_Health
USR_072675,Basic_Health
USR_072676,Basic_Health
USR_072677,Auto_Liability_Basic
USR_072678,Auto_Liability_Basic
USR_072679,Basic_Health
USR_072680,Health_Dental_Vision
USR_072681,Basic_Health
USR_072682,Basic_Health
USR_072683,Basic_Health
USR_072684,Basic_Health
USR_072685,Basic_Health
USR_072686,Health_Dental_Vision
USR_072687,Basic_Health
USR_072688,Health_Dental_Vision
USR_072689,Health_Dental_Vision
USR_072690,Auto_Liability_Basic
USR_072691,Basic_Health
USR_072692,Basic_Health
USR_072693,Basic_Health
USR_072694,Health_Dental_Vision
USR_072695,Basic_Health
USR_072696,Basic_Health
USR_072697,Basic_Health
USR_072698,Basic_Health
USR_072699,Auto_Comprehensive
USR_072700,Basic_Health
USR_072701,Health_Dental_Vision
USR_072702,Basic_Health
USR_072703,Auto_Liability_Basic
USR_072704,Basic_Health
USR_072705,Family_Comprehensive
USR_072706,Premium_Health_Life
USR_072707,Basic_Health
USR_072708,Basic_Health
USR_072709,Basic_Health
USR_072710,Health_Dental_Vision
USR_072711,Basic_Health
USR_072712,Basic_Health
USR_072713,Health_Dental_Vision
USR_072714,Basic_Health
USR_072715,Basic_Health
USR_072716,Basic_Health
USR_072717,Auto_Liability_Basic
USR_072718,Health_Dental_Vision
USR_072719,Basic_Health
USR_072720,Basic_Health
USR_072721,Basic_Health
USR_072722,Basic_Health
USR_072723,Basic_Health
USR_072724,Health_Dental_Vision
USR_072725,Basic_Health
USR_072726,Basic_Health
USR_072727,Basic_Health
USR_072728,Basic_Health
USR_072729,Basic_Health
USR_072730,Basic_Health
USR_072731,Home_Premium
USR_072732,Health_Dental_Vision
USR_072733,Health_Dental_Vision
USR_072734,Health_Dental_Vision
USR_072735,Basic_Health
USR_072736,Basic_Health
USR_072737,Basic_Health
USR_072738,Basic_Health
USR_072739,Health_Dental_Vision
USR_072740,Basic_Health
USR_072741,Basic_Health
USR_072742,Basic_Health
USR_072743,Basic_Health
USR_072744,Basic_Health
USR_072745,Basic_Health
USR_072746,Basic_Health
USR_072747,Family_Comprehensive
USR_072748,Health_Dental_Vision
USR_072749,Basic_Health
USR_072750,Basic_Health
USR_072751,Family_Comprehensive
USR_072752,Basic_Health
USR_072753,Basic_Health
USR_072754,Health_Dental_Vision
USR_072755,Basic_Health
USR_072756,Basic_Health
USR_072757,Basic_Health
USR_072758,Basic_Health
USR_072759,Basic_Health
USR_072760,Basic_Health
USR_072761,Basic_Health
USR_072762,Basic_Health
USR_072763,Basic_Health
USR_072764,Auto_Comprehensive
USR_072765,Basic_Health
USR_072766,Basic_Health
USR_072767,Basic_Health
USR_072768,Basic_Health
USR_072769,Basic_Health
USR_072770,Health_Dental_Vision
USR_072771,Health_Dental_Vision
USR_072772,Basic_Health
USR_072773,Basic_Health
USR_072774,Basic_Health
USR_072775,Basic_Health
USR_072776,Basic_Health
USR_072777,Basic_Health
USR_072778,Basic_Health
USR_072779,Health_Dental_Vision
USR_072780,Basic_Health
USR_072781,Basic_Health
USR_072782,Basic_Health
USR_072783,Basic_Health
USR_072784,Basic_Health
USR_072785,Basic_Health
USR_072786,Basic_Health
USR_072787,Family_Comprehensive
USR_072788,Basic_Health
USR_072789,Premium_Health_Life
USR_072790,Basic_Health
USR_072791,Basic_Health
USR_072792,Basic_Health
USR_072793,Health_Dental_Vision
USR_072794,Health_Dental_Vision
USR_072795,Basic_Health
USR_072796,Auto_Liability_Basic
USR_072797,Basic_Health
USR_072798,Basic_Health
USR_072799,Basic_Health
USR_072800,Basic_Health
USR_072801,Health_Dental_Vision
USR_072802,Basic_Health
USR_072803,Basic_Health
USR_072804,Basic_Health
USR_072805,Basic_Health
USR_072806,Auto_Liability_Basic
USR_072807,Basic_Health
USR_072808,Basic_Health
USR_072809,Basic_Health
USR_072810,Basic_Health
USR_072811,Basic_Health
USR_072812,Basic_Health
USR_072813,Basic_Health
USR_072814,Basic_Health
USR_072815,Premium_Health_Life
USR_072816,Basic_Health
USR_072817,Basic_Health
USR_072818,Basic_Health
USR_072819,Basic_Health
USR_072820,Basic_Health
USR_072821,Basic_Health
USR_072822,Basic_Health
USR_072823,Auto_Liability_Basic
USR_072824,Basic_Health
USR_072825,Basic_Health
USR_072826,Auto_Liability_Basic
USR_072827,Health_Dental_Vision
USR_072828,Basic_Health
USR_072829,Health_Dental_Vision
USR_072830,Family_Comprehensive
USR_072831,Health_Dental_Vision
USR_072832,Health_Dental_Vision
USR_072833,Basic_Health
USR_072834,Family_Comprehensive
USR_072835,Basic_Health
USR_072836,Basic_Health
USR_072837,Basic_Health
USR_072838,Basic_Health
USR_072839,Basic_Health
USR_072840,Basic_Health
USR_072841,Basic_Health
USR_072842,Basic_Health
USR_072843,Basic_Health
USR_072844,Auto_Liability_Basic
USR_072845,Auto_Liability_Basic
USR_072846,Auto_Liability_Basic
USR_072847,Basic_Health
USR_072848,Basic_Health
USR_072849,Family_Comprehensive
USR_072850,Basic_Health
USR_072851,Home_Standard
USR_072852,Basic_Health
USR_072853,Basic_Health
USR_072854,Basic_Health
USR_072855,Basic_Health
USR_072856,Basic_Health
USR_072857,Basic_Health
USR_072858,Premium_Health_Life
USR_072859,Health_Dental_Vision
USR_072860,Basic_Health
USR_072861,Health_Dental_Vision
USR_072862,Basic_Health
USR_072863,Basic_Health
USR_072864,Basic_Health
USR_072865,Basic_Health
USR_072866,Basic_Health
USR_072867,Basic_Health
USR_072868,Basic_Health
USR_072869,Health_Dental_Vision
USR_072870,Basic_Health
USR_072871,Health_Dental_Vision
USR_072872,Basic_Health
USR_072873,Basic_Health
USR_072874,Basic_Health
USR_072875,Basic_Health
USR_072876,Basic_Health
USR_072877,Basic_Health
USR_072878,Basic_Health
USR_072879,Basic_Health
USR_072880,Basic_Health
USR_072881,Basic_Health
USR_072882,Basic_Health
USR_072883,Basic_Health
USR_072884,Basic_Health
USR_072885,Premium_Health_Life
USR_072886,Basic_Health
USR_072887,Health_Dental_Vision
USR_072888,Basic_Health
USR_072889,Basic_Health
USR_072890,Basic_Health
USR_072891,Basic_Health
USR_072892,Basic_Health
USR_072893,Basic_Health
USR_072894,Basic_Health
USR_072895,Basic_Health
USR_072896,Basic_Health
USR_072897,Basic_Health
USR_072898,Basic_Health
USR_072899,Basic_Health
USR_072900,Auto_Liability_Basic
USR_072901,Basic_Health
USR_072902,Auto_Liability_Basic
USR_072903,Basic_Health
USR_072904,Health_Dental_Vision
USR_072905,Basic_Health
USR_072906,Basic_Health
USR_072907,Basic_Health
USR_072908,Basic_Health
USR_072909,Basic_Health
USR_072910,Basic_Health
USR_072911,Health_Dental_Vision
USR_072912,Health_Dental_Vision
USR_072913,Basic_Health
USR_072914,Basic_Health
USR_072915,Basic_Health
USR_072916,Health_Dental_Vision
USR_072917,Basic_Health
USR_072918,Basic_Health
USR_072919,Basic_Health
USR_072920,Health_Dental_Vision
USR_072921,Basic_Health
USR_072922,Basic_Health
USR_072923,Basic_Health
USR_072924,Health_Dental_Vision
USR_072925,Basic_Health
USR_072926,Basic_Health
USR_072927,Basic_Health
USR_072928,Health_Dental_Vision
USR_072929,Basic_Health
USR_072930,Basic_Health
USR_072931,Basic_Health
USR_072932,Basic_Health
USR_072933,Basic_Health
USR_072934,Health_Dental_Vision
USR_072935,Basic_Health
USR_072936,Basic_Health
USR_072937,Basic_Health
USR_072938,Basic_Health
USR_072939,Family_Comprehensive
USR_072940,Basic_Health
USR_072941,Health_Dental_Vision
USR_072942,Basic_Health
USR_072943,Basic_Health
USR_072944,Basic_Health
USR_072945,Basic_Health
USR_072946,Basic_Health
USR_072947,Home_Standard
USR_072948,Basic_Health
USR_072949,Auto_Liability_Basic
USR_072950,Basic_Health
USR_072951,Basic_Health
USR_072952,Health_Dental_Vision
USR_072953,Basic_Health
USR_072954,Family_Comprehensive
USR_072955,Basic_Health
USR_072956,Basic_Health
USR_072957,Basic_Health
USR_072958,Basic_Health
USR_072959,Basic_Health
USR_072960,Family_Comprehensive
USR_072961,Auto_Liability_Basic
USR_072962,Health_Dental_Vision
USR_072963,Basic_Health
USR_072964,Basic_Health
USR_072965,Basic_Health
USR_072966,Basic_Health
USR_072967,Basic_Health
USR_072968,Basic_Health
USR_072969,Basic_Health
USR_072970,Basic_Health
USR_072971,Basic_Health
USR_072972,Basic_Health
USR_072973,Health_Dental_Vision
USR_072974,Basic_Health
USR_072975,Basic_Health
USR_072976,Health_Dental_Vision
USR_072977,Basic_Health
USR_072978,Basic_Health
USR_072979,Home_Standard
USR_072980,Basic_Health
USR_072981,Basic_Health
USR_072982,Auto_Liability_Basic
USR_072983,Basic_Health
USR_072984,Basic_Health
USR_072985,Basic_Health
USR_072986,Health_Dental_Vision
USR_072987,Health_Dental_Vision
USR_072988,Basic_Health
USR_072989,Basic_Health
USR_072990,Family_Comprehensive
USR_072991,Family_Comprehensive
USR_072992,Basic_Health
USR_072993,Basic_Health
USR_072994,Basic_Health
USR_072995,Auto_Liability_Basic
USR_072996,Basic_Health
USR_072997,Basic_Health
USR_072998,Basic_Health
USR_072999,Auto_Liability_Basic
USR_073000,Basic_Health
USR_073001,Health_Dental_Vision
USR_073002,Basic_Health
USR_073003,Basic_Health
USR_073004,Basic_Health
USR_073005,Basic_Health
USR_073006,Basic_Health
USR_073007,Basic_Health
USR_073008,Basic_Health
USR_073009,Basic_Health
USR_073010,Basic_Health
USR_073011,Premium_Health_Life
USR_073012,Basic_Health
USR_073013,Basic_Health
USR_073014,Health_Dental_Vision
USR_073015,Health_Dental_Vision
USR_073016,Basic_Health
USR_073017,Basic_Health
USR_073018,Family_Comprehensive
USR_073019,Family_Comprehensive
USR_073020,Basic_Health
USR_073021,Basic_Health
USR_073022,Basic_Health
USR_073023,Basic_Health
USR_073024,Health_Dental_Vision
USR_073025,Basic_Health
USR_073026,Basic_Health
USR_073027,Family_Comprehensive
USR_073028,Basic_Health
USR_073029,Basic_Health
USR_073030,Basic_Health
USR_073031,Basic_Health
USR_073032,Basic_Health
USR_073033,Basic_Health
USR_073034,Basic_Health
USR_073035,Basic_Health
USR_073036,Basic_Health
USR_073037,Basic_Health
USR_073038,Basic_Health
USR_073039,Basic_Health
USR_073040,Health_Dental_Vision
USR_073041,Health_Dental_Vision
USR_073042,Basic_Health
USR_073043,Home_Standard
USR_073044,Basic_Health
USR_073045,Basic_Health
USR_073046,Family_Comprehensive
USR_073047,Basic_Health
USR_073048,Health_Dental_Vision
USR_073049,Basic_Health
USR_073050,Basic_Health
USR_073051,Health_Dental_Vision
USR_073052,Basic_Health
USR_073053,Family_Comprehensive
USR_073054,Health_Dental_Vision
USR_073055,Basic_Health
USR_073056,Basic_Health
USR_073057,Basic_Health
USR_073058,Basic_Health
USR_073059,Health_Dental_Vision
USR_073060,Basic_Health
USR_073061,Basic_Health
USR_073062,Basic_Health
USR_073063,Home_Standard
USR_073064,Basic_Health
USR_073065,Basic_Health
USR_073066,Basic_Health
USR_073067,Basic_Health
USR_073068,Basic_Health
USR_073069,Basic_Health
USR_073070,Health_Dental_Vision
USR_073071,Basic_Health
USR_073072,Basic_Health
USR_073073,Basic_Health
USR_073074,Basic_Health
USR_073075,Health_Dental_Vision
USR_073076,Basic_Health
USR_073077,Auto_Liability_Basic
USR_073078,Basic_Health
USR_073079,Basic_Health
USR_073080,Basic_Health
USR_073081,Family_Comprehensive
USR_073082,Basic_Health
USR_073083,Health_Dental_Vision
USR_073084,Basic_Health
USR_073085,Basic_Health
USR_073086,Family_Comprehensive
USR_073087,Basic_Health
USR_073088,Health_Dental_Vision
USR_073089,Basic_Health
USR_073090,Basic_Health
USR_073091,Basic_Health
USR_073092,Auto_Liability_Basic
USR_073093,Basic_Health
USR_073094,Basic_Health
USR_073095,Basic_Health
USR_073096,Basic_Health
USR_073097,Health_Dental_Vision
USR_073098,Basic_Health
USR_073099,Basic_Health
USR_073100,Basic_Health
USR_073101,Basic_Health
USR_073102,Basic_Health
USR_073103,Basic_Health
USR_073104,Basic_Health
USR_073105,Basic_Health
USR_073106,Basic_Health
USR_073107,Basic_Health
USR_073108,Health_Dental_Vision
USR_073109,Basic_Health
USR_073110,Basic_Health
USR_073111,Basic_Health
USR_073112,Basic_Health
USR_073113,Family_Comprehensive
USR_073114,Health_Dental_Vision
USR_073115,Basic_Health
USR_073116,Basic_Health
USR_073117,Basic_Health
USR_073118,Basic_Health
USR_073119,Basic_Health
USR_073120,Home_Premium
USR_073121,Basic_Health
USR_073122,Basic_Health
USR_073123,Basic_Health
USR_073124,Basic_Health
USR_073125,Health_Dental_Vision
USR_073126,Basic_Health
USR_073127,Basic_Health
USR_073128,Premium_Health_Life
USR_073129,Health_Dental_Vision
USR_073130,Basic_Health
USR_073131,Basic_Health
USR_073132,Auto_Liability_Basic
USR_073133,Basic_Health
USR_073134,Health_Dental_Vision
USR_073135,Health_Dental_Vision
USR_073136,Basic_Health
USR_073137,Basic_Health
USR_073138,Basic_Health
USR_073139,Basic_Health
USR_073140,Basic_Health
USR_073141,Basic_Health
USR_073142,Basic_Health
USR_073143,Premium_Health_Life
USR_073144,Basic_Health
USR_073145,Basic_Health
USR_073146,Family_Comprehensive
USR_073147,Basic_Health
USR_073148,Basic_Health
USR_073149,Basic_Health
USR_073150,Auto_Comprehensive
USR_073151,Health_Dental_Vision
USR_073152,Basic_Health
USR_073153,Health_Dental_Vision
USR_073154,Basic_Health
USR_073155,Premium_Health_Life
USR_073156,Health_Dental_Vision
USR_073157,Health_Dental_Vision
USR_073158,Basic_Health
USR_073159,Auto_Liability_Basic
USR_073160,Basic_Health
USR_073161,Basic_Health
USR_073162,Basic_Health
USR_073163,Basic_Health
USR_073164,Basic_Health
USR_073165,Family_Comprehensive
USR_073166,Family_Comprehensive
USR_073167,Health_Dental_Vision
USR_073168,Basic_Health
USR_073169,Basic_Health
USR_073170,Auto_Liability_Basic
USR_073171,Health_Dental_Vision
USR_073172,Basic_Health
USR_073173,Basic_Health
USR_073174,Basic_Health
USR_073175,Basic_Health
USR_073176,Basic_Health
USR_073177,Basic_Health
USR_073178,Basic_Health
USR_073179,Basic_Health
USR_073180,Basic_Health
USR_073181,Basic_Health
USR_073182,Family_Comprehensive
USR_073183,Basic_Health
USR_073184,Basic_Health
USR_073185,Basic_Health
USR_073186,Family_Comprehensive
USR_073187,Health_Dental_Vision
USR_073188,Basic_Health
USR_073189,Basic_Health
USR_073190,Basic_Health
USR_073191,Auto_Liability_Basic
USR_073192,Basic_Health
USR_073193,Basic_Health
USR_073194,Basic_Health
USR_073195,Basic_Health
USR_073196,Basic_Health
USR_073197,Basic_Health
USR_073198,Health_Dental_Vision
USR_073199,Basic_Health
USR_073200,Basic_Health
USR_073201,Family_Comprehensive
USR_073202,Auto_Comprehensive
USR_073203,Basic_Health
USR_073204,Auto_Liability_Basic
USR_073205,Health_Dental_Vision
USR_073206,Health_Dental_Vision
USR_073207,Basic_Health
USR_073208,Health_Dental_Vision
USR_073209,Health_Dental_Vision
USR_073210,Basic_Health
USR_073211,Basic_Health
USR_073212,Basic_Health
USR_073213,Basic_Health
USR_073214,Health_Dental_Vision
USR_073215,Basic_Health
USR_073216,Basic_Health
USR_073217,Basic_Health
USR_073218,Basic_Health
USR_073219,Auto_Liability_Basic
USR_073220,Basic_Health
USR_073221,Basic_Health
USR_073222,Basic_Health
USR_073223,Basic_Health
USR_073224,Health_Dental_Vision
USR_073225,Health_Dental_Vision
USR_073226,Basic_Health
USR_073227,Basic_Health
USR_073228,Basic_Health
USR_073229,Health_Dental_Vision
USR_073230,Basic_Health
USR_073231,Basic_Health
USR_073232,Basic_Health
USR_073233,Health_Dental_Vision
USR_073234,Basic_Health
USR_073235,Basic_Health
USR_073236,Basic_Health
USR_073237,Basic_Health
USR_073238,Basic_Health
USR_073239,Basic_Health
USR_073240,Health_Dental_Vision
USR_073241,Family_Comprehensive
USR_073242,Basic_Health
USR_073243,Auto_Liability_Basic
USR_073244,Basic_Health
USR_073245,Basic_Health
USR_073246,Health_Dental_Vision
USR_073247,Basic_Health
USR_073248,Family_Comprehensive
USR_073249,Health_Dental_Vision
USR_073250,Basic_Health
USR_073251,Health_Dental_Vision
USR_073252,Basic_Health
USR_073253,Basic_Health
USR_073254,Basic_Health
USR_073255,Basic_Health
USR_073256,Basic_Health
USR_073257,Basic_Health
USR_073258,Health_Dental_Vision
USR_073259,Basic_Health
USR_073260,Health_Dental_Vision
USR_073261,Basic_Health
USR_073262,Basic_Health
USR_073263,Basic_Health
USR_073264,Basic_Health
USR_073265,Basic_Health
USR_073266,Basic_Health
USR_073267,Basic_Health
USR_073268,Health_Dental_Vision
USR_073269,Health_Dental_Vision
USR_073270,Basic_Health
USR_073271,Health_Dental_Vision
USR_073272,Basic_Health
USR_073273,Basic_Health
USR_073274,Basic_Health
USR_073275,Health_Dental_Vision
USR_073276,Basic_Health
USR_073277,Health_Dental_Vision
USR_073278,Basic_Health
USR_073279,Basic_Health
USR_073280,Family_Comprehensive
USR_073281,Basic_Health
USR_073282,Basic_Health
USR_073283,Basic_Health
USR_073284,Basic_Health
USR_073285,Basic_Health
USR_073286,Basic_Health
USR_073287,Basic_Health
USR_073288,Health_Dental_Vision
USR_073289,Family_Comprehensive
USR_073290,Basic_Health
USR_073291,Basic_Health
USR_073292,Basic_Health
USR_073293,Basic_Health
USR_073294,Basic_Health
USR_073295,Basic_Health
USR_073296,Basic_Health
USR_073297,Basic_Health
USR_073298,Health_Dental_Vision
USR_073299,Basic_Health
USR_073300,Basic_Health
USR_073301,Basic_Health
USR_073302,Basic_Health
USR_073303,Basic_Health
USR_073304,Basic_Health
USR_073305,Premium_Health_Life
USR_073306,Basic_Health
USR_073307,Basic_Health
USR_073308,Basic_Health
USR_073309,Family_Comprehensive
USR_073310,Health_Dental_Vision
USR_073311,Basic_Health
USR_073312,Health_Dental_Vision
USR_073313,Basic_Health
USR_073314,Basic_Health
USR_073315,Basic_Health
USR_073316,Basic_Health
USR_073317,Basic_Health
USR_073318,Basic_Health
USR_073319,Home_Premium
USR_073320,Basic_Health
USR_073321,Health_Dental_Vision
USR_073322,Basic_Health
USR_073323,Basic_Health
USR_073324,Basic_Health
USR_073325,Basic_Health
USR_073326,Health_Dental_Vision
USR_073327,Basic_Health
USR_073328,Basic_Health
USR_073329,Health_Dental_Vision
USR_073330,Basic_Health
USR_073331,Auto_Liability_Basic
USR_073332,Basic_Health
USR_073333,Basic_Health
USR_073334,Health_Dental_Vision
USR_073335,Health_Dental_Vision
USR_073336,Health_Dental_Vision
USR_073337,Basic_Health
USR_073338,Family_Comprehensive
USR_073339,Health_Dental_Vision
USR_073340,Basic_Health
USR_073341,Basic_Health
USR_073342,Basic_Health
USR_073343,Basic_Health
USR_073344,Basic_Health
USR_073345,Basic_Health
USR_073346,Family_Comprehensive
USR_073347,Basic_Health
USR_073348,Basic_Health
USR_073349,Basic_Health
USR_073350,Basic_Health
USR_073351,Family_Comprehensive
USR_073352,Basic_Health
USR_073353,Basic_Health
USR_073354,Basic_Health
USR_073355,Basic_Health
USR_073356,Auto_Liability_Basic
USR_073357,Basic_Health
USR_073358,Basic_Health
USR_073359,Basic_Health
USR_073360,Auto_Liability_Basic
USR_073361,Basic_Health
USR_073362,Basic_Health
USR_073363,Health_Dental_Vision
USR_073364,Basic_Health
USR_073365,Basic_Health
USR_073366,Basic_Health
USR_073367,Basic_Health
USR_073368,Basic_Health
USR_073369,Basic_Health
USR_073370,Basic_Health
USR_073371,Basic_Health
USR_073372,Basic_Health
USR_073373,Basic_Health
USR_073374,Basic_Health
USR_073375,Basic_Health
USR_073376,Basic_Health
USR_073377,Basic_Health
USR_073378,Basic_Health
USR_073379,Family_Comprehensive
USR_073380,Basic_Health
USR_073381,Basic_Health
USR_073382,Health_Dental_Vision
USR_073383,Basic_Health
USR_073384,Basic_Health
USR_073385,Basic_Health
USR_073386,Basic_Health
USR_073387,Basic_Health
USR_073388,Basic_Health
USR_073389,Basic_Health
USR_073390,Basic_Health
USR_073391,Basic_Health
USR_073392,Basic_Health
USR_073393,Health_Dental_Vision
USR_073394,Health_Dental_Vision
USR_073395,Health_Dental_Vision
USR_073396,Basic_Health
USR_073397,Basic_Health
USR_073398,Home_Premium
USR_073399,Basic_Health
USR_073400,Auto_Liability_Basic
USR_073401,Basic_Health
USR_073402,Basic_Health
USR_073403,Family_Comprehensive
USR_073404,Basic_Health
USR_073405,Basic_Health
USR_073406,Basic_Health
USR_073407,Basic_Health
USR_073408,Basic_Health
USR_073409,Basic_Health
USR_073410,Auto_Comprehensive
USR_073411,Health_Dental_Vision
USR_073412,Basic_Health
USR_073413,Basic_Health
USR_073414,Basic_Health
USR_073415,Auto_Comprehensive
USR_073416,Basic_Health
USR_073417,Auto_Liability_Basic
USR_073418,Basic_Health
USR_073419,Basic_Health
USR_073420,Basic_Health
USR_073421,Health_Dental_Vision
USR_073422,Basic_Health
USR_073423,Health_Dental_Vision
USR_073424,Basic_Health
USR_073425,Basic_Health
USR_073426,Basic_Health
USR_073427,Basic_Health
USR_073428,Basic_Health
USR_073429,Basic_Health
USR_073430,Basic_Health
USR_073431,Auto_Liability_Basic
USR_073432,Basic_Health
USR_073433,Basic_Health
USR_073434,Basic_Health
USR_073435,Health_Dental_Vision
USR_073436,Health_Dental_Vision
USR_073437,Family_Comprehensive
USR_073438,Health_Dental_Vision
USR_073439,Health_Dental_Vision
USR_073440,Basic_Health
USR_073441,Basic_Health
USR_073442,Auto_Liability_Basic
USR_073443,Basic_Health
USR_073444,Basic_Health
USR_073445,Basic_Health
USR_073446,Basic_Health
USR_073447,Family_Comprehensive
USR_073448,Health_Dental_Vision
USR_073449,Basic_Health
USR_073450,Premium_Health_Life
USR_073451,Basic_Health
USR_073452,Basic_Health
USR_073453,Health_Dental_Vision
USR_073454,Health_Dental_Vision
USR_073455,Health_Dental_Vision
USR_073456,Basic_Health
USR_073457,Basic_Health
USR_073458,Home_Premium
USR_073459,Health_Dental_Vision
USR_073460,Basic_Health
USR_073461,Basic_Health
USR_073462,Basic_Health
USR_073463,Basic_Health
USR_073464,Basic_Health
USR_073465,Basic_Health
USR_073466,Basic_Health
USR_073467,Basic_Health
USR_073468,Basic_Health
USR_073469,Basic_Health
USR_073470,Basic_Health
USR_073471,Basic_Health
USR_073472,Basic_Health
USR_073473,Basic_Health
USR_073474,Basic_Health
USR_073475,Health_Dental_Vision
USR_073476,Basic_Health
USR_073477,Basic_Health
USR_073478,Basic_Health
USR_073479,Basic_Health
USR_073480,Basic_Health
USR_073481,Basic_Health
USR_073482,Basic_Health
USR_073483,Health_Dental_Vision
USR_073484,Basic_Health
USR_073485,Health_Dental_Vision
USR_073486,Basic_Health
USR_073487,Family_Comprehensive
USR_073488,Basic_Health
USR_073489,Basic_Health
USR_073490,Basic_Health
USR_073491,Health_Dental_Vision
USR_073492,Health_Dental_Vision
USR_073493,Basic_Health
USR_073494,Basic_Health
USR_073495,Basic_Health
USR_073496,Basic_Health
USR_073497,Health_Dental_Vision
USR_073498,Basic_Health
USR_073499,Basic_Health
USR_073500,Basic_Health
USR_073501,Basic_Health
USR_073502,Basic_Health
USR_073503,Basic_Health
USR_073504,Auto_Comprehensive
USR_073505,Basic_Health
USR_073506,Basic_Health
USR_073507,Basic_Health
USR_073508,Basic_Health
USR_073509,Basic_Health
USR_073510,Basic_Health
USR_073511,Basic_Health
USR_073512,Basic_Health
USR_073513,Health_Dental_Vision
USR_073514,Basic_Health
USR_073515,Basic_Health
USR_073516,Basic_Health
USR_073517,Basic_Health
USR_073518,Family_Comprehensive
USR_073519,Basic_Health
USR_073520,Basic_Health
USR_073521,Basic_Health
USR_073522,Home_Standard
USR_073523,Basic_Health
USR_073524,Home_Premium
USR_073525,Basic_Health
USR_073526,Basic_Health
USR_073527,Basic_Health
USR_073528,Basic_Health
USR_073529,Basic_Health
USR_073530,Basic_Health
USR_073531,Health_Dental_Vision
USR_073532,Basic_Health
USR_073533,Basic_Health
USR_073534,Basic_Health
USR_073535,Basic_Health
USR_073536,Basic_Health
USR_073537,Basic_Health
USR_073538,Basic_Health
USR_073539,Basic_Health
USR_073540,Basic_Health
USR_073541,Basic_Health
USR_073542,Basic_Health
USR_073543,Basic_Health
USR_073544,Basic_Health
USR_073545,Basic_Health
USR_073546,Health_Dental_Vision
USR_073547,Basic_Health
USR_073548,Basic_Health
USR_073549,Basic_Health
USR_073550,Basic_Health
USR_073551,Basic_Health
USR_073552,Basic_Health
USR_073553,Basic_Health
USR_073554,Basic_Health
USR_073555,Home_Premium
USR_073556,Health_Dental_Vision
USR_073557,Basic_Health
USR_073558,Basic_Health
USR_073559,Premium_Health_Life
USR_073560,Home_Premium
USR_073561,Home_Standard
USR_073562,Basic_Health
USR_073563,Home_Standard
USR_073564,Health_Dental_Vision
USR_073565,Basic_Health
USR_073566,Basic_Health
USR_073567,Basic_Health
USR_073568,Family_Comprehensive
USR_073569,Basic_Health
USR_073570,Family_Comprehensive
USR_073571,Basic_Health
USR_073572,Basic_Health
USR_073573,Basic_Health
USR_073574,Basic_Health
USR_073575,Family_Comprehensive
USR_073576,Basic_Health
USR_073577,Basic_Health
USR_073578,Basic_Health
USR_073579,Health_Dental_Vision
USR_073580,Family_Comprehensive
USR_073581,Basic_Health
USR_073582,Basic_Health
USR_073583,Premium_Health_Life
USR_073584,Basic_Health
USR_073585,Health_Dental_Vision
USR_073586,Basic_Health
USR_073587,Basic_Health
USR_073588,Family_Comprehensive
USR_073589,Health_Dental_Vision
USR_073590,Basic_Health
USR_073591,Basic_Health
USR_073592,Basic_Health
USR_073593,Basic_Health
USR_073594,Basic_Health
USR_073595,Basic_Health
USR_073596,Basic_Health
USR_073597,Basic_Health
USR_073598,Basic_Health
USR_073599,Basic_Health
USR_073600,Basic_Health
USR_073601,Basic_Health
USR_073602,Basic_Health
USR_073603,Basic_Health
USR_073604,Basic_Health
USR_073605,Basic_Health
USR_073606,Health_Dental_Vision
USR_073607,Basic_Health
USR_073608,Basic_Health
USR_073609,Auto_Liability_Basic
USR_073610,Family_Comprehensive
USR_073611,Basic_Health
USR_073612,Basic_Health
USR_073613,Health_Dental_Vision
USR_073614,Basic_Health
USR_073615,Basic_Health
USR_073616,Basic_Health
USR_073617,Health_Dental_Vision
USR_073618,Basic_Health
USR_073619,Basic_Health
USR_073620,Basic_Health
USR_073621,Premium_Health_Life
USR_073622,Basic_Health
USR_073623,Health_Dental_Vision
USR_073624,Premium_Health_Life
USR_073625,Basic_Health
USR_073626,Family_Comprehensive
USR_073627,Health_Dental_Vision
USR_073628,Health_Dental_Vision
USR_073629,Basic_Health
USR_073630,Basic_Health
USR_073631,Family_Comprehensive
USR_073632,Basic_Health
USR_073633,Basic_Health
USR_073634,Auto_Comprehensive
USR_073635,Basic_Health
USR_073636,Basic_Health
USR_073637,Basic_Health
USR_073638,Basic_Health
USR_073639,Basic_Health
USR_073640,Basic_Health
USR_073641,Basic_Health
USR_073642,Basic_Health
USR_073643,Health_Dental_Vision
USR_073644,Basic_Health
USR_073645,Basic_Health
USR_073646,Basic_Health
USR_073647,Home_Premium
USR_073648,Basic_Health
USR_073649,Health_Dental_Vision
USR_073650,Health_Dental_Vision
USR_073651,Basic_Health
USR_073652,Basic_Health
USR_073653,Health_Dental_Vision
USR_073654,Basic_Health
USR_073655,Basic_Health
USR_073656,Basic_Health
USR_073657,Basic_Health
USR_073658,Basic_Health
USR_073659,Basic_Health
USR_073660,Basic_Health
USR_073661,Basic_Health
USR_073662,Auto_Liability_Basic
USR_073663,Basic_Health
USR_073664,Basic_Health
USR_073665,Basic_Health
USR_073666,Health_Dental_Vision
USR_073667,Basic_Health
USR_073668,Family_Comprehensive
USR_073669,Auto_Liability_Basic
USR_073670,Basic_Health
USR_073671,Basic_Health
USR_073672,Auto_Liability_Basic
USR_073673,Basic_Health
USR_073674,Home_Standard
USR_073675,Basic_Health
USR_073676,Health_Dental_Vision
USR_073677,Family_Comprehensive
USR_073678,Health_Dental_Vision
USR_073679,Basic_Health
USR_073680,Auto_Liability_Basic
USR_073681,Basic_Health
USR_073682,Health_Dental_Vision
USR_073683,Basic_Health
USR_073684,Basic_Health
USR_073685,Basic_Health
USR_073686,Basic_Health
USR_073687,Health_Dental_Vision
USR_073688,Basic_Health
USR_073689,Basic_Health
USR_073690,Basic_Health
USR_073691,Basic_Health
USR_073692,Basic_Health
USR_073693,Basic_Health
USR_073694,Health_Dental_Vision
USR_073695,Basic_Health
USR_073696,Basic_Health
USR_073697,Basic_Health
USR_073698,Family_Comprehensive
USR_073699,Basic_Health
USR_073700,Basic_Health
USR_073701,Health_Dental_Vision
USR_073702,Basic_Health
USR_073703,Basic_Health
USR_073704,Basic_Health
USR_073705,Basic_Health
USR_073706,Basic_Health
USR_073707,Basic_Health
USR_073708,Auto_Liability_Basic
USR_073709,Basic_Health
USR_073710,Basic_Health
USR_073711,Health_Dental_Vision
USR_073712,Basic_Health
USR_073713,Basic_Health
USR_073714,Health_Dental_Vision
USR_073715,Basic_Health
USR_073716,Basic_Health
USR_073717,Basic_Health
USR_073718,Basic_Health
USR_073719,Health_Dental_Vision
USR_073720,Health_Dental_Vision
USR_073721,Basic_Health
USR_073722,Basic_Health
USR_073723,Basic_Health
USR_073724,Basic_Health
USR_073725,Family_Comprehensive
USR_073726,Basic_Health
USR_073727,Premium_Health_Life
USR_073728,Basic_Health
USR_073729,Basic_Health
USR_073730,Health_Dental_Vision
USR_073731,Basic_Health
USR_073732,Basic_Health
USR_073733,Basic_Health
USR_073734,Basic_Health
USR_073735,Basic_Health
USR_073736,Health_Dental_Vision
USR_073737,Basic_Health
USR_073738,Health_Dental_Vision
USR_073739,Basic_Health
USR_073740,Basic_Health
USR_073741,Auto_Comprehensive
USR_073742,Health_Dental_Vision
USR_073743,Family_Comprehensive
USR_073744,Family_Comprehensive
USR_073745,Basic_Health
USR_073746,Basic_Health
USR_073747,Basic_Health
USR_073748,Basic_Health
USR_073749,Basic_Health
USR_073750,Basic_Health
USR_073751,Auto_Liability_Basic
USR_073752,Basic_Health
USR_073753,Family_Comprehensive
USR_073754,Health_Dental_Vision
USR_073755,Basic_Health
USR_073756,Family_Comprehensive
USR_073757,Health_Dental_Vision
USR_073758,Basic_Health
USR_073759,Health_Dental_Vision
USR_073760,Basic_Health
USR_073761,Family_Comprehensive
USR_073762,Basic_Health
USR_073763,Basic_Health
USR_073764,Basic_Health
USR_073765,Basic_Health
USR_073766,Basic_Health
USR_073767,Health_Dental_Vision
USR_073768,Auto_Liability_Basic
USR_073769,Basic_Health
USR_073770,Basic_Health
USR_073771,Health_Dental_Vision
USR_073772,Basic_Health
USR_073773,Basic_Health
USR_073774,Family_Comprehensive
USR_073775,Basic_Health
USR_073776,Basic_Health
USR_073777,Health_Dental_Vision
USR_073778,Basic_Health
USR_073779,Basic_Health
USR_073780,Basic_Health
USR_073781,Basic_Health
USR_073782,Basic_Health
USR_073783,Basic_Health
USR_073784,Family_Comprehensive
USR_073785,Basic_Health
USR_073786,Health_Dental_Vision
USR_073787,Basic_Health
USR_073788,Basic_Health
USR_073789,Family_Comprehensive
USR_073790,Basic_Health
USR_073791,Basic_Health
USR_073792,Health_Dental_Vision
USR_073793,Basic_Health
USR_073794,Basic_Health
USR_073795,Basic_Health
USR_073796,Basic_Health
USR_073797,Basic_Health
USR_073798,Basic_Health
USR_073799,Home_Standard
USR_073800,Basic_Health
USR_073801,Basic_Health
USR_073802,Basic_Health
USR_073803,Auto_Liability_Basic
USR_073804,Basic_Health
USR_073805,Basic_Health
USR_073806,Family_Comprehensive
USR_073807,Basic_Health
USR_073808,Basic_Health
USR_073809,Basic_Health
USR_073810,Basic_Health
USR_073811,Basic_Health
USR_073812,Health_Dental_Vision
USR_073813,Basic_Health
USR_073814,Health_Dental_Vision
USR_073815,Family_Comprehensive
USR_073816,Family_Comprehensive
USR_073817,Family_Comprehensive
USR_073818,Basic_Health
USR_073819,Health_Dental_Vision
USR_073820,Health_Dental_Vision
USR_073821,Basic_Health
USR_073822,Family_Comprehensive
USR_073823,Auto_Liability_Basic
USR_073824,Basic_Health
USR_073825,Home_Premium
USR_073826,Basic_Health
USR_073827,Basic_Health
USR_073828,Health_Dental_Vision
USR_073829,Basic_Health
USR_073830,Basic_Health
USR_073831,Premium_Health_Life
USR_073832,Basic_Health
USR_073833,Basic_Health
USR_073834,Basic_Health
USR_073835,Basic_Health
USR_073836,Health_Dental_Vision
USR_073837,Basic_Health
USR_073838,Health_Dental_Vision
USR_073839,Basic_Health
USR_073840,Health_Dental_Vision
USR_073841,Basic_Health
USR_073842,Basic_Health
USR_073843,Basic_Health
USR_073844,Health_Dental_Vision
USR_073845,Basic_Health
USR_073846,Basic_Health
USR_073847,Basic_Health
USR_073848,Basic_Health
USR_073849,Basic_Health
USR_073850,Basic_Health
USR_073851,Basic_Health
USR_073852,Basic_Health
USR_073853,Basic_Health
USR_073854,Basic_Health
USR_073855,Basic_Health
USR_073856,Health_Dental_Vision
USR_073857,Family_Comprehensive
USR_073858,Basic_Health
USR_073859,Basic_Health
USR_073860,Health_Dental_Vision
USR_073861,Family_Comprehensive
USR_073862,Basic_Health
USR_073863,Basic_Health
USR_073864,Basic_Health
USR_073865,Basic_Health
USR_073866,Health_Dental_Vision
USR_073867,Health_Dental_Vision
USR_073868,Basic_Health
USR_073869,Basic_Health
USR_073870,Health_Dental_Vision
USR_073871,Basic_Health
USR_073872,Basic_Health
USR_073873,Basic_Health
USR_073874,Health_Dental_Vision
USR_073875,Basic_Health
USR_073876,Basic_Health
USR_073877,Basic_Health
USR_073878,Basic_Health
USR_073879,Auto_Liability_Basic
USR_073880,Basic_Health
USR_073881,Basic_Health
USR_073882,Basic_Health
USR_073883,Basic_Health
USR_073884,Basic_Health
USR_073885,Basic_Health
USR_073886,Basic_Health
USR_073887,Basic_Health
USR_073888,Basic_Health
USR_073889,Family_Comprehensive
USR_073890,Family_Comprehensive
USR_073891,Basic_Health
USR_073892,Health_Dental_Vision
USR_073893,Basic_Health
USR_073894,Basic_Health
USR_073895,Basic_Health
USR_073896,Basic_Health
USR_073897,Basic_Health
USR_073898,Basic_Health
USR_073899,Basic_Health
USR_073900,Basic_Health
USR_073901,Health_Dental_Vision
USR_073902,Basic_Health
USR_073903,Basic_Health
USR_073904,Basic_Health
USR_073905,Basic_Health
USR_073906,Auto_Liability_Basic
USR_073907,Basic_Health
USR_073908,Basic_Health
USR_073909,Basic_Health
USR_073910,Basic_Health
USR_073911,Family_Comprehensive
USR_073912,Basic_Health
USR_073913,Premium_Health_Life
USR_073914,Health_Dental_Vision
USR_073915,Basic_Health
USR_073916,Premium_Health_Life
USR_073917,Health_Dental_Vision
USR_073918,Basic_Health
USR_073919,Basic_Health
USR_073920,Basic_Health
USR_073921,Basic_Health
USR_073922,Health_Dental_Vision
USR_073923,Basic_Health
USR_073924,Basic_Health
USR_073925,Basic_Health
USR_073926,Health_Dental_Vision
USR_073927,Basic_Health
USR_073928,Basic_Health
USR_073929,Family_Comprehensive
USR_073930,Basic_Health
USR_073931,Basic_Health
USR_073932,Basic_Health
USR_073933,Basic_Health
USR_073934,Family_Comprehensive
USR_073935,Premium_Health_Life
USR_073936,Basic_Health
USR_073937,Basic_Health
USR_073938,Basic_Health
USR_073939,Basic_Health
USR_073940,Health_Dental_Vision
USR_073941,Basic_Health
USR_073942,Basic_Health
USR_073943,Basic_Health
USR_073944,Family_Comprehensive
USR_073945,Health_Dental_Vision
USR_073946,Basic_Health
USR_073947,Basic_Health
USR_073948,Basic_Health
USR_073949,Family_Comprehensive
USR_073950,Auto_Liability_Basic
USR_073951,Health_Dental_Vision
USR_073952,Basic_Health
USR_073953,Family_Comprehensive
USR_073954,Family_Comprehensive
USR_073955,Basic_Health
USR_073956,Home_Standard
USR_073957,Basic_Health
USR_073958,Basic_Health
USR_073959,Basic_Health
USR_073960,Basic_Health
USR_073961,Basic_Health
USR_073962,Basic_Health
USR_073963,Basic_Health
USR_073964,Basic_Health
USR_073965,Health_Dental_Vision
USR_073966,Health_Dental_Vision
USR_073967,Basic_Health
USR_073968,Basic_Health
USR_073969,Basic_Health
USR_073970,Basic_Health
USR_073971,Family_Comprehensive
USR_073972,Basic_Health
USR_073973,Basic_Health
USR_073974,Family_Comprehensive
USR_073975,Home_Standard
USR_073976,Health_Dental_Vision
USR_073977,Health_Dental_Vision
USR_073978,Basic_Health
USR_073979,Health_Dental_Vision
USR_073980,Basic_Health
USR_073981,Basic_Health
USR_073982,Basic_Health
USR_073983,Basic_Health
USR_073984,Basic_Health
USR_073985,Basic_Health
USR_073986,Family_Comprehensive
USR_073987,Basic_Health
USR_073988,Basic_Health
USR_073989,Basic_Health
USR_073990,Basic_Health
USR_073991,Basic_Health
USR_073992,Basic_Health
USR_073993,Basic_Health
USR_073994,Basic_Health
USR_073995,Basic_Health
USR_073996,Basic_Health
USR_073997,Basic_Health
USR_073998,Basic_Health
USR_073999,Basic_Health
USR_074000,Health_Dental_Vision
USR_074001,Basic_Health
USR_074002,Premium_Health_Life
USR_074003,Basic_Health
USR_074004,Basic_Health
USR_074005,Basic_Health
USR_074006,Premium_Health_Life
USR_074007,Premium_Health_Life
USR_074008,Basic_Health
USR_074009,Basic_Health
USR_074010,Basic_Health
USR_074011,Basic_Health
USR_074012,Basic_Health
USR_074013,Health_Dental_Vision
USR_074014,Health_Dental_Vision
USR_074015,Family_Comprehensive
USR_074016,Basic_Health
USR_074017,Basic_Health
USR_074018,Basic_Health
USR_074019,Family_Comprehensive
USR_074020,Basic_Health
USR_074021,Premium_Health_Life
USR_074022,Basic_Health
USR_074023,Basic_Health
USR_074024,Health_Dental_Vision
USR_074025,Health_Dental_Vision
USR_074026,Basic_Health
USR_074027,Family_Comprehensive
USR_074028,Basic_Health
USR_074029,Basic_Health
USR_074030,Basic_Health
USR_074031,Basic_Health
USR_074032,Basic_Health
USR_074033,Basic_Health
USR_074034,Basic_Health
USR_074035,Family_Comprehensive
USR_074036,Basic_Health
USR_074037,Health_Dental_Vision
USR_074038,Basic_Health
USR_074039,Basic_Health
USR_074040,Basic_Health
USR_074041,Basic_Health
USR_074042,Basic_Health
USR_074043,Health_Dental_Vision
USR_074044,Health_Dental_Vision
USR_074045,Basic_Health
USR_074046,Basic_Health
USR_074047,Health_Dental_Vision
USR_074048,Basic_Health
USR_074049,Basic_Health
USR_074050,Basic_Health
USR_074051,Basic_Health
USR_074052,Health_Dental_Vision
USR_074053,Basic_Health
USR_074054,Basic_Health
USR_074055,Basic_Health
USR_074056,Health_Dental_Vision
USR_074057,Health_Dental_Vision
USR_074058,Basic_Health
USR_074059,Basic_Health
USR_074060,Basic_Health
USR_074061,Basic_Health
USR_074062,Basic_Health
USR_074063,Health_Dental_Vision
USR_074064,Basic_Health
USR_074065,Basic_Health
USR_074066,Basic_Health
USR_074067,Auto_Liability_Basic
USR_074068,Basic_Health
USR_074069,Health_Dental_Vision
USR_074070,Basic_Health
USR_074071,Basic_Health
USR_074072,Basic_Health
USR_074073,Basic_Health
USR_074074,Basic_Health
USR_074075,Health_Dental_Vision
USR_074076,Basic_Health
USR_074077,Basic_Health
USR_074078,Basic_Health
USR_074079,Basic_Health
USR_074080,Health_Dental_Vision
USR_074081,Health_Dental_Vision
USR_074082,Basic_Health
USR_074083,Basic_Health
USR_074084,Premium_Health_Life
USR_074085,Basic_Health
USR_074086,Auto_Liability_Basic
USR_074087,Basic_Health
USR_074088,Basic_Health
USR_074089,Basic_Health
USR_074090,Basic_Health
USR_074091,Basic_Health
USR_074092,Health_Dental_Vision
USR_074093,Basic_Health
USR_074094,Basic_Health
USR_074095,Basic_Health
USR_074096,Basic_Health
USR_074097,Basic_Health
USR_074098,Health_Dental_Vision
USR_074099,Family_Comprehensive
USR_074100,Basic_Health
USR_074101,Basic_Health
USR_074102,Health_Dental_Vision
USR_074103,Auto_Liability_Basic
USR_074104,Health_Dental_Vision
USR_074105,Basic_Health
USR_074106,Basic_Health
USR_074107,Basic_Health
USR_074108,Health_Dental_Vision
USR_074109,Basic_Health
USR_074110,Basic_Health
USR_074111,Family_Comprehensive
USR_074112,Basic_Health
USR_074113,Basic_Health
USR_074114,Health_Dental_Vision
USR_074115,Basic_Health
USR_074116,Health_Dental_Vision
USR_074117,Basic_Health
USR_074118,Basic_Health
USR_074119,Basic_Health
USR_074120,Health_Dental_Vision
USR_074121,Basic_Health
USR_074122,Health_Dental_Vision
USR_074123,Basic_Health
USR_074124,Basic_Health
USR_074125,Health_Dental_Vision
USR_074126,Basic_Health
USR_074127,Basic_Health
USR_074128,Basic_Health
USR_074129,Auto_Liability_Basic
USR_074130,Health_Dental_Vision
USR_074131,Basic_Health
USR_074132,Home_Standard
USR_074133,Basic_Health
USR_074134,Basic_Health
USR_074135,Health_Dental_Vision
USR_074136,Basic_Health
USR_074137,Family_Comprehensive
USR_074138,Basic_Health
USR_074139,Basic_Health
USR_074140,Basic_Health
USR_074141,Basic_Health
USR_074142,Basic_Health
USR_074143,Basic_Health
USR_074144,Basic_Health
USR_074145,Basic_Health
USR_074146,Auto_Liability_Basic
USR_074147,Health_Dental_Vision
USR_074148,Basic_Health
USR_074149,Basic_Health
USR_074150,Basic_Health
USR_074151,Basic_Health
USR_074152,Basic_Health
USR_074153,Basic_Health
USR_074154,Basic_Health
USR_074155,Basic_Health
USR_074156,Family_Comprehensive
USR_074157,Basic_Health
USR_074158,Basic_Health
USR_074159,Basic_Health
USR_074160,Basic_Health
USR_074161,Basic_Health
USR_074162,Family_Comprehensive
USR_074163,Basic_Health
USR_074164,Basic_Health
USR_074165,Basic_Health
USR_074166,Basic_Health
USR_074167,Basic_Health
USR_074168,Basic_Health
USR_074169,Basic_Health
USR_074170,Family_Comprehensive
USR_074171,Basic_Health
USR_074172,Basic_Health
USR_074173,Basic_Health
USR_074174,Auto_Liability_Basic
USR_074175,Auto_Liability_Basic
USR_074176,Health_Dental_Vision
USR_074177,Basic_Health
USR_074178,Basic_Health
USR_074179,Basic_Health
USR_074180,Family_Comprehensive
USR_074181,Basic_Health
USR_074182,Health_Dental_Vision
USR_074183,Basic_Health
USR_074184,Health_Dental_Vision
USR_074185,Auto_Liability_Basic
USR_074186,Basic_Health
USR_074187,Basic_Health
USR_074188,Basic_Health
USR_074189,Health_Dental_Vision
USR_074190,Health_Dental_Vision
USR_074191,Basic_Health
USR_074192,Basic_Health
USR_074193,Basic_Health
USR_074194,Health_Dental_Vision
USR_074195,Basic_Health
USR_074196,Basic_Health
USR_074197,Basic_Health
USR_074198,Basic_Health
USR_074199,Basic_Health
USR_074200,Basic_Health
USR_074201,Basic_Health
USR_074202,Basic_Health
USR_074203,Health_Dental_Vision
USR_074204,Health_Dental_Vision
USR_074205,Basic_Health
USR_074206,Basic_Health
USR_074207,Basic_Health
USR_074208,Basic_Health
USR_074209,Health_Dental_Vision
USR_074210,Health_Dental_Vision
USR_074211,Auto_Liability_Basic
USR_074212,Basic_Health
USR_074213,Basic_Health
USR_074214,Basic_Health
USR_074215,Basic_Health
USR_074216,Basic_Health
USR_074217,Basic_Health
USR_074218,Home_Standard
USR_074219,Basic_Health
USR_074220,Basic_Health
USR_074221,Basic_Health
USR_074222,Basic_Health
USR_074223,Basic_Health
USR_074224,Basic_Health
USR_074225,Family_Comprehensive
USR_074226,Basic_Health
USR_074227,Health_Dental_Vision
USR_074228,Family_Comprehensive
USR_074229,Basic_Health
USR_074230,Health_Dental_Vision
USR_074231,Health_Dental_Vision
USR_074232,Basic_Health
USR_074233,Health_Dental_Vision
USR_074234,Health_Dental_Vision
USR_074235,Basic_Health
USR_074236,Health_Dental_Vision
USR_074237,Basic_Health
USR_074238,Basic_Health
USR_074239,Basic_Health
USR_074240,Basic_Health
USR_074241,Basic_Health
USR_074242,Family_Comprehensive
USR_074243,Basic_Health
USR_074244,Basic_Health
USR_074245,Basic_Health
USR_074246,Basic_Health
USR_074247,Basic_Health
USR_074248,Basic_Health
USR_074249,Family_Comprehensive
USR_074250,Auto_Liability_Basic
USR_074251,Basic_Health
USR_074252,Basic_Health
USR_074253,Health_Dental_Vision
USR_074254,Basic_Health
USR_074255,Health_Dental_Vision
USR_074256,Basic_Health
USR_074257,Basic_Health
USR_074258,Basic_Health
USR_074259,Auto_Liability_Basic
USR_074260,Basic_Health
USR_074261,Basic_Health
USR_074262,Basic_Health
USR_074263,Basic_Health
USR_074264,Basic_Health
USR_074265,Basic_Health
USR_074266,Basic_Health
USR_074267,Health_Dental_Vision
USR_074268,Basic_Health
USR_074269,Basic_Health
USR_074270,Basic_Health
USR_074271,Basic_Health
USR_074272,Basic_Health
USR_074273,Basic_Health
USR_074274,Basic_Health
USR_074275,Basic_Health
USR_074276,Basic_Health
USR_074277,Basic_Health
USR_074278,Basic_Health
USR_074279,Health_Dental_Vision
USR_074280,Basic_Health
USR_074281,Basic_Health
USR_074282,Basic_Health
USR_074283,Basic_Health
USR_074284,Basic_Health
USR_074285,Basic_Health
USR_074286,Basic_Health
USR_074287,Basic_Health
USR_074288,Basic_Health
USR_074289,Health_Dental_Vision
USR_074290,Basic_Health
USR_074291,Basic_Health
USR_074292,Basic_Health
USR_074293,Health_Dental_Vision
USR_074294,Health_Dental_Vision
USR_074295,Basic_Health
USR_074296,Basic_Health
USR_074297,Basic_Health
USR_074298,Home_Standard
USR_074299,Basic_Health
USR_074300,Basic_Health
USR_074301,Basic_Health
USR_074302,Basic_Health
USR_074303,Family_Comprehensive
USR_074304,Basic_Health
USR_074305,Basic_Health
USR_074306,Basic_Health
USR_074307,Basic_Health
USR_074308,Basic_Health
USR_074309,Basic_Health
USR_074310,Basic_Health
USR_074311,Home_Standard
USR_074312,Health_Dental_Vision
USR_074313,Basic_Health
USR_074314,Basic_Health
USR_074315,Basic_Health
USR_074316,Basic_Health
USR_074317,Basic_Health
USR_074318,Health_Dental_Vision
USR_074319,Basic_Health
USR_074320,Health_Dental_Vision
USR_074321,Basic_Health
USR_074322,Basic_Health
USR_074323,Health_Dental_Vision
USR_074324,Basic_Health
USR_074325,Basic_Health
USR_074326,Basic_Health
USR_074327,Health_Dental_Vision
USR_074328,Basic_Health
USR_074329,Basic_Health
USR_074330,Basic_Health
USR_074331,Basic_Health
USR_074332,Basic_Health
USR_074333,Health_Dental_Vision
USR_074334,Auto_Liability_Basic
USR_074335,Basic_Health
USR_074336,Health_Dental_Vision
USR_074337,Home_Standard
USR_074338,Basic_Health
USR_074339,Health_Dental_Vision
USR_074340,Basic_Health
USR_074341,Basic_Health
USR_074342,Basic_Health
USR_074343,Health_Dental_Vision
USR_074344,Basic_Health
USR_074345,Basic_Health
USR_074346,Basic_Health
USR_074347,Basic_Health
USR_074348,Basic_Health
USR_074349,Basic_Health
USR_074350,Basic_Health
USR_074351,Basic_Health
USR_074352,Basic_Health
USR_074353,Basic_Health
USR_074354,Health_Dental_Vision
USR_074355,Basic_Health
USR_074356,Basic_Health
USR_074357,Basic_Health
USR_074358,Basic_Health
USR_074359,Basic_Health
USR_074360,Family_Comprehensive
USR_074361,Basic_Health
USR_074362,Health_Dental_Vision
USR_074363,Basic_Health
USR_074364,Basic_Health
USR_074365,Basic_Health
USR_074366,Basic_Health
USR_074367,Basic_Health
USR_074368,Health_Dental_Vision
USR_074369,Basic_Health
USR_074370,Basic_Health
USR_074371,Health_Dental_Vision
USR_074372,Basic_Health
USR_074373,Basic_Health
USR_074374,Basic_Health
USR_074375,Family_Comprehensive
USR_074376,Health_Dental_Vision
USR_074377,Basic_Health
USR_074378,Basic_Health
USR_074379,Basic_Health
USR_074380,Basic_Health
USR_074381,Basic_Health
USR_074382,Auto_Liability_Basic
USR_074383,Basic_Health
USR_074384,Basic_Health
USR_074385,Family_Comprehensive
USR_074386,Basic_Health
USR_074387,Family_Comprehensive
USR_074388,Basic_Health
USR_074389,Basic_Health
USR_074390,Basic_Health
USR_074391,Home_Standard
USR_074392,Basic_Health
USR_074393,Basic_Health
USR_074394,Basic_Health
USR_074395,Family_Comprehensive
USR_074396,Health_Dental_Vision
USR_074397,Health_Dental_Vision
USR_074398,Family_Comprehensive
USR_074399,Health_Dental_Vision
USR_074400,Basic_Health
USR_074401,Health_Dental_Vision
USR_074402,Health_Dental_Vision
USR_074403,Basic_Health
USR_074404,Basic_Health
USR_074405,Basic_Health
USR_074406,Basic_Health
USR_074407,Basic_Health
USR_074408,Family_Comprehensive
USR_074409,Basic_Health
USR_074410,Basic_Health
USR_074411,Premium_Health_Life
USR_074412,Health_Dental_Vision
USR_074413,Basic_Health
USR_074414,Auto_Comprehensive
USR_074415,Auto_Liability_Basic
USR_074416,Basic_Health
USR_074417,Basic_Health
USR_074418,Basic_Health
USR_074419,Basic_Health
USR_074420,Basic_Health
USR_074421,Health_Dental_Vision
USR_074422,Basic_Health
USR_074423,Basic_Health
USR_074424,Basic_Health
USR_074425,Basic_Health
USR_074426,Basic_Health
USR_074427,Health_Dental_Vision
USR_074428,Basic_Health
USR_074429,Basic_Health
USR_074430,Basic_Health
USR_074431,Basic_Health
USR_074432,Basic_Health
USR_074433,Health_Dental_Vision
USR_074434,Basic_Health
USR_074435,Health_Dental_Vision
USR_074436,Basic_Health
USR_074437,Basic_Health
USR_074438,Basic_Health
USR_074439,Premium_Health_Life
USR_074440,Family_Comprehensive
USR_074441,Basic_Health
USR_074442,Home_Premium
USR_074443,Basic_Health
USR_074444,Health_Dental_Vision
USR_074445,Basic_Health
USR_074446,Basic_Health
USR_074447,Basic_Health
USR_074448,Basic_Health
USR_074449,Family_Comprehensive
USR_074450,Basic_Health
USR_074451,Basic_Health
USR_074452,Basic_Health
USR_074453,Basic_Health
USR_074454,Basic_Health
USR_074455,Basic_Health
USR_074456,Basic_Health
USR_074457,Basic_Health
USR_074458,Family_Comprehensive
USR_074459,Basic_Health
USR_074460,Auto_Liability_Basic
USR_074461,Family_Comprehensive
USR_074462,Basic_Health
USR_074463,Basic_Health
USR_074464,Basic_Health
USR_074465,Health_Dental_Vision
USR_074466,Family_Comprehensive
USR_074467,Basic_Health
USR_074468,Basic_Health
USR_074469,Family_Comprehensive
USR_074470,Basic_Health
USR_074471,Basic_Health
USR_074472,Basic_Health
USR_074473,Basic_Health
USR_074474,Basic_Health
USR_074475,Basic_Health
USR_074476,Basic_Health
USR_074477,Basic_Health
USR_074478,Basic_Health
USR_074479,Home_Premium
USR_074480,Basic_Health
USR_074481,Basic_Health
USR_074482,Health_Dental_Vision
USR_074483,Basic_Health
USR_074484,Basic_Health
USR_074485,Health_Dental_Vision
USR_074486,Basic_Health
USR_074487,Basic_Health
USR_074488,Basic_Health
USR_074489,Basic_Health
USR_074490,Basic_Health
USR_074491,Basic_Health
USR_074492,Auto_Comprehensive
USR_074493,Basic_Health
USR_074494,Health_Dental_Vision
USR_074495,Family_Comprehensive
USR_074496,Basic_Health
USR_074497,Basic_Health
USR_074498,Premium_Health_Life
USR_074499,Basic_Health
USR_074500,Basic_Health
USR_074501,Basic_Health
USR_074502,Basic_Health
USR_074503,Basic_Health
USR_074504,Basic_Health
USR_074505,Health_Dental_Vision
USR_074506,Basic_Health
USR_074507,Basic_Health
USR_074508,Health_Dental_Vision
USR_074509,Auto_Liability_Basic
USR_074510,Basic_Health
USR_074511,Family_Comprehensive
USR_074512,Basic_Health
USR_074513,Basic_Health
USR_074514,Basic_Health
USR_074515,Basic_Health
USR_074516,Basic_Health
USR_074517,Basic_Health
USR_074518,Health_Dental_Vision
USR_074519,Premium_Health_Life
USR_074520,Basic_Health
USR_074521,Basic_Health
USR_074522,Health_Dental_Vision
USR_074523,Health_Dental_Vision
USR_074524,Basic_Health
USR_074525,Basic_Health
USR_074526,Premium_Health_Life
USR_074527,Basic_Health
USR_074528,Basic_Health
USR_074529,Auto_Liability_Basic
USR_074530,Health_Dental_Vision
USR_074531,Basic_Health
USR_074532,Family_Comprehensive
USR_074533,Basic_Health
USR_074534,Basic_Health
USR_074535,Basic_Health
USR_074536,Health_Dental_Vision
USR_074537,Basic_Health
USR_074538,Health_Dental_Vision
USR_074539,Basic_Health
USR_074540,Basic_Health
USR_074541,Basic_Health
USR_074542,Basic_Health
USR_074543,Basic_Health
USR_074544,Basic_Health
USR_074545,Basic_Health
USR_074546,Basic_Health
USR_074547,Family_Comprehensive
USR_074548,Basic_Health
USR_074549,Health_Dental_Vision
USR_074550,Health_Dental_Vision
USR_074551,Health_Dental_Vision
USR_074552,Health_Dental_Vision
USR_074553,Basic_Health
USR_074554,Basic_Health
USR_074555,Health_Dental_Vision
USR_074556,Basic_Health
USR_074557,Basic_Health
USR_074558,Basic_Health
USR_074559,Health_Dental_Vision
USR_074560,Family_Comprehensive
USR_074561,Health_Dental_Vision
USR_074562,Basic_Health
USR_074563,Health_Dental_Vision
USR_074564,Basic_Health
USR_074565,Home_Standard
USR_074566,Basic_Health
USR_074567,Auto_Liability_Basic
USR_074568,Basic_Health
USR_074569,Basic_Health
USR_074570,Basic_Health
USR_074571,Basic_Health
USR_074572,Health_Dental_Vision
USR_074573,Basic_Health
USR_074574,Auto_Liability_Basic
USR_074575,Basic_Health
USR_074576,Basic_Health
USR_074577,Basic_Health
USR_074578,Health_Dental_Vision
USR_074579,Family_Comprehensive
USR_074580,Basic_Health
USR_074581,Basic_Health
USR_074582,Health_Dental_Vision
USR_074583,Basic_Health
USR_074584,Basic_Health
USR_074585,Basic_Health
USR_074586,Basic_Health
USR_074587,Basic_Health
USR_074588,Basic_Health
USR_074589,Basic_Health
USR_074590,Family_Comprehensive
USR_074591,Basic_Health
USR_074592,Health_Dental_Vision
USR_074593,Basic_Health
USR_074594,Basic_Health
USR_074595,Auto_Liability_Basic
USR_074596,Basic_Health
USR_074597,Basic_Health
USR_074598,Basic_Health
USR_074599,Basic_Health
USR_074600,Basic_Health
USR_074601,Basic_Health
USR_074602,Basic_Health
USR_074603,Basic_Health
USR_074604,Basic_Health
USR_074605,Premium_Health_Life
USR_074606,Basic_Health
USR_074607,Family_Comprehensive
USR_074608,Basic_Health
USR_074609,Basic_Health
USR_074610,Basic_Health
USR_074611,Basic_Health
USR_074612,Basic_Health
USR_074613,Basic_Health
USR_074614,Auto_Liability_Basic
USR_074615,Basic_Health
USR_074616,Auto_Liability_Basic
USR_074617,Basic_Health
USR_074618,Health_Dental_Vision
USR_074619,Basic_Health
USR_074620,Basic_Health
USR_074621,Basic_Health
USR_074622,Basic_Health
USR_074623,Basic_Health
USR_074624,Basic_Health
USR_074625,Basic_Health
USR_074626,Basic_Health
USR_074627,Basic_Health
USR_074628,Basic_Health
USR_074629,Basic_Health
USR_074630,Basic_Health
USR_074631,Family_Comprehensive
USR_074632,Basic_Health
USR_074633,Basic_Health
USR_074634,Family_Comprehensive
USR_074635,Basic_Health
USR_074636,Basic_Health
USR_074637,Basic_Health
USR_074638,Basic_Health
USR_074639,Basic_Health
USR_074640,Home_Premium
USR_074641,Basic_Health
USR_074642,Family_Comprehensive
USR_074643,Basic_Health
USR_074644,Basic_Health
USR_074645,Basic_Health
USR_074646,Basic_Health
USR_074647,Basic_Health
USR_074648,Basic_Health
USR_074649,Basic_Health
USR_074650,Basic_Health
USR_074651,Health_Dental_Vision
USR_074652,Basic_Health
USR_074653,Basic_Health
USR_074654,Basic_Health
USR_074655,Basic_Health
USR_074656,Health_Dental_Vision
USR_074657,Basic_Health
USR_074658,Basic_Health
USR_074659,Basic_Health
USR_074660,Basic_Health
USR_074661,Health_Dental_Vision
USR_074662,Basic_Health
USR_074663,Basic_Health
USR_074664,Basic_Health
USR_074665,Family_Comprehensive
USR_074666,Health_Dental_Vision
USR_074667,Basic_Health
USR_074668,Basic_Health
USR_074669,Basic_Health
USR_074670,Basic_Health
USR_074671,Basic_Health
USR_074672,Basic_Health
USR_074673,Auto_Liability_Basic
USR_074674,Basic_Health
USR_074675,Family_Comprehensive
USR_074676,Basic_Health
USR_074677,Basic_Health
USR_074678,Basic_Health
USR_074679,Basic_Health
USR_074680,Health_Dental_Vision
USR_074681,Basic_Health
USR_074682,Basic_Health
USR_074683,Basic_Health
USR_074684,Health_Dental_Vision
USR_074685,Basic_Health
USR_074686,Basic_Health
USR_074687,Family_Comprehensive
USR_074688,Basic_Health
USR_074689,Basic_Health
USR_074690,Basic_Health
USR_074691,Basic_Health
USR_074692,Health_Dental_Vision
USR_074693,Health_Dental_Vision
USR_074694,Basic_Health
USR_074695,Basic_Health
USR_074696,Basic_Health
USR_074697,Basic_Health
USR_074698,Basic_Health
USR_074699,Basic_Health
USR_074700,Basic_Health
USR_074701,Basic_Health
USR_074702,Basic_Health
USR_074703,Health_Dental_Vision
USR_074704,Basic_Health
USR_074705,Basic_Health
USR_074706,Basic_Health
USR_074707,Basic_Health
USR_074708,Basic_Health
USR_074709,Basic_Health
USR_074710,Basic_Health
USR_074711,Basic_Health
USR_074712,Basic_Health
USR_074713,Basic_Health
USR_074714,Basic_Health
USR_074715,Basic_Health
USR_074716,Basic_Health
USR_074717,Health_Dental_Vision
USR_074718,Basic_Health
USR_074719,Basic_Health
USR_074720,Basic_Health
USR_074721,Basic_Health
USR_074722,Basic_Health
USR_074723,Basic_Health
USR_074724,Basic_Health
USR_074725,Auto_Liability_Basic
USR_074726,Basic_Health
USR_074727,Basic_Health
USR_074728,Family_Comprehensive
USR_074729,Premium_Health_Life
USR_074730,Family_Comprehensive
USR_074731,Basic_Health
USR_074732,Health_Dental_Vision
USR_074733,Basic_Health
USR_074734,Basic_Health
USR_074735,Basic_Health
USR_074736,Health_Dental_Vision
USR_074737,Basic_Health
USR_074738,Basic_Health
USR_074739,Basic_Health
USR_074740,Basic_Health
USR_074741,Basic_Health
USR_074742,Basic_Health
USR_074743,Auto_Liability_Basic
USR_074744,Basic_Health
USR_074745,Basic_Health
USR_074746,Basic_Health
USR_074747,Auto_Liability_Basic
USR_074748,Auto_Liability_Basic
USR_074749,Basic_Health
USR_074750,Health_Dental_Vision
USR_074751,Basic_Health
USR_074752,Basic_Health
USR_074753,Basic_Health
USR_074754,Health_Dental_Vision
USR_074755,Basic_Health
USR_074756,Basic_Health
USR_074757,Basic_Health
USR_074758,Basic_Health
USR_074759,Basic_Health
USR_074760,Basic_Health
USR_074761,Basic_Health
USR_074762,Basic_Health
USR_074763,Basic_Health
USR_074764,Basic_Health
USR_074765,Basic_Health
USR_074766,Basic_Health
USR_074767,Basic_Health
USR_074768,Basic_Health
USR_074769,Family_Comprehensive
USR_074770,Basic_Health
USR_074771,Basic_Health
USR_074772,Basic_Health
USR_074773,Premium_Health_Life
USR_074774,Premium_Health_Life
USR_074775,Basic_Health
USR_074776,Basic_Health
USR_074777,Basic_Health
USR_074778,Basic_Health
USR_074779,Basic_Health
USR_074780,Basic_Health
USR_074781,Basic_Health
USR_074782,Health_Dental_Vision
USR_074783,Basic_Health
USR_074784,Basic_Health
USR_074785,Basic_Health
USR_074786,Basic_Health
USR_074787,Basic_Health
USR_074788,Basic_Health
USR_074789,Health_Dental_Vision
USR_074790,Health_Dental_Vision
USR_074791,Health_Dental_Vision
USR_074792,Basic_Health
USR_074793,Basic_Health
USR_074794,Auto_Liability_Basic
USR_074795,Basic_Health
USR_074796,Basic_Health
USR_074797,Basic_Health
USR_074798,Basic_Health
USR_074799,Basic_Health
USR_074800,Basic_Health
USR_074801,Basic_Health
USR_074802,Basic_Health
USR_074803,Basic_Health
USR_074804,Basic_Health
USR_074805,Premium_Health_Life
USR_074806,Basic_Health
USR_074807,Basic_Health
USR_074808,Basic_Health
USR_074809,Family_Comprehensive
USR_074810,Basic_Health
USR_074811,Basic_Health
USR_074812,Family_Comprehensive
USR_074813,Auto_Liability_Basic
USR_074814,Premium_Health_Life
USR_074815,Basic_Health
USR_074816,Health_Dental_Vision
USR_074817,Basic_Health
USR_074818,Basic_Health
USR_074819,Basic_Health
USR_074820,Basic_Health
USR_074821,Basic_Health
USR_074822,Health_Dental_Vision
USR_074823,Family_Comprehensive
USR_074824,Basic_Health
USR_074825,Basic_Health
USR_074826,Basic_Health
USR_074827,Health_Dental_Vision
USR_074828,Basic_Health
USR_074829,Health_Dental_Vision
USR_074830,Health_Dental_Vision
USR_074831,Basic_Health
USR_074832,Health_Dental_Vision
USR_074833,Health_Dental_Vision
USR_074834,Health_Dental_Vision
USR_074835,Basic_Health
USR_074836,Basic_Health
USR_074837,Basic_Health
USR_074838,Basic_Health
USR_074839,Health_Dental_Vision
USR_074840,Home_Standard
USR_074841,Basic_Health
USR_074842,Basic_Health
USR_074843,Basic_Health
USR_074844,Basic_Health
USR_074845,Health_Dental_Vision
USR_074846,Basic_Health
USR_074847,Basic_Health
USR_074848,Basic_Health
USR_074849,Basic_Health
USR_074850,Basic_Health
USR_074851,Premium_Health_Life
USR_074852,Basic_Health
USR_074853,Basic_Health
USR_074854,Health_Dental_Vision
USR_074855,Basic_Health
USR_074856,Basic_Health
USR_074857,Basic_Health
USR_074858,Auto_Liability_Basic
USR_074859,Basic_Health
USR_074860,Basic_Health
USR_074861,Home_Premium
USR_074862,Basic_Health
USR_074863,Basic_Health
USR_074864,Basic_Health
USR_074865,Basic_Health
USR_074866,Basic_Health
USR_074867,Basic_Health
USR_074868,Basic_Health
USR_074869,Basic_Health
USR_074870,Basic_Health
USR_074871,Basic_Health
USR_074872,Health_Dental_Vision
USR_074873,Basic_Health
USR_074874,Basic_Health
USR_074875,Basic_Health
USR_074876,Basic_Health
USR_074877,Health_Dental_Vision
USR_074878,Basic_Health
USR_074879,Family_Comprehensive
USR_074880,Basic_Health
USR_074881,Health_Dental_Vision
USR_074882,Basic_Health
USR_074883,Basic_Health
USR_074884,Health_Dental_Vision
USR_074885,Basic_Health
USR_074886,Basic_Health
USR_074887,Basic_Health
USR_074888,Basic_Health
USR_074889,Basic_Health
USR_074890,Basic_Health
USR_074891,Basic_Health
USR_074892,Basic_Health
USR_074893,Basic_Health
USR_074894,Basic_Health
USR_074895,Basic_Health
USR_074896,Basic_Health
USR_074897,Basic_Health
USR_074898,Basic_Health
USR_074899,Basic_Health
USR_074900,Basic_Health
USR_074901,Basic_Health
USR_074902,Family_Comprehensive
USR_074903,Family_Comprehensive
USR_074904,Basic_Health
USR_074905,Basic_Health
USR_074906,Basic_Health
USR_074907,Health_Dental_Vision
USR_074908,Basic_Health
USR_074909,Auto_Liability_Basic
USR_074910,Basic_Health
USR_074911,Home_Standard
USR_074912,Home_Standard
USR_074913,Basic_Health
USR_074914,Basic_Health
USR_074915,Basic_Health
USR_074916,Health_Dental_Vision
USR_074917,Basic_Health
USR_074918,Basic_Health
USR_074919,Basic_Health
USR_074920,Basic_Health
USR_074921,Basic_Health
USR_074922,Basic_Health
USR_074923,Basic_Health
USR_074924,Health_Dental_Vision
USR_074925,Basic_Health
USR_074926,Health_Dental_Vision
USR_074927,Basic_Health
USR_074928,Basic_Health
USR_074929,Basic_Health
USR_074930,Basic_Health
USR_074931,Basic_Health
USR_074932,Family_Comprehensive
USR_074933,Basic_Health
USR_074934,Basic_Health
USR_074935,Health_Dental_Vision
USR_074936,Basic_Health
USR_074937,Basic_Health
USR_074938,Health_Dental_Vision
USR_074939,Family_Comprehensive
USR_074940,Basic_Health
USR_074941,Basic_Health
USR_074942,Basic_Health
USR_074943,Basic_Health
USR_074944,Family_Comprehensive
USR_074945,Basic_Health
USR_074946,Basic_Health
USR_074947,Health_Dental_Vision
USR_074948,Health_Dental_Vision
USR_074949,Family_Comprehensive
USR_074950,Basic_Health
USR_074951,Family_Comprehensive
USR_074952,Basic_Health
USR_074953,Basic_Health
USR_074954,Basic_Health
USR_074955,Auto_Liability_Basic
USR_074956,Auto_Comprehensive
USR_074957,Basic_Health
USR_074958,Basic_Health
USR_074959,Basic_Health
USR_074960,Basic_Health
USR_074961,Basic_Health
USR_074962,Basic_Health
USR_074963,Basic_Health
USR_074964,Basic_Health
USR_074965,Basic_Health
USR_074966,Auto_Liability_Basic
USR_074967,Basic_Health
USR_074968,Basic_Health
USR_074969,Family_Comprehensive
USR_074970,Basic_Health
USR_074971,Health_Dental_Vision
USR_074972,Basic_Health
USR_074973,Basic_Health
USR_074974,Basic_Health
USR_074975,Health_Dental_Vision
USR_074976,Basic_Health
USR_074977,Basic_Health
USR_074978,Health_Dental_Vision
USR_074979,Basic_Health
USR_074980,Basic_Health
USR_074981,Basic_Health
USR_074982,Basic_Health
USR_074983,Basic_Health
USR_074984,Basic_Health
USR_074985,Basic_Health
USR_074986,Basic_Health
USR_074987,Basic_Health
USR_074988,Family_Comprehensive
USR_074989,Basic_Health
USR_074990,Basic_Health
USR_074991,Basic_Health
USR_074992,Basic_Health
USR_074993,Health_Dental_Vision
USR_074994,Basic_Health
USR_074995,Health_Dental_Vision
USR_074996,Basic_Health
USR_074997,Basic_Health
USR_074998,Basic_Health
USR_074999,Family_Comprehensive
USR_075000,Basic_Health
USR_075001,Basic_Health
USR_075002,Health_Dental_Vision
USR_075003,Basic_Health
USR_075004,Basic_Health
USR_075005,Basic_Health
USR_075006,Basic_Health
USR_075007,Basic_Health
USR_075008,Health_Dental_Vision
USR_075009,Family_Comprehensive
USR_075010,Basic_Health
USR_075011,Family_Comprehensive
USR_075012,Basic_Health
USR_075013,Auto_Liability_Basic
USR_075014,Family_Comprehensive
USR_075015,Basic_Health
USR_075016,Basic_Health
USR_075017,Basic_Health
USR_075018,Health_Dental_Vision
USR_075019,Basic_Health
USR_075020,Basic_Health
USR_075021,Basic_Health
USR_075022,Basic_Health
USR_075023,Basic_Health
USR_075024,Basic_Health
USR_075025,Health_Dental_Vision
USR_075026,Basic_Health
USR_075027,Basic_Health
USR_075028,Basic_Health
USR_075029,Basic_Health
USR_075030,Home_Premium
USR_075031,Basic_Health
USR_075032,Basic_Health
USR_075033,Basic_Health
USR_075034,Family_Comprehensive
USR_075035,Health_Dental_Vision
USR_075036,Basic_Health
USR_075037,Basic_Health
USR_075038,Basic_Health
USR_075039,Basic_Health
USR_075040,Basic_Health
USR_075041,Basic_Health
USR_075042,Health_Dental_Vision
USR_075043,Health_Dental_Vision
USR_075044,Basic_Health
USR_075045,Basic_Health
USR_075046,Basic_Health
USR_075047,Basic_Health
USR_075048,Health_Dental_Vision
USR_075049,Basic_Health
USR_075050,Health_Dental_Vision
USR_075051,Health_Dental_Vision
USR_075052,Health_Dental_Vision
USR_075053,Basic_Health
USR_075054,Basic_Health
USR_075055,Home_Premium
USR_075056,Basic_Health
USR_075057,Basic_Health
USR_075058,Basic_Health
USR_075059,Health_Dental_Vision
USR_075060,Basic_Health
USR_075061,Basic_Health
USR_075062,Basic_Health
USR_075063,Basic_Health
USR_075064,Basic_Health
USR_075065,Basic_Health
USR_075066,Basic_Health
USR_075067,Basic_Health
USR_075068,Premium_Health_Life
USR_075069,Basic_Health
USR_075070,Health_Dental_Vision
USR_075071,Family_Comprehensive
USR_075072,Basic_Health
USR_075073,Basic_Health
USR_075074,Health_Dental_Vision
USR_075075,Basic_Health
USR_075076,Basic_Health
USR_075077,Basic_Health
USR_075078,Health_Dental_Vision
USR_075079,Basic_Health
USR_075080,Basic_Health
USR_075081,Basic_Health
USR_075082,Basic_Health
USR_075083,Basic_Health
USR_075084,Basic_Health
USR_075085,Basic_Health
USR_075086,Health_Dental_Vision
USR_075087,Basic_Health
USR_075088,Family_Comprehensive
USR_075089,Family_Comprehensive
USR_075090,Basic_Health
USR_075091,Auto_Liability_Basic
USR_075092,Family_Comprehensive
USR_075093,Basic_Health
USR_075094,Health_Dental_Vision
USR_075095,Basic_Health
USR_075096,Basic_Health
USR_075097,Health_Dental_Vision
USR_075098,Basic_Health
USR_075099,Basic_Health
USR_075100,Basic_Health
USR_075101,Basic_Health
USR_075102,Health_Dental_Vision
USR_075103,Basic_Health
USR_075104,Basic_Health
USR_075105,Basic_Health
USR_075106,Home_Premium
USR_075107,Basic_Health
USR_075108,Auto_Liability_Basic
USR_075109,Family_Comprehensive
USR_075110,Family_Comprehensive
USR_075111,Basic_Health
USR_075112,Health_Dental_Vision
USR_075113,Basic_Health
USR_075114,Basic_Health
USR_075115,Basic_Health
USR_075116,Auto_Liability_Basic
USR_075117,Health_Dental_Vision
USR_075118,Basic_Health
USR_075119,Family_Comprehensive
USR_075120,Basic_Health
USR_075121,Basic_Health
USR_075122,Basic_Health
USR_075123,Basic_Health
USR_075124,Basic_Health
USR_075125,Basic_Health
USR_075126,Family_Comprehensive
USR_075127,Health_Dental_Vision
USR_075128,Basic_Health
USR_075129,Basic_Health
USR_075130,Basic_Health
USR_075131,Basic_Health
USR_075132,Basic_Health
USR_075133,Auto_Liability_Basic
USR_075134,Health_Dental_Vision
USR_075135,Basic_Health
USR_075136,Basic_Health
USR_075137,Family_Comprehensive
USR_075138,Basic_Health
USR_075139,Basic_Health
USR_075140,Basic_Health
USR_075141,Basic_Health
USR_075142,Health_Dental_Vision
USR_075143,Basic_Health
USR_075144,Basic_Health
USR_075145,Basic_Health
USR_075146,Health_Dental_Vision
USR_075147,Basic_Health
USR_075148,Basic_Health
USR_075149,Health_Dental_Vision
USR_075150,Basic_Health
USR_075151,Basic_Health
USR_075152,Basic_Health
USR_075153,Basic_Health
USR_075154,Premium_Health_Life
USR_075155,Basic_Health
USR_075156,Family_Comprehensive
USR_075157,Health_Dental_Vision
USR_075158,Basic_Health
USR_075159,Basic_Health
USR_075160,Health_Dental_Vision
USR_075161,Basic_Health
USR_075162,Basic_Health
USR_075163,Basic_Health
USR_075164,Health_Dental_Vision
USR_075165,Health_Dental_Vision
USR_075166,Basic_Health
USR_075167,Family_Comprehensive
USR_075168,Health_Dental_Vision
USR_075169,Family_Comprehensive
USR_075170,Basic_Health
USR_075171,Basic_Health
USR_075172,Auto_Liability_Basic
USR_075173,Basic_Health
USR_075174,Basic_Health
USR_075175,Health_Dental_Vision
USR_075176,Basic_Health
USR_075177,Basic_Health
USR_075178,Basic_Health
USR_075179,Auto_Liability_Basic
USR_075180,Health_Dental_Vision
USR_075181,Basic_Health
USR_075182,Basic_Health
USR_075183,Basic_Health
USR_075184,Basic_Health
USR_075185,Basic_Health
USR_075186,Basic_Health
USR_075187,Basic_Health
USR_075188,Basic_Health
USR_075189,Basic_Health
USR_075190,Basic_Health
USR_075191,Basic_Health
USR_075192,Auto_Liability_Basic
USR_075193,Basic_Health
USR_075194,Basic_Health
USR_075195,Basic_Health
USR_075196,Basic_Health
USR_075197,Family_Comprehensive
USR_075198,Basic_Health
USR_075199,Basic_Health
USR_075200,Basic_Health
USR_075201,Health_Dental_Vision
USR_075202,Basic_Health
USR_075203,Basic_Health
USR_075204,Home_Standard
USR_075205,Basic_Health
USR_075206,Basic_Health
USR_075207,Basic_Health
USR_075208,Health_Dental_Vision
USR_075209,Basic_Health
USR_075210,Basic_Health
USR_075211,Auto_Liability_Basic
USR_075212,Basic_Health
USR_075213,Basic_Health
USR_075214,Premium_Health_Life
USR_075215,Basic_Health
USR_075216,Basic_Health
USR_075217,Auto_Liability_Basic
USR_075218,Basic_Health
USR_075219,Health_Dental_Vision
USR_075220,Basic_Health
USR_075221,Basic_Health
USR_075222,Basic_Health
USR_075223,Health_Dental_Vision
USR_075224,Basic_Health
USR_075225,Basic_Health
USR_075226,Basic_Health
USR_075227,Basic_Health
USR_075228,Basic_Health
USR_075229,Family_Comprehensive
USR_075230,Health_Dental_Vision
USR_075231,Health_Dental_Vision
USR_075232,Health_Dental_Vision
USR_075233,Basic_Health
USR_075234,Family_Comprehensive
USR_075235,Basic_Health
USR_075236,Basic_Health
USR_075237,Basic_Health
USR_075238,Basic_Health
USR_075239,Basic_Health
USR_075240,Basic_Health
USR_075241,Auto_Liability_Basic
USR_075242,Basic_Health
USR_075243,Basic_Health
USR_075244,Basic_Health
USR_075245,Family_Comprehensive
USR_075246,Basic_Health
USR_075247,Basic_Health
USR_075248,Basic_Health
USR_075249,Basic_Health
USR_075250,Health_Dental_Vision
USR_075251,Basic_Health
USR_075252,Auto_Liability_Basic
USR_075253,Health_Dental_Vision
USR_075254,Basic_Health
USR_075255,Basic_Health
USR_075256,Basic_Health
USR_075257,Basic_Health
USR_075258,Health_Dental_Vision
USR_075259,Basic_Health
USR_075260,Basic_Health
USR_075261,Basic_Health
USR_075262,Health_Dental_Vision
USR_075263,Basic_Health
USR_075264,Basic_Health
USR_075265,Home_Standard
USR_075266,Family_Comprehensive
USR_075267,Basic_Health
USR_075268,Basic_Health
USR_075269,Family_Comprehensive
USR_075270,Basic_Health
USR_075271,Basic_Health
USR_075272,Health_Dental_Vision
USR_075273,Basic_Health
USR_075274,Basic_Health
USR_075275,Basic_Health
USR_075276,Health_Dental_Vision
USR_075277,Basic_Health
USR_075278,Basic_Health
USR_075279,Health_Dental_Vision
USR_075280,Basic_Health
USR_075281,Family_Comprehensive
USR_075282,Basic_Health
USR_075283,Basic_Health
USR_075284,Basic_Health
USR_075285,Family_Comprehensive
USR_075286,Basic_Health
USR_075287,Basic_Health
USR_075288,Basic_Health
USR_075289,Basic_Health
USR_075290,Health_Dental_Vision
USR_075291,Basic_Health
USR_075292,Basic_Health
USR_075293,Basic_Health
USR_075294,Basic_Health
USR_075295,Family_Comprehensive
USR_075296,Health_Dental_Vision
USR_075297,Basic_Health
USR_075298,Health_Dental_Vision
USR_075299,Health_Dental_Vision
USR_075300,Basic_Health
USR_075301,Basic_Health
USR_075302,Basic_Health
USR_075303,Health_Dental_Vision
USR_075304,Health_Dental_Vision
USR_075305,Basic_Health
USR_075306,Health_Dental_Vision
USR_075307,Auto_Liability_Basic
USR_075308,Basic_Health
USR_075309,Basic_Health
USR_075310,Basic_Health
USR_075311,Basic_Health
USR_075312,Basic_Health
USR_075313,Basic_Health
USR_075314,Basic_Health
USR_075315,Health_Dental_Vision
USR_075316,Basic_Health
USR_075317,Auto_Liability_Basic
USR_075318,Basic_Health
USR_075319,Basic_Health
USR_075320,Basic_Health
USR_075321,Basic_Health
USR_075322,Basic_Health
USR_075323,Basic_Health
USR_075324,Health_Dental_Vision
USR_075325,Basic_Health
USR_075326,Basic_Health
USR_075327,Health_Dental_Vision
USR_075328,Basic_Health
USR_075329,Auto_Liability_Basic
USR_075330,Basic_Health
USR_075331,Basic_Health
USR_075332,Family_Comprehensive
USR_075333,Home_Premium
USR_075334,Auto_Liability_Basic
USR_075335,Auto_Liability_Basic
USR_075336,Basic_Health
USR_075337,Basic_Health
USR_075338,Basic_Health
USR_075339,Health_Dental_Vision
USR_075340,Basic_Health
USR_075341,Basic_Health
USR_075342,Basic_Health
USR_075343,Basic_Health
USR_075344,Basic_Health
USR_075345,Basic_Health
USR_075346,Health_Dental_Vision
USR_075347,Basic_Health
USR_075348,Health_Dental_Vision
USR_075349,Health_Dental_Vision
USR_075350,Basic_Health
USR_075351,Basic_Health
USR_075352,Health_Dental_Vision
USR_075353,Health_Dental_Vision
USR_075354,Basic_Health
USR_075355,Home_Premium
USR_075356,Health_Dental_Vision
USR_075357,Basic_Health
USR_075358,Basic_Health
USR_075359,Health_Dental_Vision
USR_075360,Basic_Health
USR_075361,Basic_Health
USR_075362,Health_Dental_Vision
USR_075363,Basic_Health
USR_075364,Auto_Liability_Basic
USR_075365,Premium_Health_Life
USR_075366,Basic_Health
USR_075367,Auto_Comprehensive
USR_075368,Auto_Liability_Basic
USR_075369,Basic_Health
USR_075370,Basic_Health
USR_075371,Health_Dental_Vision
USR_075372,Basic_Health
USR_075373,Basic_Health
USR_075374,Basic_Health
USR_075375,Basic_Health
USR_075376,Health_Dental_Vision
USR_075377,Basic_Health
USR_075378,Basic_Health
USR_075379,Basic_Health
USR_075380,Family_Comprehensive
USR_075381,Basic_Health
USR_075382,Health_Dental_Vision
USR_075383,Basic_Health
USR_075384,Basic_Health
USR_075385,Family_Comprehensive
USR_075386,Health_Dental_Vision
USR_075387,Basic_Health
USR_075388,Basic_Health
USR_075389,Family_Comprehensive
USR_075390,Home_Standard
USR_075391,Basic_Health
USR_075392,Basic_Health
USR_075393,Basic_Health
USR_075394,Basic_Health
USR_075395,Basic_Health
USR_075396,Basic_Health
USR_075397,Basic_Health
USR_075398,Basic_Health
USR_075399,Family_Comprehensive
USR_075400,Basic_Health
USR_075401,Health_Dental_Vision
USR_075402,Basic_Health
USR_075403,Basic_Health
USR_075404,Basic_Health
USR_075405,Basic_Health
USR_075406,Health_Dental_Vision
USR_075407,Basic_Health
USR_075408,Basic_Health
USR_075409,Auto_Liability_Basic
USR_075410,Basic_Health
USR_075411,Basic_Health
USR_075412,Health_Dental_Vision
USR_075413,Basic_Health
USR_075414,Basic_Health
USR_075415,Basic_Health
USR_075416,Basic_Health
USR_075417,Basic_Health
USR_075418,Basic_Health
USR_075419,Health_Dental_Vision
USR_075420,Basic_Health
USR_075421,Health_Dental_Vision
USR_075422,Auto_Liability_Basic
USR_075423,Basic_Health
USR_075424,Basic_Health
USR_075425,Basic_Health
USR_075426,Basic_Health
USR_075427,Health_Dental_Vision
USR_075428,Basic_Health
USR_075429,Basic_Health
USR_075430,Health_Dental_Vision
USR_075431,Basic_Health
USR_075432,Basic_Health
USR_075433,Basic_Health
USR_075434,Health_Dental_Vision
USR_075435,Basic_Health
USR_075436,Family_Comprehensive
USR_075437,Basic_Health
USR_075438,Auto_Liability_Basic
USR_075439,Basic_Health
USR_075440,Health_Dental_Vision
USR_075441,Basic_Health
USR_075442,Auto_Liability_Basic
USR_075443,Basic_Health
USR_075444,Basic_Health
USR_075445,Basic_Health
USR_075446,Basic_Health
USR_075447,Basic_Health
USR_075448,Basic_Health
USR_075449,Health_Dental_Vision
USR_075450,Basic_Health
USR_075451,Family_Comprehensive
USR_075452,Basic_Health
USR_075453,Basic_Health
USR_075454,Basic_Health
USR_075455,Basic_Health
USR_075456,Basic_Health
USR_075457,Basic_Health
USR_075458,Basic_Health
USR_075459,Auto_Liability_Basic
USR_075460,Basic_Health
USR_075461,Basic_Health
USR_075462,Basic_Health
USR_075463,Basic_Health
USR_075464,Basic_Health
USR_075465,Health_Dental_Vision
USR_075466,Basic_Health
USR_075467,Family_Comprehensive
USR_075468,Basic_Health
USR_075469,Basic_Health
USR_075470,Basic_Health
USR_075471,Health_Dental_Vision
USR_075472,Auto_Liability_Basic
USR_075473,Family_Comprehensive
USR_075474,Basic_Health
USR_075475,Basic_Health
USR_075476,Basic_Health
USR_075477,Family_Comprehensive
USR_075478,Basic_Health
USR_075479,Basic_Health
USR_075480,Basic_Health
USR_075481,Basic_Health
USR_075482,Basic_Health
USR_075483,Basic_Health
USR_075484,Basic_Health
USR_075485,Basic_Health
USR_075486,Basic_Health
USR_075487,Basic_Health
USR_075488,Basic_Health
USR_075489,Basic_Health
USR_075490,Health_Dental_Vision
USR_075491,Basic_Health
USR_075492,Basic_Health
USR_075493,Health_Dental_Vision
USR_075494,Basic_Health
USR_075495,Basic_Health
USR_075496,Home_Standard
USR_075497,Basic_Health
USR_075498,Basic_Health
USR_075499,Family_Comprehensive
USR_075500,Health_Dental_Vision
USR_075501,Basic_Health
USR_075502,Basic_Health
USR_075503,Basic_Health
USR_075504,Basic_Health
USR_075505,Basic_Health
USR_075506,Family_Comprehensive
USR_075507,Basic_Health
USR_075508,Basic_Health
USR_075509,Health_Dental_Vision
USR_075510,Basic_Health
USR_075511,Basic_Health
USR_075512,Basic_Health
USR_075513,Basic_Health
USR_075514,Basic_Health
USR_075515,Basic_Health
USR_075516,Basic_Health
USR_075517,Basic_Health
USR_075518,Basic_Health
USR_075519,Basic_Health
USR_075520,Basic_Health
USR_075521,Basic_Health
USR_075522,Premium_Health_Life
USR_075523,Auto_Liability_Basic
USR_075524,Basic_Health
USR_075525,Family_Comprehensive
USR_075526,Family_Comprehensive
USR_075527,Health_Dental_Vision
USR_075528,Family_Comprehensive
USR_075529,Basic_Health
USR_075530,Premium_Health_Life
USR_075531,Health_Dental_Vision
USR_075532,Family_Comprehensive
USR_075533,Health_Dental_Vision
USR_075534,Basic_Health
USR_075535,Basic_Health
USR_075536,Health_Dental_Vision
USR_075537,Basic_Health
USR_075538,Auto_Liability_Basic
USR_075539,Health_Dental_Vision
USR_075540,Basic_Health
USR_075541,Basic_Health
USR_075542,Premium_Health_Life
USR_075543,Basic_Health
USR_075544,Basic_Health
USR_075545,Basic_Health
USR_075546,Basic_Health
USR_075547,Health_Dental_Vision
USR_075548,Health_Dental_Vision
USR_075549,Health_Dental_Vision
USR_075550,Basic_Health
USR_075551,Family_Comprehensive
USR_075552,Basic_Health
USR_075553,Basic_Health
USR_075554,Auto_Liability_Basic
USR_075555,Basic_Health
USR_075556,Basic_Health
USR_075557,Auto_Liability_Basic
USR_075558,Auto_Liability_Basic
USR_075559,Basic_Health
USR_075560,Basic_Health
USR_075561,Basic_Health
USR_075562,Basic_Health
USR_075563,Health_Dental_Vision
USR_075564,Health_Dental_Vision
USR_075565,Basic_Health
USR_075566,Basic_Health
USR_075567,Basic_Health
USR_075568,Health_Dental_Vision
USR_075569,Basic_Health
USR_075570,Premium_Health_Life
USR_075571,Health_Dental_Vision
USR_075572,Basic_Health
USR_075573,Family_Comprehensive
USR_075574,Health_Dental_Vision
USR_075575,Family_Comprehensive
USR_075576,Basic_Health
USR_075577,Basic_Health
USR_075578,Basic_Health
USR_075579,Basic_Health
USR_075580,Basic_Health
USR_075581,Basic_Health
USR_075582,Health_Dental_Vision
USR_075583,Basic_Health
USR_075584,Basic_Health
USR_075585,Basic_Health
USR_075586,Basic_Health
USR_075587,Health_Dental_Vision
USR_075588,Basic_Health
USR_075589,Basic_Health
USR_075590,Basic_Health
USR_075591,Basic_Health
USR_075592,Basic_Health
USR_075593,Health_Dental_Vision
USR_075594,Basic_Health
USR_075595,Basic_Health
USR_075596,Basic_Health
USR_075597,Auto_Liability_Basic
USR_075598,Basic_Health
USR_075599,Basic_Health
USR_075600,Health_Dental_Vision
USR_075601,Health_Dental_Vision
USR_075602,Health_Dental_Vision
USR_075603,Basic_Health
USR_075604,Basic_Health
USR_075605,Health_Dental_Vision
USR_075606,Premium_Health_Life
USR_075607,Basic_Health
USR_075608,Health_Dental_Vision
USR_075609,Family_Comprehensive
USR_075610,Basic_Health
USR_075611,Basic_Health
USR_075612,Basic_Health
USR_075613,Basic_Health
USR_075614,Basic_Health
USR_075615,Health_Dental_Vision
USR_075616,Health_Dental_Vision
USR_075617,Basic_Health
USR_075618,Basic_Health
USR_075619,Basic_Health
USR_075620,Basic_Health
USR_075621,Basic_Health
USR_075622,Basic_Health
USR_075623,Basic_Health
USR_075624,Basic_Health
USR_075625,Basic_Health
USR_075626,Auto_Liability_Basic
USR_075627,Basic_Health
USR_075628,Health_Dental_Vision
USR_075629,Basic_Health
USR_075630,Basic_Health
USR_075631,Basic_Health
USR_075632,Basic_Health
USR_075633,Health_Dental_Vision
USR_075634,Family_Comprehensive
USR_075635,Basic_Health
USR_075636,Basic_Health
USR_075637,Basic_Health
USR_075638,Basic_Health
USR_075639,Health_Dental_Vision
USR_075640,Basic_Health
USR_075641,Basic_Health
USR_075642,Basic_Health
USR_075643,Basic_Health
USR_075644,Auto_Liability_Basic
USR_075645,Basic_Health
USR_075646,Basic_Health
USR_075647,Basic_Health
USR_075648,Health_Dental_Vision
USR_075649,Premium_Health_Life
USR_075650,Basic_Health
USR_075651,Basic_Health
USR_075652,Basic_Health
USR_075653,Basic_Health
USR_075654,Basic_Health
USR_075655,Health_Dental_Vision
USR_075656,Basic_Health
USR_075657,Basic_Health
USR_075658,Basic_Health
USR_075659,Family_Comprehensive
USR_075660,Auto_Liability_Basic
USR_075661,Auto_Liability_Basic
USR_075662,Basic_Health
USR_075663,Home_Standard
USR_075664,Health_Dental_Vision
USR_075665,Basic_Health
USR_075666,Basic_Health
USR_075667,Basic_Health
USR_075668,Basic_Health
USR_075669,Family_Comprehensive
USR_075670,Health_Dental_Vision
USR_075671,Basic_Health
USR_075672,Auto_Liability_Basic
USR_075673,Health_Dental_Vision
USR_075674,Health_Dental_Vision
USR_075675,Health_Dental_Vision
USR_075676,Basic_Health
USR_075677,Family_Comprehensive
USR_075678,Basic_Health
USR_075679,Basic_Health
USR_075680,Health_Dental_Vision
USR_075681,Basic_Health
USR_075682,Premium_Health_Life
USR_075683,Auto_Liability_Basic
USR_075684,Basic_Health
USR_075685,Basic_Health
USR_075686,Auto_Liability_Basic
USR_075687,Basic_Health
USR_075688,Basic_Health
USR_075689,Health_Dental_Vision
USR_075690,Basic_Health
USR_075691,Basic_Health
USR_075692,Basic_Health
USR_075693,Basic_Health
USR_075694,Basic_Health
USR_075695,Family_Comprehensive
USR_075696,Basic_Health
USR_075697,Basic_Health
USR_075698,Health_Dental_Vision
USR_075699,Basic_Health
USR_075700,Basic_Health
USR_075701,Family_Comprehensive
USR_075702,Basic_Health
USR_075703,Basic_Health
USR_075704,Basic_Health
USR_075705,Basic_Health
USR_075706,Basic_Health
USR_075707,Family_Comprehensive
USR_075708,Basic_Health
USR_075709,Basic_Health
USR_075710,Basic_Health
USR_075711,Basic_Health
USR_075712,Family_Comprehensive
USR_075713,Health_Dental_Vision
USR_075714,Basic_Health
USR_075715,Basic_Health
USR_075716,Basic_Health
USR_075717,Basic_Health
USR_075718,Basic_Health
USR_075719,Basic_Health
USR_075720,Basic_Health
USR_075721,Basic_Health
USR_075722,Basic_Health
USR_075723,Basic_Health
USR_075724,Basic_Health
USR_075725,Basic_Health
USR_075726,Basic_Health
USR_075727,Basic_Health
USR_075728,Basic_Health
USR_075729,Family_Comprehensive
USR_075730,Basic_Health
USR_075731,Auto_Liability_Basic
USR_075732,Basic_Health
USR_075733,Health_Dental_Vision
USR_075734,Health_Dental_Vision
USR_075735,Basic_Health
USR_075736,Basic_Health
USR_075737,Home_Premium
USR_075738,Basic_Health
USR_075739,Basic_Health
USR_075740,Health_Dental_Vision
USR_075741,Basic_Health
USR_075742,Auto_Liability_Basic
USR_075743,Basic_Health
USR_075744,Basic_Health
USR_075745,Basic_Health
USR_075746,Basic_Health
USR_075747,Health_Dental_Vision
USR_075748,Basic_Health
USR_075749,Basic_Health
USR_075750,Basic_Health
USR_075751,Basic_Health
USR_075752,Health_Dental_Vision
USR_075753,Health_Dental_Vision
USR_075754,Basic_Health
USR_075755,Premium_Health_Life
USR_075756,Health_Dental_Vision
USR_075757,Basic_Health
USR_075758,Auto_Liability_Basic
USR_075759,Basic_Health
USR_075760,Basic_Health
USR_075761,Health_Dental_Vision
USR_075762,Basic_Health
USR_075763,Basic_Health
USR_075764,Basic_Health
USR_075765,Basic_Health
USR_075766,Basic_Health
USR_075767,Basic_Health
USR_075768,Basic_Health
USR_075769,Health_Dental_Vision
USR_075770,Health_Dental_Vision
USR_075771,Basic_Health
USR_075772,Basic_Health
USR_075773,Basic_Health
USR_075774,Basic_Health
USR_075775,Home_Premium
USR_075776,Basic_Health
USR_075777,Basic_Health
USR_075778,Basic_Health
USR_075779,Health_Dental_Vision
USR_075780,Health_Dental_Vision
USR_075781,Auto_Liability_Basic
USR_075782,Basic_Health
USR_075783,Basic_Health
USR_075784,Basic_Health
USR_075785,Health_Dental_Vision
USR_075786,Basic_Health
USR_075787,Health_Dental_Vision
USR_075788,Basic_Health
USR_075789,Basic_Health
USR_075790,Basic_Health
USR_075791,Basic_Health
USR_075792,Basic_Health
USR_075793,Basic_Health
USR_075794,Basic_Health
USR_075795,Basic_Health
USR_075796,Basic_Health
USR_075797,Basic_Health
USR_075798,Basic_Health
USR_075799,Family_Comprehensive
USR_075800,Basic_Health
USR_075801,Basic_Health
USR_075802,Health_Dental_Vision
USR_075803,Basic_Health
USR_075804,Basic_Health
USR_075805,Basic_Health
USR_075806,Basic_Health
USR_075807,Basic_Health
USR_075808,Basic_Health
USR_075809,Basic_Health
USR_075810,Basic_Health
USR_075811,Basic_Health
USR_075812,Basic_Health
USR_075813,Basic_Health
USR_075814,Basic_Health
USR_075815,Basic_Health
USR_075816,Health_Dental_Vision
USR_075817,Basic_Health
USR_075818,Basic_Health
USR_075819,Basic_Health
USR_075820,Health_Dental_Vision
USR_075821,Health_Dental_Vision
USR_075822,Basic_Health
USR_075823,Family_Comprehensive
USR_075824,Basic_Health
USR_075825,Basic_Health
USR_075826,Basic_Health
USR_075827,Basic_Health
USR_075828,Basic_Health
USR_075829,Basic_Health
USR_075830,Home_Standard
USR_075831,Basic_Health
USR_075832,Basic_Health
USR_075833,Basic_Health
USR_075834,Basic_Health
USR_075835,Auto_Liability_Basic
USR_075836,Basic_Health
USR_075837,Health_Dental_Vision
USR_075838,Family_Comprehensive
USR_075839,Family_Comprehensive
USR_075840,Basic_Health
USR_075841,Basic_Health
USR_075842,Basic_Health
USR_075843,Basic_Health
USR_075844,Family_Comprehensive
USR_075845,Basic_Health
USR_075846,Basic_Health
USR_075847,Auto_Liability_Basic
USR_075848,Basic_Health
USR_075849,Basic_Health
USR_075850,Health_Dental_Vision
USR_075851,Basic_Health
USR_075852,Family_Comprehensive
USR_075853,Basic_Health
USR_075854,Health_Dental_Vision
USR_075855,Basic_Health
USR_075856,Basic_Health
USR_075857,Basic_Health
USR_075858,Basic_Health
USR_075859,Basic_Health
USR_075860,Basic_Health
USR_075861,Basic_Health
USR_075862,Basic_Health
USR_075863,Family_Comprehensive
USR_075864,Basic_Health
USR_075865,Health_Dental_Vision
USR_075866,Basic_Health
USR_075867,Basic_Health
USR_075868,Family_Comprehensive
USR_075869,Basic_Health
USR_075870,Basic_Health
USR_075871,Basic_Health
USR_075872,Family_Comprehensive
USR_075873,Family_Comprehensive
USR_075874,Basic_Health
USR_075875,Auto_Liability_Basic
USR_075876,Health_Dental_Vision
USR_075877,Home_Standard
USR_075878,Family_Comprehensive
USR_075879,Basic_Health
USR_075880,Basic_Health
USR_075881,Basic_Health
USR_075882,Basic_Health
USR_075883,Basic_Health
USR_075884,Basic_Health
USR_075885,Basic_Health
USR_075886,Basic_Health
USR_075887,Basic_Health
USR_075888,Auto_Liability_Basic
USR_075889,Basic_Health
USR_075890,Basic_Health
USR_075891,Basic_Health
USR_075892,Health_Dental_Vision
USR_075893,Basic_Health
USR_075894,Basic_Health
USR_075895,Basic_Health
USR_075896,Basic_Health
USR_075897,Basic_Health
USR_075898,Basic_Health
USR_075899,Basic_Health
USR_075900,Health_Dental_Vision
USR_075901,Basic_Health
USR_075902,Family_Comprehensive
USR_075903,Basic_Health
USR_075904,Basic_Health
USR_075905,Basic_Health
USR_075906,Basic_Health
USR_075907,Family_Comprehensive
USR_075908,Basic_Health
USR_075909,Basic_Health
USR_075910,Basic_Health
USR_075911,Basic_Health
USR_075912,Basic_Health
USR_075913,Basic_Health
USR_075914,Basic_Health
USR_075915,Family_Comprehensive
USR_075916,Basic_Health
USR_075917,Auto_Liability_Basic
USR_075918,Basic_Health
USR_075919,Auto_Liability_Basic
USR_075920,Basic_Health
USR_075921,Basic_Health
USR_075922,Basic_Health
USR_075923,Health_Dental_Vision
USR_075924,Basic_Health
USR_075925,Health_Dental_Vision
USR_075926,Health_Dental_Vision
USR_075927,Basic_Health
USR_075928,Basic_Health
USR_075929,Basic_Health
USR_075930,Basic_Health
USR_075931,Health_Dental_Vision
USR_075932,Basic_Health
USR_075933,Basic_Health
USR_075934,Basic_Health
USR_075935,Basic_Health
USR_075936,Basic_Health
USR_075937,Health_Dental_Vision
USR_075938,Health_Dental_Vision
USR_075939,Basic_Health
USR_075940,Basic_Health
USR_075941,Basic_Health
USR_075942,Basic_Health
USR_075943,Basic_Health
USR_075944,Basic_Health
USR_075945,Basic_Health
USR_075946,Auto_Liability_Basic
USR_075947,Health_Dental_Vision
USR_075948,Family_Comprehensive
USR_075949,Basic_Health
USR_075950,Basic_Health
USR_075951,Health_Dental_Vision
USR_075952,Basic_Health
USR_075953,Health_Dental_Vision
USR_075954,Basic_Health
USR_075955,Health_Dental_Vision
USR_075956,Basic_Health
USR_075957,Health_Dental_Vision
USR_075958,Basic_Health
USR_075959,Family_Comprehensive
USR_075960,Basic_Health
USR_075961,Basic_Health
USR_075962,Basic_Health
USR_075963,Basic_Health
USR_075964,Auto_Liability_Basic
USR_075965,Basic_Health
USR_075966,Family_Comprehensive
USR_075967,Basic_Health
USR_075968,Basic_Health
USR_075969,Basic_Health
USR_075970,Basic_Health
USR_075971,Basic_Health
USR_075972,Basic_Health
USR_075973,Basic_Health
USR_075974,Health_Dental_Vision
USR_075975,Basic_Health
USR_075976,Basic_Health
USR_075977,Health_Dental_Vision
USR_075978,Health_Dental_Vision
USR_075979,Basic_Health
USR_075980,Health_Dental_Vision
USR_075981,Family_Comprehensive
USR_075982,Basic_Health
USR_075983,Basic_Health
USR_075984,Basic_Health
USR_075985,Basic_Health
USR_075986,Basic_Health
USR_075987,Basic_Health
USR_075988,Basic_Health
USR_075989,Basic_Health
USR_075990,Basic_Health
USR_075991,Auto_Liability_Basic
USR_075992,Basic_Health
USR_075993,Basic_Health
USR_075994,Family_Comprehensive
USR_075995,Premium_Health_Life
USR_075996,Basic_Health
USR_075997,Basic_Health
USR_075998,Basic_Health
USR_075999,Basic_Health
USR_076000,Basic_Health
USR_076001,Basic_Health
USR_076002,Basic_Health
USR_076003,Basic_Health
USR_076004,Basic_Health
USR_076005,Basic_Health
USR_076006,Auto_Liability_Basic
USR_076007,Health_Dental_Vision
USR_076008,Basic_Health
USR_076009,Basic_Health
USR_076010,Basic_Health
USR_076011,Basic_Health
USR_076012,Basic_Health
USR_076013,Basic_Health
USR_076014,Basic_Health
USR_076015,Basic_Health
USR_076016,Health_Dental_Vision
USR_076017,Basic_Health
USR_076018,Basic_Health
USR_076019,Basic_Health
USR_076020,Basic_Health
USR_076021,Basic_Health
USR_076022,Basic_Health
USR_076023,Basic_Health
USR_076024,Auto_Liability_Basic
USR_076025,Basic_Health
USR_076026,Basic_Health
USR_076027,Auto_Liability_Basic
USR_076028,Basic_Health
USR_076029,Basic_Health
USR_076030,Health_Dental_Vision
USR_076031,Basic_Health
USR_076032,Basic_Health
USR_076033,Basic_Health
USR_076034,Basic_Health
USR_076035,Basic_Health
USR_076036,Basic_Health
USR_076037,Health_Dental_Vision
USR_076038,Basic_Health
USR_076039,Auto_Liability_Basic
USR_076040,Basic_Health
USR_076041,Basic_Health
USR_076042,Basic_Health
USR_076043,Basic_Health
USR_076044,Basic_Health
USR_076045,Health_Dental_Vision
USR_076046,Basic_Health
USR_076047,Basic_Health
USR_076048,Basic_Health
USR_076049,Auto_Liability_Basic
USR_076050,Basic_Health
USR_076051,Family_Comprehensive
USR_076052,Health_Dental_Vision
USR_076053,Family_Comprehensive
USR_076054,Basic_Health
USR_076055,Basic_Health
USR_076056,Basic_Health
USR_076057,Basic_Health
USR_076058,Basic_Health
USR_076059,Basic_Health
USR_076060,Basic_Health
USR_076061,Basic_Health
USR_076062,Basic_Health
USR_076063,Family_Comprehensive
USR_076064,Auto_Liability_Basic
USR_076065,Basic_Health
USR_076066,Basic_Health
USR_076067,Home_Standard
USR_076068,Basic_Health
USR_076069,Basic_Health
USR_076070,Health_Dental_Vision
USR_076071,Auto_Comprehensive
USR_076072,Basic_Health
USR_076073,Basic_Health
USR_076074,Basic_Health
USR_076075,Basic_Health
USR_076076,Family_Comprehensive
USR_076077,Basic_Health
USR_076078,Basic_Health
USR_076079,Basic_Health
USR_076080,Health_Dental_Vision
USR_076081,Health_Dental_Vision
USR_076082,Basic_Health
USR_076083,Health_Dental_Vision
USR_076084,Basic_Health
USR_076085,Basic_Health
